STATION_ID,DURATION,SENSOR_NUMBER,SENSOR_TYPE,DATE TIME,OBS DATE,VALUE,DATA_FLAG,UNITS
FOL,D,76,INFLOW,19900101 0000,19900101 0000,1240, ,CFS
FOL,D,76,INFLOW,19900102 0000,19900102 0000,1370, ,CFS
FOL,D,76,INFLOW,19900103 0000,19900103 0000,1253, ,CFS
FOL,D,76,INFLOW,19900104 0000,19900104 0000,1808, ,CFS
FOL,D,76,INFLOW,19900105 0000,19900105 0000,1044, ,CFS
FOL,D,76,INFLOW,19900106 0000,19900106 0000,1170, ,CFS
FOL,D,76,INFLOW,19900107 0000,19900107 0000,1730, ,CFS
FOL,D,76,INFLOW,19900108 0000,19900108 0000,3563, ,CFS
FOL,D,76,INFLOW,19900109 0000,19900109 0000,3147, ,CFS
FOL,D,76,INFLOW,19900110 0000,19900110 0000,2197, ,CFS
FOL,D,76,INFLOW,19900111 0000,19900111 0000,1441, ,CFS
FOL,D,76,INFLOW,19900112 0000,19900112 0000,1802, ,CFS
FOL,D,76,INFLOW,19900113 0000,19900113 0000,2660, ,CFS
FOL,D,76,INFLOW,19900114 0000,19900114 0000,3595, ,CFS
FOL,D,76,INFLOW,19900115 0000,19900115 0000,3139, ,CFS
FOL,D,76,INFLOW,19900116 0000,19900116 0000,2756, ,CFS
FOL,D,76,INFLOW,19900117 0000,19900117 0000,2504, ,CFS
FOL,D,76,INFLOW,19900118 0000,19900118 0000,2030, ,CFS
FOL,D,76,INFLOW,19900119 0000,19900119 0000,1742, ,CFS
FOL,D,76,INFLOW,19900120 0000,19900120 0000,1572, ,CFS
FOL,D,76,INFLOW,19900121 0000,19900121 0000,1581, ,CFS
FOL,D,76,INFLOW,19900122 0000,19900122 0000,1492, ,CFS
FOL,D,76,INFLOW,19900123 0000,19900123 0000,1320, ,CFS
FOL,D,76,INFLOW,19900124 0000,19900124 0000,1648, ,CFS
FOL,D,76,INFLOW,19900125 0000,19900125 0000,1550, ,CFS
FOL,D,76,INFLOW,19900126 0000,19900126 0000,1401, ,CFS
FOL,D,76,INFLOW,19900127 0000,19900127 0000,1254, ,CFS
FOL,D,76,INFLOW,19900128 0000,19900128 0000,1004, ,CFS
FOL,D,76,INFLOW,19900129 0000,19900129 0000,1074, ,CFS
FOL,D,76,INFLOW,19900130 0000,19900130 0000,1273, ,CFS
FOL,D,76,INFLOW,19900131 0000,19900131 0000,1876, ,CFS
FOL,D,76,INFLOW,19900201 0000,19900201 0000,2080, ,CFS
FOL,D,76,INFLOW,19900202 0000,19900202 0000,1665, ,CFS
FOL,D,76,INFLOW,19900203 0000,19900203 0000,1793, ,CFS
FOL,D,76,INFLOW,19900204 0000,19900204 0000,2668, ,CFS
FOL,D,76,INFLOW,19900205 0000,19900205 0000,1796, ,CFS
FOL,D,76,INFLOW,19900206 0000,19900206 0000,2418, ,CFS
FOL,D,76,INFLOW,19900207 0000,19900207 0000,1739, ,CFS
FOL,D,76,INFLOW,19900208 0000,19900208 0000,2609, ,CFS
FOL,D,76,INFLOW,19900209 0000,19900209 0000,1486, ,CFS
FOL,D,76,INFLOW,19900210 0000,19900210 0000,1103, ,CFS
FOL,D,76,INFLOW,19900211 0000,19900211 0000,1422, ,CFS
FOL,D,76,INFLOW,19900212 0000,19900212 0000,1647, ,CFS
FOL,D,76,INFLOW,19900213 0000,19900213 0000,1866, ,CFS
FOL,D,76,INFLOW,19900214 0000,19900214 0000,1845, ,CFS
FOL,D,76,INFLOW,19900215 0000,19900215 0000,1281, ,CFS
FOL,D,76,INFLOW,19900216 0000,19900216 0000,3332, ,CFS
FOL,D,76,INFLOW,19900217 0000,19900217 0000,2075, ,CFS
FOL,D,76,INFLOW,19900218 0000,19900218 0000,1783, ,CFS
FOL,D,76,INFLOW,19900219 0000,19900219 0000,1535, ,CFS
FOL,D,76,INFLOW,19900220 0000,19900220 0000,1484, ,CFS
FOL,D,76,INFLOW,19900221 0000,19900221 0000,1243, ,CFS
FOL,D,76,INFLOW,19900222 0000,19900222 0000,2650, ,CFS
FOL,D,76,INFLOW,19900223 0000,19900223 0000,2337, ,CFS
FOL,D,76,INFLOW,19900224 0000,19900224 0000,2153, ,CFS
FOL,D,76,INFLOW,19900225 0000,19900225 0000,2655, ,CFS
FOL,D,76,INFLOW,19900226 0000,19900226 0000,2920, ,CFS
FOL,D,76,INFLOW,19900227 0000,19900227 0000,3006, ,CFS
FOL,D,76,INFLOW,19900228 0000,19900228 0000,2512, ,CFS
FOL,D,76,INFLOW,19900301 0000,19900301 0000,2598, ,CFS
FOL,D,76,INFLOW,19900302 0000,19900302 0000,2847, ,CFS
FOL,D,76,INFLOW,19900303 0000,19900303 0000,5226, ,CFS
FOL,D,76,INFLOW,19900304 0000,19900304 0000,5403, ,CFS
FOL,D,76,INFLOW,19900305 0000,19900305 0000,4831, ,CFS
FOL,D,76,INFLOW,19900306 0000,19900306 0000,3566, ,CFS
FOL,D,76,INFLOW,19900307 0000,19900307 0000,3241, ,CFS
FOL,D,76,INFLOW,19900308 0000,19900308 0000,3067, ,CFS
FOL,D,76,INFLOW,19900309 0000,19900309 0000,2568, ,CFS
FOL,D,76,INFLOW,19900310 0000,19900310 0000,3260, ,CFS
FOL,D,76,INFLOW,19900311 0000,19900311 0000,3724, ,CFS
FOL,D,76,INFLOW,19900312 0000,19900312 0000,3359, ,CFS
FOL,D,76,INFLOW,19900313 0000,19900313 0000,2473, ,CFS
FOL,D,76,INFLOW,19900314 0000,19900314 0000,2570, ,CFS
FOL,D,76,INFLOW,19900315 0000,19900315 0000,2504, ,CFS
FOL,D,76,INFLOW,19900316 0000,19900316 0000,2411, ,CFS
FOL,D,76,INFLOW,19900317 0000,19900317 0000,2366, ,CFS
FOL,D,76,INFLOW,19900318 0000,19900318 0000,2666, ,CFS
FOL,D,76,INFLOW,19900319 0000,19900319 0000,2772, ,CFS
FOL,D,76,INFLOW,19900320 0000,19900320 0000,3196, ,CFS
FOL,D,76,INFLOW,19900321 0000,19900321 0000,3056, ,CFS
FOL,D,76,INFLOW,19900322 0000,19900322 0000,3280, ,CFS
FOL,D,76,INFLOW,19900323 0000,19900323 0000,3255, ,CFS
FOL,D,76,INFLOW,19900324 0000,19900324 0000,3130, ,CFS
FOL,D,76,INFLOW,19900325 0000,19900325 0000,3286, ,CFS
FOL,D,76,INFLOW,19900326 0000,19900326 0000,3101, ,CFS
FOL,D,76,INFLOW,19900327 0000,19900327 0000,3144, ,CFS
FOL,D,76,INFLOW,19900328 0000,19900328 0000,2977, ,CFS
FOL,D,76,INFLOW,19900329 0000,19900329 0000,2835, ,CFS
FOL,D,76,INFLOW,19900330 0000,19900330 0000,2631, ,CFS
FOL,D,76,INFLOW,19900331 0000,19900331 0000,2609, ,CFS
FOL,D,76,INFLOW,19900401 0000,19900401 0000,2380, ,CFS
FOL,D,76,INFLOW,19900402 0000,19900402 0000,2561, ,CFS
FOL,D,76,INFLOW,19900403 0000,19900403 0000,2624, ,CFS
FOL,D,76,INFLOW,19900404 0000,19900404 0000,2423, ,CFS
FOL,D,76,INFLOW,19900405 0000,19900405 0000,2508, ,CFS
FOL,D,76,INFLOW,19900406 0000,19900406 0000,2457, ,CFS
FOL,D,76,INFLOW,19900407 0000,19900407 0000,2126, ,CFS
FOL,D,76,INFLOW,19900408 0000,19900408 0000,2244, ,CFS
FOL,D,76,INFLOW,19900409 0000,19900409 0000,2254, ,CFS
FOL,D,76,INFLOW,19900410 0000,19900410 0000,1843, ,CFS
FOL,D,76,INFLOW,19900411 0000,19900411 0000,2300, ,CFS
FOL,D,76,INFLOW,19900412 0000,19900412 0000,2312, ,CFS
FOL,D,76,INFLOW,19900413 0000,19900413 0000,2357, ,CFS
FOL,D,76,INFLOW,19900414 0000,19900414 0000,2480, ,CFS
FOL,D,76,INFLOW,19900415 0000,19900415 0000,2332, ,CFS
FOL,D,76,INFLOW,19900416 0000,19900416 0000,2519, ,CFS
FOL,D,76,INFLOW,19900417 0000,19900417 0000,2279, ,CFS
FOL,D,76,INFLOW,19900418 0000,19900418 0000,2279, ,CFS
FOL,D,76,INFLOW,19900419 0000,19900419 0000,2109, ,CFS
FOL,D,76,INFLOW,19900420 0000,19900420 0000,1973, ,CFS
FOL,D,76,INFLOW,19900421 0000,19900421 0000,2322, ,CFS
FOL,D,76,INFLOW,19900422 0000,19900422 0000,2415, ,CFS
FOL,D,76,INFLOW,19900423 0000,19900423 0000,2869, ,CFS
FOL,D,76,INFLOW,19900424 0000,19900424 0000,4060, ,CFS
FOL,D,76,INFLOW,19900425 0000,19900425 0000,2803, ,CFS
FOL,D,76,INFLOW,19900426 0000,19900426 0000,2765, ,CFS
FOL,D,76,INFLOW,19900427 0000,19900427 0000,2541, ,CFS
FOL,D,76,INFLOW,19900428 0000,19900428 0000,2663, ,CFS
FOL,D,76,INFLOW,19900429 0000,19900429 0000,2371, ,CFS
FOL,D,76,INFLOW,19900430 0000,19900430 0000,1723, ,CFS
FOL,D,76,INFLOW,19900501 0000,19900501 0000,1764, ,CFS
FOL,D,76,INFLOW,19900502 0000,19900502 0000,1900, ,CFS
FOL,D,76,INFLOW,19900503 0000,19900503 0000,1971, ,CFS
FOL,D,76,INFLOW,19900504 0000,19900504 0000,1792, ,CFS
FOL,D,76,INFLOW,19900505 0000,19900505 0000,1857, ,CFS
FOL,D,76,INFLOW,19900506 0000,19900506 0000,1633, ,CFS
FOL,D,76,INFLOW,19900507 0000,19900507 0000,1707, ,CFS
FOL,D,76,INFLOW,19900508 0000,19900508 0000,1642, ,CFS
FOL,D,76,INFLOW,19900509 0000,19900509 0000,1541, ,CFS
FOL,D,76,INFLOW,19900510 0000,19900510 0000,1208, ,CFS
FOL,D,76,INFLOW,19900511 0000,19900511 0000,1417, ,CFS
FOL,D,76,INFLOW,19900512 0000,19900512 0000,1739, ,CFS
FOL,D,76,INFLOW,19900513 0000,19900513 0000,1516, ,CFS
FOL,D,76,INFLOW,19900514 0000,19900514 0000,1039, ,CFS
FOL,D,76,INFLOW,19900515 0000,19900515 0000,1098, ,CFS
FOL,D,76,INFLOW,19900516 0000,19900516 0000,1264, ,CFS
FOL,D,76,INFLOW,19900517 0000,19900517 0000,1318, ,CFS
FOL,D,76,INFLOW,19900518 0000,19900518 0000,1111, ,CFS
FOL,D,76,INFLOW,19900519 0000,19900519 0000,826, ,CFS
FOL,D,76,INFLOW,19900520 0000,19900520 0000,1246, ,CFS
FOL,D,76,INFLOW,19900521 0000,19900521 0000,1495, ,CFS
FOL,D,76,INFLOW,19900522 0000,19900522 0000,1464, ,CFS
FOL,D,76,INFLOW,19900523 0000,19900523 0000,1580, ,CFS
FOL,D,76,INFLOW,19900524 0000,19900524 0000,1619, ,CFS
FOL,D,76,INFLOW,19900525 0000,19900525 0000,1697, ,CFS
FOL,D,76,INFLOW,19900526 0000,19900526 0000,1506, ,CFS
FOL,D,76,INFLOW,19900527 0000,19900527 0000,2350, ,CFS
FOL,D,76,INFLOW,19900528 0000,19900528 0000,3379, ,CFS
FOL,D,76,INFLOW,19900529 0000,19900529 0000,2860, ,CFS
FOL,D,76,INFLOW,19900530 0000,19900530 0000,2707, ,CFS
FOL,D,76,INFLOW,19900531 0000,19900531 0000,5020, ,CFS
FOL,D,76,INFLOW,19900601 0000,19900601 0000,4311, ,CFS
FOL,D,76,INFLOW,19900602 0000,19900602 0000,3099, ,CFS
FOL,D,76,INFLOW,19900603 0000,19900603 0000,3053, ,CFS
FOL,D,76,INFLOW,19900604 0000,19900604 0000,2895, ,CFS
FOL,D,76,INFLOW,19900605 0000,19900605 0000,2603, ,CFS
FOL,D,76,INFLOW,19900606 0000,19900606 0000,2310, ,CFS
FOL,D,76,INFLOW,19900607 0000,19900607 0000,2096, ,CFS
FOL,D,76,INFLOW,19900608 0000,19900608 0000,2134, ,CFS
FOL,D,76,INFLOW,19900609 0000,19900609 0000,2490, ,CFS
FOL,D,76,INFLOW,19900610 0000,19900610 0000,1860, ,CFS
FOL,D,76,INFLOW,19900611 0000,19900611 0000,1441, ,CFS
FOL,D,76,INFLOW,19900929 0000,19900929 0000,1223, ,CFS
FOL,D,76,INFLOW,19900930 0000,19900930 0000,754, ,CFS
FOL,D,76,INFLOW,19940101 0000,19940101 0000,1467,,CFS
FOL,D,76,INFLOW,19940102 0000,19940102 0000,1131,,CFS
FOL,D,76,INFLOW,19940103 0000,19940103 0000,1034,,CFS
FOL,D,76,INFLOW,19940104 0000,19940104 0000,1571,,CFS
FOL,D,76,INFLOW,19940105 0000,19940105 0000,1181,,CFS
FOL,D,76,INFLOW,19940106 0000,19940106 0000,1564,,CFS
FOL,D,76,INFLOW,19940107 0000,19940107 0000,1341,,CFS
FOL,D,76,INFLOW,19940108 0000,19940108 0000,1347,,CFS
FOL,D,76,INFLOW,19940109 0000,19940109 0000,1149,,CFS
FOL,D,76,INFLOW,19940110 0000,19940110 0000,1007,,CFS
FOL,D,76,INFLOW,19940111 0000,19940111 0000,1261,,CFS
FOL,D,76,INFLOW,19940112 0000,19940112 0000,1349,,CFS
FOL,D,76,INFLOW,19940113 0000,19940113 0000,1232,,CFS
FOL,D,76,INFLOW,19940114 0000,19940114 0000,956,,CFS
FOL,D,76,INFLOW,19940115 0000,19940115 0000,949,,CFS
FOL,D,76,INFLOW,19940116 0000,19940116 0000,884,,CFS
FOL,D,76,INFLOW,19940117 0000,19940117 0000,981,,CFS
FOL,D,76,INFLOW,19940118 0000,19940118 0000,932,,CFS
FOL,D,76,INFLOW,19940119 0000,19940119 0000,1187,,CFS
FOL,D,76,INFLOW,19940120 0000,19940120 0000,1043,,CFS
FOL,D,76,INFLOW,19940121 0000,19940121 0000,1024,,CFS
FOL,D,76,INFLOW,19940122 0000,19940122 0000,1286,,CFS
FOL,D,76,INFLOW,19940123 0000,19940123 0000,1330,,CFS
FOL,D,76,INFLOW,19940124 0000,19940124 0000,1372,,CFS
FOL,D,76,INFLOW,19940125 0000,19940125 0000,1849,,CFS
FOL,D,76,INFLOW,19940126 0000,19940126 0000,1488,,CFS
FOL,D,76,INFLOW,19940127 0000,19940127 0000,1450,,CFS
FOL,D,76,INFLOW,19940128 0000,19940128 0000,1299,,CFS
FOL,D,76,INFLOW,19940129 0000,19940129 0000,1030,,CFS
FOL,D,76,INFLOW,19940130 0000,19940130 0000,648,,CFS
FOL,D,76,INFLOW,19940131 0000,19940131 0000,1415,,CFS
FOL,D,76,INFLOW,19941101 0000,19941101 0000,1118,,CFS
FOL,D,76,INFLOW,19941102 0000,19941101 0000,1118,,CFS
FOL,D,76,INFLOW,19941103 0000,19941102 0000,964,,CFS
FOL,D,76,INFLOW,19941104 0000,19941103 0000,659,,CFS
FOL,D,76,INFLOW,19941105 0000,19941104 0000,339,,CFS
FOL,D,76,INFLOW,19941106 0000,19941105 0000,892,,CFS
FOL,D,76,INFLOW,19941107 0000,19941106 0000,2588,,CFS
FOL,D,76,INFLOW,19941108 0000,19941107 0000,2528,,CFS
FOL,D,76,INFLOW,19941109 0000,19941108 0000,1647,,CFS
FOL,D,76,INFLOW,19941110 0000,19941109 0000,1698,,CFS
FOL,D,76,INFLOW,19941111 0000,19941110 0000,1679,,CFS
FOL,D,76,INFLOW,19941112 0000,19941111 0000,1567,,CFS
FOL,D,76,INFLOW,19941113 0000,19941113 0000,935,,CFS
FOL,D,76,INFLOW,19941114 0000,19941113 0000,935,,CFS
FOL,D,76,INFLOW,19941115 0000,19941114 0000,723,,CFS
FOL,D,76,INFLOW,19941116 0000,19941115 0000,1129,,CFS
FOL,D,76,INFLOW,19941117 0000,19941116 0000,879,,CFS
FOL,D,76,INFLOW,19941118 0000,19941117 0000,959,,CFS
FOL,D,76,INFLOW,19941119 0000,19941118 0000,1602,,CFS
FOL,D,76,INFLOW,19941120 0000,19941119 0000,1202,,CFS
FOL,D,76,INFLOW,19941121 0000,19941120 0000,757,,CFS
FOL,D,76,INFLOW,19941122 0000,19941121 0000,805,,CFS
FOL,D,76,INFLOW,19941123 0000,19941122 0000,1299,,CFS
FOL,D,76,INFLOW,19941124 0000,19941123 0000,1450,,CFS
FOL,D,76,INFLOW,19941125 0000,19941124 0000,1214,,CFS
FOL,D,76,INFLOW,19941126 0000,19941125 0000,1006,,CFS
FOL,D,76,INFLOW,19941127 0000,19941126 0000,1579,,CFS
FOL,D,76,INFLOW,19941128 0000,19941127 0000,1545,,CFS
FOL,D,76,INFLOW,19941129 0000,19941128 0000,1287,,CFS
FOL,D,76,INFLOW,19941130 0000,19941129 0000,1840,,CFS
FOL,D,76,INFLOW,19941201 0000,19941130 0000,1255,,CFS
FOL,D,76,INFLOW,19941202 0000,19941201 0000,1662,,CFS
FOL,D,76,INFLOW,19941203 0000,19941202 0000,1412,,CFS
FOL,D,76,INFLOW,19941204 0000,19941203 0000,3291,,CFS
FOL,D,76,INFLOW,19941205 0000,19941204 0000,13461,,CFS
FOL,D,76,INFLOW,19941206 0000,19941205 0000,7948,,CFS
FOL,D,76,INFLOW,19941207 0000,19941206 0000,4362,,CFS
FOL,D,76,INFLOW,19941208 0000,19941207 0000,3045,,CFS
FOL,D,76,INFLOW,19941209 0000,19941208 0000,2426,,CFS
FOL,D,76,INFLOW,19941210 0000,19941209 0000,1848,,CFS
FOL,D,76,INFLOW,19941211 0000,19941211 0000,1415,,CFS
FOL,D,76,INFLOW,19941212 0000,19941211 0000,1415,,CFS
FOL,D,76,INFLOW,19941213 0000,19941213 0000,2283,,CFS
FOL,D,76,INFLOW,19941214 0000,19941213 0000,2283,,CFS
FOL,D,76,INFLOW,19941215 0000,19941214 0000,3541,,CFS
FOL,D,76,INFLOW,19941216 0000,19941215 0000,2189,,CFS
FOL,D,76,INFLOW,19941217 0000,19941216 0000,1941,,CFS
FOL,D,76,INFLOW,19941218 0000,19941217 0000,1560,,CFS
FOL,D,76,INFLOW,19941219 0000,19941218 0000,1429,,CFS
FOL,D,76,INFLOW,19941220 0000,19941219 0000,1425,,CFS
FOL,D,76,INFLOW,19941221 0000,19941220 0000,1099,,CFS
FOL,D,76,INFLOW,19941222 0000,19941221 0000,1246,,CFS
FOL,D,76,INFLOW,19941223 0000,19941223 0000,1459,,CFS
FOL,D,76,INFLOW,19941224 0000,19941223 0000,1459,,CFS
FOL,D,76,INFLOW,19941225 0000,19941224 0000,2000,,CFS
FOL,D,76,INFLOW,19941226 0000,19941225 0000,2444,,CFS
FOL,D,76,INFLOW,19941227 0000,19941226 0000,1829,,CFS
FOL,D,76,INFLOW,19941228 0000,19941227 0000,2051,,CFS
FOL,D,76,INFLOW,19941229 0000,19941228 0000,1853,,CFS
FOL,D,76,INFLOW,19941230 0000,19941229 0000,2068,,CFS
FOL,D,76,INFLOW,19941231 0000,19941231 0000,1946,,CFS
FOL,D,76,INFLOW,19950101 0000,19950101 0000,1708,,CFS
FOL,D,76,INFLOW,19950102 0000,19950101 0000,1708,,CFS
FOL,D,76,INFLOW,19950103 0000,19950102 0000,1784,,CFS
FOL,D,76,INFLOW,19950104 0000,19950104 0000,2091,,CFS
FOL,D,76,INFLOW,19950105 0000,19950104 0000,2091,,CFS
FOL,D,76,INFLOW,19950106 0000,19950105 0000,5885,,CFS
FOL,D,76,INFLOW,19950107 0000,19950106 0000,5534,,CFS
FOL,D,76,INFLOW,19950108 0000,19950107 0000,8139,,CFS
FOL,D,76,INFLOW,19950109 0000,19950108 0000,11578,,CFS
FOL,D,76,INFLOW,19950110 0000,19950109 0000,21047,,CFS
FOL,D,76,INFLOW,19950111 0000,19950110 0000,51081,,CFS
FOL,D,76,INFLOW,19950112 0000,19950111 0000,32077,,CFS
FOL,D,76,INFLOW,19950113 0000,19950112 0000,15861,,CFS
FOL,D,76,INFLOW,19950114 0000,19950114 0000,42579,,CFS
FOL,D,76,INFLOW,19950115 0000,19950114 0000,42579,,CFS
FOL,D,76,INFLOW,19950116 0000,19950115 0000,31278,,CFS
FOL,D,76,INFLOW,19950117 0000,19950116 0000,17728,,CFS
FOL,D,76,INFLOW,19950118 0000,19950117 0000,12470,,CFS
FOL,D,76,INFLOW,19950119 0000,19950118 0000,8999,,CFS
FOL,D,76,INFLOW,19950120 0000,19950119 0000,8008,,CFS
FOL,D,76,INFLOW,19950121 0000,19950120 0000,7333,,CFS
FOL,D,76,INFLOW,19950122 0000,19950121 0000,6661,,CFS
FOL,D,76,INFLOW,19950123 0000,19950122 0000,6706,,CFS
FOL,D,76,INFLOW,19950124 0000,19950123 0000,8676,,CFS
FOL,D,76,INFLOW,19950125 0000,19950124 0000,9738,,CFS
FOL,D,76,INFLOW,19950126 0000,19950125 0000,12138,,CFS
FOL,D,76,INFLOW,19950127 0000,19950127 0000,16058,,CFS
FOL,D,76,INFLOW,19950128 0000,19950128 0000,13134,,CFS
FOL,D,76,INFLOW,19950129 0000,19950128 0000,13134,,CFS
FOL,D,76,INFLOW,19950130 0000,19950129 0000,10415,,CFS
FOL,D,76,INFLOW,19950131 0000,19950130 0000,9391,,CFS
FOL,D,76,INFLOW,19950201 0000,19950131 0000,9290,,CFS
FOL,D,76,INFLOW,19950202 0000,19950201 0000,9992,,CFS
FOL,D,76,INFLOW,19950203 0000,19950202 0000,9430,,CFS
FOL,D,76,INFLOW,19950204 0000,19950204 0000,7958,,CFS
FOL,D,76,INFLOW,19950205 0000,19950205 0000,7538,,CFS
FOL,D,76,INFLOW,19950206 0000,19950205 0000,7538,,CFS
FOL,D,76,INFLOW,19950207 0000,19950206 0000,7052,,CFS
FOL,D,76,INFLOW,19950208 0000,19950207 0000,6548,,CFS
FOL,D,76,INFLOW,19950209 0000,19950208 0000,6862,,CFS
FOL,D,76,INFLOW,19950210 0000,19950210 0000,5700,,CFS
FOL,D,76,INFLOW,19950211 0000,19950210 0000,5700,,CFS
FOL,D,76,INFLOW,19950212 0000,19950211 0000,5682,,CFS
FOL,D,76,INFLOW,19950213 0000,19950212 0000,5500,,CFS
FOL,D,76,INFLOW,19950214 0000,19950213 0000,5942,,CFS
FOL,D,76,INFLOW,19950215 0000,19950215 0000,5416,,CFS
FOL,D,76,INFLOW,19950216 0000,19950215 0000,5416,,CFS
FOL,D,76,INFLOW,19950217 0000,19950216 0000,5396,,CFS
FOL,D,76,INFLOW,19950218 0000,19950217 0000,5163,,CFS
FOL,D,76,INFLOW,19950219 0000,19950218 0000,4999,,CFS
FOL,D,76,INFLOW,19950220 0000,19950219 0000,4962,,CFS
FOL,D,76,INFLOW,19950221 0000,19950220 0000,5076,,CFS
FOL,D,76,INFLOW,19950222 0000,19950222 0000,4880,,CFS
FOL,D,76,INFLOW,19950223 0000,19950222 0000,4880,,CFS
FOL,D,76,INFLOW,19950224 0000,19950223 0000,5166,,CFS
FOL,D,76,INFLOW,19950225 0000,19950224 0000,5211,,CFS
FOL,D,76,INFLOW,19950226 0000,19950226 0000,5464,,CFS
FOL,D,76,INFLOW,19950227 0000,19950226 0000,5464,,CFS
FOL,D,76,INFLOW,19950228 0000,19950227 0000,5309,,CFS
FOL,D,76,INFLOW,19950301 0000,19950301 0000,5321,,CFS
FOL,D,76,INFLOW,19950302 0000,19950301 0000,5321,,CFS
FOL,D,76,INFLOW,19950303 0000,19950302 0000,6190,,CFS
FOL,D,76,INFLOW,19950304 0000,19950303 0000,18055,,CFS
FOL,D,76,INFLOW,19950305 0000,19950304 0000,14397,,CFS
FOL,D,76,INFLOW,19950306 0000,19950305 0000,7435,,CFS
FOL,D,76,INFLOW,19950307 0000,19950306 0000,8481,,CFS
FOL,D,76,INFLOW,19950308 0000,19950307 0000,7170,,CFS
FOL,D,76,INFLOW,19950309 0000,19950308 0000,6742,,CFS
FOL,D,76,INFLOW,19950310 0000,19950309 0000,21424,,CFS
FOL,D,76,INFLOW,19950311 0000,19950310 0000,46231,,CFS
FOL,D,76,INFLOW,19950312 0000,19950311 0000,54791,,CFS
FOL,D,76,INFLOW,19950313 0000,19950312 0000,31646,,CFS
FOL,D,76,INFLOW,19950314 0000,19950313 0000,22839,,CFS
FOL,D,76,INFLOW,19950315 0000,19950314 0000,24369,,CFS
FOL,D,76,INFLOW,19950316 0000,19950315 0000,22822,,CFS
FOL,D,76,INFLOW,19950317 0000,19950316 0000,19249,,CFS
FOL,D,76,INFLOW,19950318 0000,19950317 0000,15562,,CFS
FOL,D,76,INFLOW,19950319 0000,19950318 0000,14819,,CFS
FOL,D,76,INFLOW,19950320 0000,19950319 0000,15253,,CFS
FOL,D,76,INFLOW,19950321 0000,19950320 0000,20821,,CFS
FOL,D,76,INFLOW,19950322 0000,19950321 0000,25413,,CFS
FOL,D,76,INFLOW,19950323 0000,19950322 0000,26658,,CFS
FOL,D,76,INFLOW,19950324 0000,19950323 0000,30537,,CFS
FOL,D,76,INFLOW,19950325 0000,19950324 0000,20721,,CFS
FOL,D,76,INFLOW,19950326 0000,19950325 0000,16318,,CFS
FOL,D,76,INFLOW,19950327 0000,19950326 0000,14187,,CFS
FOL,D,76,INFLOW,19950328 0000,19950327 0000,12271,,CFS
FOL,D,76,INFLOW,19950329 0000,19950328 0000,10707,,CFS
FOL,D,76,INFLOW,19950330 0000,19950329 0000,10128,,CFS
FOL,D,76,INFLOW,19950331 0000,19950330 0000,9924,,CFS
FOL,D,76,INFLOW,19950401 0000,19950401 0000,9201,,CFS
FOL,D,76,INFLOW,19950402 0000,19950402 0000,9129,,CFS
FOL,D,76,INFLOW,19950403 0000,19950403 0000,8922,,CFS
FOL,D,76,INFLOW,19950404 0000,19950404 0000,9644,,CFS
FOL,D,76,INFLOW,19950405 0000,19950405 0000,10019,,CFS
FOL,D,76,INFLOW,19950406 0000,19950406 0000,10197,,CFS
FOL,D,76,INFLOW,19950407 0000,19950407 0000,13062,,CFS
FOL,D,76,INFLOW,19950408 0000,19950408 0000,16037,,CFS
FOL,D,76,INFLOW,19950409 0000,19950409 0000,13166,,CFS
FOL,D,76,INFLOW,19950410 0000,19950410 0000,11828,,CFS
FOL,D,76,INFLOW,19950411 0000,19950411 0000,10409,,CFS
FOL,D,76,INFLOW,19950412 0000,19950412 0000,9846,,CFS
FOL,D,76,INFLOW,19950413 0000,19950413 0000,12053,,CFS
FOL,D,76,INFLOW,19950414 0000,19950414 0000,12146,,CFS
FOL,D,76,INFLOW,19950415 0000,19950415 0000,11241,,CFS
FOL,D,76,INFLOW,19950416 0000,19950416 0000,10291,,CFS
FOL,D,76,INFLOW,19950417 0000,19950417 0000,9762,,CFS
FOL,D,76,INFLOW,19950418 0000,19950418 0000,9311,,CFS
FOL,D,76,INFLOW,19950419 0000,19950419 0000,9058,,CFS
FOL,D,76,INFLOW,19950420 0000,19950420 0000,9232,,CFS
FOL,D,76,INFLOW,19950421 0000,19950421 0000,8772,,CFS
FOL,D,76,INFLOW,19950422 0000,19950422 0000,8225,,CFS
FOL,D,76,INFLOW,19950423 0000,19950423 0000,8261,,CFS
FOL,D,76,INFLOW,19950424 0000,19950424 0000,8214,,CFS
FOL,D,76,INFLOW,19950425 0000,19950425 0000,8671,,CFS
FOL,D,76,INFLOW,19950426 0000,19950426 0000,9102,,CFS
FOL,D,76,INFLOW,19950427 0000,19950427 0000,9464,,CFS
FOL,D,76,INFLOW,19950428 0000,19950428 0000,10824,,CFS
FOL,D,76,INFLOW,19950429 0000,19950429 0000,16955,,CFS
FOL,D,76,INFLOW,19950430 0000,19950430 0000,22154,,CFS
FOL,D,76,INFLOW,19950501 0000,19950501 0000,36937,,CFS
FOL,D,76,INFLOW,19950502 0000,19950502 0000,37729,,CFS
FOL,D,76,INFLOW,19950503 0000,19950503 0000,24139,,CFS
FOL,D,76,INFLOW,19950504 0000,19950504 0000,18792,,CFS
FOL,D,76,INFLOW,19950505 0000,19950505 0000,16052,,CFS
FOL,D,76,INFLOW,19950506 0000,19950506 0000,14589,,CFS
FOL,D,76,INFLOW,19950507 0000,19950507 0000,12847,,CFS
FOL,D,76,INFLOW,19950508 0000,19950508 0000,11890,,CFS
FOL,D,76,INFLOW,19950509 0000,19950509 0000,11058,,CFS
FOL,D,76,INFLOW,19950510 0000,19950510 0000,10569,,CFS
FOL,D,76,INFLOW,19950511 0000,19950511 0000,10722,,CFS
FOL,D,76,INFLOW,19950512 0000,19950512 0000,10476,,CFS
FOL,D,76,INFLOW,19950513 0000,19950513 0000,11520,,CFS
FOL,D,76,INFLOW,19950514 0000,19950514 0000,10312,,CFS
FOL,D,76,INFLOW,19950515 0000,19950515 0000,10130,,CFS
FOL,D,76,INFLOW,19950516 0000,19950516 0000,9699,,CFS
FOL,D,76,INFLOW,19950517 0000,19950517 0000,9565,,CFS
FOL,D,76,INFLOW,19950518 0000,19950518 0000,9837,,CFS
FOL,D,76,INFLOW,19950519 0000,19950519 0000,10348,,CFS
FOL,D,76,INFLOW,19950520 0000,19950520 0000,11187,,CFS
FOL,D,76,INFLOW,19950521 0000,19950521 0000,12571,,CFS
FOL,D,76,INFLOW,19950522 0000,19950522 0000,12519,,CFS
FOL,D,76,INFLOW,19950523 0000,19950523 0000,12232,,CFS
FOL,D,76,INFLOW,19950524 0000,19950524 0000,12467,,CFS
FOL,D,76,INFLOW,19950525 0000,19950525 0000,12214,,CFS
FOL,D,76,INFLOW,19950526 0000,19950526 0000,11989,,CFS
FOL,D,76,INFLOW,19950527 0000,19950527 0000,12539,,CFS
FOL,D,76,INFLOW,19950528 0000,19950528 0000,12385,,CFS
FOL,D,76,INFLOW,19950529 0000,19950529 0000,12618,,CFS
FOL,D,76,INFLOW,19950530 0000,19950530 0000,12944,,CFS
FOL,D,76,INFLOW,19950531 0000,19950531 0000,13371,,CFS
FOL,D,76,INFLOW,19950601 0000,19950601 0000,13586,,CFS
FOL,D,76,INFLOW,19950602 0000,19950602 0000,12210,,CFS
FOL,D,76,INFLOW,19950603 0000,19950603 0000,12640,,CFS
FOL,D,76,INFLOW,19950604 0000,19950604 0000,12950,,CFS
FOL,D,76,INFLOW,19950605 0000,19950605 0000,13663,,CFS
FOL,D,76,INFLOW,19950606 0000,19950606 0000,11400,,CFS
FOL,D,76,INFLOW,19950607 0000,19950607 0000,9960,,CFS
FOL,D,76,INFLOW,19950608 0000,19950608 0000,8880,,CFS
FOL,D,76,INFLOW,19950609 0000,19950609 0000,8554,,CFS
FOL,D,76,INFLOW,19950610 0000,19950610 0000,9038,,CFS
FOL,D,76,INFLOW,19950611 0000,19950611 0000,10207,,CFS
FOL,D,76,INFLOW,19950612 0000,19950612 0000,11494,,CFS
FOL,D,76,INFLOW,19950613 0000,19950613 0000,11375,,CFS
FOL,D,76,INFLOW,19950614 0000,19950614 0000,11304,,CFS
FOL,D,76,INFLOW,19950615 0000,19950615 0000,13049,,CFS
FOL,D,76,INFLOW,19950616 0000,19950616 0000,13874,,CFS
FOL,D,76,INFLOW,19950617 0000,19950617 0000,10427,,CFS
FOL,D,76,INFLOW,19950618 0000,19950618 0000,9607,,CFS
FOL,D,76,INFLOW,19950619 0000,19950619 0000,10139,,CFS
FOL,D,76,INFLOW,19950620 0000,19950620 0000,9642,,CFS
FOL,D,76,INFLOW,19950621 0000,19950621 0000,9365,,CFS
FOL,D,76,INFLOW,19950622 0000,19950622 0000,9374,,CFS
FOL,D,76,INFLOW,19950623 0000,19950623 0000,9168,,CFS
FOL,D,76,INFLOW,19950624 0000,19950624 0000,10440,,CFS
FOL,D,76,INFLOW,19950625 0000,19950625 0000,11853,,CFS
FOL,D,76,INFLOW,19950626 0000,19950626 0000,11771,,CFS
FOL,D,76,INFLOW,19950627 0000,19950627 0000,12564,,CFS
FOL,D,76,INFLOW,19950628 0000,19950628 0000,12653,,CFS
FOL,D,76,INFLOW,19950629 0000,19950629 0000,11952,,CFS
FOL,D,76,INFLOW,19950630 0000,19950630 0000,10848,,CFS
FOL,D,76,INFLOW,19950701 0000,19950701 0000,9522,,CFS
FOL,D,76,INFLOW,19950702 0000,19950702 0000,8957,,CFS
FOL,D,76,INFLOW,19950703 0000,19950703 0000,9170,,CFS
FOL,D,76,INFLOW,19950704 0000,19950704 0000,8465,,CFS
FOL,D,76,INFLOW,19950705 0000,19950705 0000,8073,,CFS
FOL,D,76,INFLOW,19950706 0000,19950706 0000,8259,,CFS
FOL,D,76,INFLOW,19950707 0000,19950707 0000,8104,,CFS
FOL,D,76,INFLOW,19950708 0000,19950708 0000,7873,,CFS
FOL,D,76,INFLOW,19950709 0000,19950709 0000,7848,,CFS
FOL,D,76,INFLOW,19950710 0000,19950710 0000,7834,,CFS
FOL,D,76,INFLOW,19950711 0000,19950711 0000,7044,,CFS
FOL,D,76,INFLOW,19950712 0000,19950712 0000,6437,,CFS
FOL,D,76,INFLOW,19950713 0000,19950713 0000,6162,,CFS
FOL,D,76,INFLOW,19950714 0000,19950714 0000,6025,,CFS
FOL,D,76,INFLOW,19950715 0000,19950715 0000,4874,,CFS
FOL,D,76,INFLOW,19950716 0000,19950716 0000,4557,,CFS
FOL,D,76,INFLOW,19950717 0000,19950717 0000,4446,,CFS
FOL,D,76,INFLOW,19950718 0000,19950718 0000,3292,,CFS
FOL,D,76,INFLOW,19950719 0000,19950719 0000,3321,,CFS
FOL,D,76,INFLOW,19950720 0000,19950720 0000,4206,,CFS
FOL,D,76,INFLOW,19950721 0000,19950721 0000,4671,,CFS
FOL,D,76,INFLOW,19950722 0000,19950722 0000,4419,,CFS
FOL,D,76,INFLOW,19950723 0000,19950723 0000,3589,,CFS
FOL,D,76,INFLOW,19950724 0000,19950724 0000,2587,,CFS
FOL,D,76,INFLOW,19950725 0000,19950725 0000,3328,,CFS
FOL,D,76,INFLOW,19950726 0000,19950726 0000,3391,,CFS
FOL,D,76,INFLOW,19950727 0000,19950727 0000,3850,,CFS
FOL,D,76,INFLOW,19950728 0000,19950728 0000,---,,CFS
FOL,D,76,INFLOW,19950729 0000,19950729 0000,3916,,CFS
FOL,D,76,INFLOW,19950730 0000,19950730 0000,3545,,CFS
FOL,D,76,INFLOW,19950731 0000,19950731 0000,3465,,CFS
FOL,D,76,INFLOW,19950801 0000,19950801 0000,3334,,CFS
FOL,D,76,INFLOW,19950802 0000,19950802 0000,3512,,CFS
FOL,D,76,INFLOW,19950803 0000,19950803 0000,3640,,CFS
FOL,D,76,INFLOW,19950804 0000,19950804 0000,3216,,CFS
FOL,D,76,INFLOW,19950805 0000,19950805 0000,2584,,CFS
FOL,D,76,INFLOW,19950806 0000,19950806 0000,2852,,CFS
FOL,D,76,INFLOW,19950807 0000,19950807 0000,2886,,CFS
FOL,D,76,INFLOW,19950808 0000,19950808 0000,3051,,CFS
FOL,D,76,INFLOW,19950809 0000,19950809 0000,3176,,CFS
FOL,D,76,INFLOW,19950810 0000,19950810 0000,2464,,CFS
FOL,D,76,INFLOW,19950811 0000,19950811 0000,---,,CFS
FOL,D,76,INFLOW,19950812 0000,19950812 0000,---,,CFS
FOL,D,76,INFLOW,19950813 0000,19950813 0000,2359,,CFS
FOL,D,76,INFLOW,19950814 0000,19950814 0000,2560,,CFS
FOL,D,76,INFLOW,19950815 0000,19950815 0000,2848,,CFS
FOL,D,76,INFLOW,19950816 0000,19950816 0000,2001,,CFS
FOL,D,76,INFLOW,19950817 0000,19950817 0000,2526,,CFS
FOL,D,76,INFLOW,19950818 0000,19950818 0000,2785,,CFS
FOL,D,76,INFLOW,19950819 0000,19950819 0000,2788,,CFS
FOL,D,76,INFLOW,19950820 0000,19950820 0000,2467,,CFS
FOL,D,76,INFLOW,19950821 0000,19950821 0000,2312,,CFS
FOL,D,76,INFLOW,19950822 0000,19950822 0000,2699,,CFS
FOL,D,76,INFLOW,19950823 0000,19950823 0000,2713,,CFS
FOL,D,76,INFLOW,19950824 0000,19950824 0000,2453,,CFS
FOL,D,76,INFLOW,19950825 0000,19950825 0000,2219,,CFS
FOL,D,76,INFLOW,19950826 0000,19950826 0000,---,,CFS
FOL,D,76,INFLOW,19950827 0000,19950827 0000,2926,,CFS
FOL,D,76,INFLOW,19950828 0000,19950828 0000,2666,,CFS
FOL,D,76,INFLOW,19950829 0000,19950829 0000,2676,,CFS
FOL,D,76,INFLOW,19950830 0000,19950830 0000,2783,,CFS
FOL,D,76,INFLOW,19950831 0000,19950831 0000,2457,,CFS
FOL,D,76,INFLOW,19950901 0000,19950901 0000,---,,CFS
FOL,D,76,INFLOW,19950902 0000,19950902 0000,---,,CFS
FOL,D,76,INFLOW,19950903 0000,19950903 0000,---,,CFS
FOL,D,76,INFLOW,19950904 0000,19950904 0000,2731,,CFS
FOL,D,76,INFLOW,19950905 0000,19950905 0000,2654,,CFS
FOL,D,76,INFLOW,19950906 0000,19950906 0000,2706,,CFS
FOL,D,76,INFLOW,19950907 0000,19950907 0000,2739,,CFS
FOL,D,76,INFLOW,19950908 0000,19950908 0000,2891,,CFS
FOL,D,76,INFLOW,19950909 0000,19950909 0000,2887,,CFS
FOL,D,76,INFLOW,19950910 0000,19950910 0000,2791,,CFS
FOL,D,76,INFLOW,19950911 0000,19950911 0000,2340,,CFS
FOL,D,76,INFLOW,19950912 0000,19950912 0000,2071,,CFS
FOL,D,76,INFLOW,19950913 0000,19950913 0000,2288,,CFS
FOL,D,76,INFLOW,19950914 0000,19950914 0000,2142,,CFS
FOL,D,76,INFLOW,19950915 0000,19950915 0000,2404,,CFS
FOL,D,76,INFLOW,19950916 0000,19950916 0000,2436,,CFS
FOL,D,76,INFLOW,19950917 0000,19950917 0000,1585,,CFS
FOL,D,76,INFLOW,19950918 0000,19950918 0000,2327,,CFS
FOL,D,76,INFLOW,19950919 0000,19950919 0000,2627,,CFS
FOL,D,76,INFLOW,19950920 0000,19950920 0000,1785,,CFS
FOL,D,76,INFLOW,19950921 0000,19950921 0000,2080,,CFS
FOL,D,76,INFLOW,19950922 0000,19950922 0000,1552,,CFS
FOL,D,76,INFLOW,19950923 0000,19950923 0000,1552,,CFS
FOL,D,76,INFLOW,19950924 0000,19950924 0000,1807,,CFS
FOL,D,76,INFLOW,19950925 0000,19950925 0000,2255,,CFS
FOL,D,76,INFLOW,19950926 0000,19950926 0000,1635,,CFS
FOL,D,76,INFLOW,19950927 0000,19950927 0000,1811,,CFS
FOL,D,76,INFLOW,19950928 0000,19950928 0000,2095,,CFS
FOL,D,76,INFLOW,19950929 0000,19950929 0000,1942,,CFS
FOL,D,76,INFLOW,19950930 0000,19950930 0000,1574,,CFS
FOL,D,76,INFLOW,19951001 0000,19951001 0000,---,,CFS
FOL,D,76,INFLOW,19951002 0000,19951002 0000,1652,,CFS
FOL,D,76,INFLOW,19951003 0000,19951003 0000,1635,,CFS
FOL,D,76,INFLOW,19951004 0000,19951004 0000,1436,,CFS
FOL,D,76,INFLOW,19951005 0000,19951005 0000,1336,,CFS
FOL,D,76,INFLOW,19951006 0000,19951006 0000,954,,CFS
FOL,D,76,INFLOW,19951007 0000,19951007 0000,1159,,CFS
FOL,D,76,INFLOW,19951008 0000,19951008 0000,1184,,CFS
FOL,D,76,INFLOW,19951009 0000,19951009 0000,2038,,CFS
FOL,D,76,INFLOW,19951010 0000,19951010 0000,2204,,CFS
FOL,D,76,INFLOW,19951011 0000,19951011 0000,2504,,CFS
FOL,D,76,INFLOW,19951012 0000,19951012 0000,2120,,CFS
FOL,D,76,INFLOW,19951013 0000,19951013 0000,2057,,CFS
FOL,D,76,INFLOW,19951014 0000,19951014 0000,2054,,CFS
FOL,D,76,INFLOW,19951015 0000,19951015 0000,1651,,CFS
FOL,D,76,INFLOW,19951016 0000,19951016 0000,1789,,CFS
FOL,D,76,INFLOW,19951017 0000,19951017 0000,2188,,CFS
FOL,D,76,INFLOW,19951018 0000,19951018 0000,1884,,CFS
FOL,D,76,INFLOW,19951019 0000,19951019 0000,2084,,CFS
FOL,D,76,INFLOW,19951020 0000,19951020 0000,1758,,CFS
FOL,D,76,INFLOW,19951021 0000,19951021 0000,1977,,CFS
FOL,D,76,INFLOW,19951022 0000,19951022 0000,1648,,CFS
FOL,D,76,INFLOW,19951023 0000,19951023 0000,1628,,CFS
FOL,D,76,INFLOW,19951024 0000,19951024 0000,2159,,CFS
FOL,D,76,INFLOW,19951025 0000,19951025 0000,1835,,CFS
FOL,D,76,INFLOW,19951026 0000,19951026 0000,1585,,CFS
FOL,D,76,INFLOW,19951027 0000,19951027 0000,1568,,CFS
FOL,D,76,INFLOW,19951028 0000,19951028 0000,1523,,CFS
FOL,D,76,INFLOW,19951029 0000,19951029 0000,1921,,CFS
FOL,D,76,INFLOW,19951030 0000,19951030 0000,1625,,CFS
FOL,D,76,INFLOW,19951031 0000,19951031 0000,1474,,CFS
FOL,D,76,INFLOW,19951101 0000,19951101 0000,1668,,CFS
FOL,D,76,INFLOW,19951102 0000,19951102 0000,1405,,CFS
FOL,D,76,INFLOW,19951103 0000,19951103 0000,1547,,CFS
FOL,D,76,INFLOW,19951104 0000,19951104 0000,1617,,CFS
FOL,D,76,INFLOW,19951105 0000,19951105 0000,1466,,CFS
FOL,D,76,INFLOW,19951106 0000,19951106 0000,1354,,CFS
FOL,D,76,INFLOW,19951107 0000,19951107 0000,1645,,CFS
FOL,D,76,INFLOW,19951108 0000,19951108 0000,1626,,CFS
FOL,D,76,INFLOW,19951109 0000,19951109 0000,---,,CFS
FOL,D,76,INFLOW,19951110 0000,19951110 0000,1306,,CFS
FOL,D,76,INFLOW,19951111 0000,19951111 0000,897,,CFS
FOL,D,76,INFLOW,19951112 0000,19951112 0000,1424,,CFS
FOL,D,76,INFLOW,19951113 0000,19951113 0000,1492,,CFS
FOL,D,76,INFLOW,19951114 0000,19951114 0000,1413,,CFS
FOL,D,76,INFLOW,19951115 0000,19951115 0000,1394,,CFS
FOL,D,76,INFLOW,19951116 0000,19951116 0000,1367,,CFS
FOL,D,76,INFLOW,19951117 0000,19951117 0000,1301,,CFS
FOL,D,76,INFLOW,19951118 0000,19951118 0000,1057,,CFS
FOL,D,76,INFLOW,19951119 0000,19951119 0000,1196,,CFS
FOL,D,76,INFLOW,19951120 0000,19951120 0000,1249,,CFS
FOL,D,76,INFLOW,19951121 0000,19951121 0000,1437,,CFS
FOL,D,76,INFLOW,19951122 0000,19951122 0000,881,,CFS
FOL,D,76,INFLOW,19951123 0000,19951123 0000,955,,CFS
FOL,D,76,INFLOW,19951124 0000,19951124 0000,923,,CFS
FOL,D,76,INFLOW,19951125 0000,19951125 0000,995,,CFS
FOL,D,76,INFLOW,19951126 0000,19951126 0000,1075,,CFS
FOL,D,76,INFLOW,19951127 0000,19951127 0000,1220,,CFS
FOL,D,76,INFLOW,19951128 0000,19951128 0000,1329,,CFS
FOL,D,76,INFLOW,19951129 0000,19951129 0000,1096,,CFS
FOL,D,76,INFLOW,19951130 0000,19951130 0000,1191,,CFS
FOL,D,76,INFLOW,19951201 0000,19951201 0000,1108,,CFS
FOL,D,76,INFLOW,19951202 0000,19951202 0000,847,,CFS
FOL,D,76,INFLOW,19951203 0000,19951203 0000,1331,,CFS
FOL,D,76,INFLOW,19951204 0000,19951204 0000,1188,,CFS
FOL,D,76,INFLOW,19951205 0000,19951205 0000,1298,,CFS
FOL,D,76,INFLOW,19951206 0000,19951206 0000,1458,,CFS
FOL,D,76,INFLOW,19951207 0000,19951207 0000,1282,,CFS
FOL,D,76,INFLOW,19951208 0000,19951208 0000,1547,,CFS
FOL,D,76,INFLOW,19951209 0000,19951209 0000,1352,,CFS
FOL,D,76,INFLOW,19951210 0000,19951210 0000,1212,,CFS
FOL,D,76,INFLOW,19951211 0000,19951211 0000,2235,,CFS
FOL,D,76,INFLOW,19951212 0000,19951212 0000,13435,,CFS
FOL,D,76,INFLOW,19951213 0000,19951213 0000,10460,,CFS
FOL,D,76,INFLOW,19951214 0000,19951214 0000,4395,,CFS
FOL,D,76,INFLOW,19951215 0000,19951215 0000,3509,,CFS
FOL,D,76,INFLOW,19951216 0000,19951216 0000,3175,,CFS
FOL,D,76,INFLOW,19951217 0000,19951217 0000,2007,,CFS
FOL,D,76,INFLOW,19951218 0000,19951218 0000,2094,,CFS
FOL,D,76,INFLOW,19951219 0000,19951219 0000,2503,,CFS
FOL,D,76,INFLOW,19951220 0000,19951220 0000,2336,,CFS
FOL,D,76,INFLOW,19951221 0000,19951221 0000,2136,,CFS
FOL,D,76,INFLOW,19951222 0000,19951222 0000,2023,,CFS
FOL,D,76,INFLOW,19951223 0000,19951223 0000,1799,,CFS
FOL,D,76,INFLOW,19951224 0000,19951224 0000,1917,,CFS
FOL,D,76,INFLOW,19951225 0000,19951225 0000,1283,,CFS
FOL,D,76,INFLOW,19951226 0000,19951226 0000,2543,,CFS
FOL,D,76,INFLOW,19951227 0000,19951227 0000,2103,,CFS
FOL,D,76,INFLOW,19951228 0000,19951228 0000,1684,,CFS
FOL,D,76,INFLOW,19951229 0000,19951229 0000,2655,,CFS
FOL,D,76,INFLOW,19951230 0000,19951230 0000,3578,,CFS
FOL,D,76,INFLOW,19951231 0000,19951231 0000,4261,,CFS
FOL,D,76,INFLOW,19960101 0000,19960101 0000,3470,,CFS
FOL,D,76,INFLOW,19960102 0000,19960102 0000,2695,,CFS
FOL,D,76,INFLOW,19960103 0000,19960103 0000,2932,,CFS
FOL,D,76,INFLOW,19960104 0000,19960104 0000,2563,,CFS
FOL,D,76,INFLOW,19960105 0000,19960105 0000,2380,,CFS
FOL,D,76,INFLOW,19960106 0000,19960106 0000,1675,,CFS
FOL,D,76,INFLOW,19960107 0000,19960107 0000,1930,,CFS
FOL,D,76,INFLOW,19960108 0000,19960108 0000,2052,,CFS
FOL,D,76,INFLOW,19960109 0000,19960109 0000,2282,,CFS
FOL,D,76,INFLOW,19960110 0000,19960110 0000,2422,,CFS
FOL,D,76,INFLOW,19960111 0000,19960111 0000,2033,,CFS
FOL,D,76,INFLOW,19960112 0000,19960112 0000,1763,,CFS
FOL,D,76,INFLOW,19960113 0000,19960113 0000,1882,,CFS
FOL,D,76,INFLOW,19960114 0000,19960114 0000,1600,,CFS
FOL,D,76,INFLOW,19960115 0000,19960115 0000,2100,,CFS
FOL,D,76,INFLOW,19960116 0000,19960116 0000,4589,,CFS
FOL,D,76,INFLOW,19960117 0000,19960117 0000,9934,,CFS
FOL,D,76,INFLOW,19960118 0000,19960118 0000,5984,,CFS
FOL,D,76,INFLOW,19960119 0000,19960119 0000,7264,,CFS
FOL,D,76,INFLOW,19960120 0000,19960120 0000,5471,,CFS
FOL,D,76,INFLOW,19960121 0000,19960121 0000,5543,,CFS
FOL,D,76,INFLOW,19960122 0000,19960122 0000,4535,,CFS
FOL,D,76,INFLOW,19960123 0000,19960123 0000,3866,,CFS
FOL,D,76,INFLOW,19960124 0000,19960124 0000,9012,,CFS
FOL,D,76,INFLOW,19960125 0000,19960125 0000,20996,,CFS
FOL,D,76,INFLOW,19960126 0000,19960126 0000,8054,,CFS
FOL,D,76,INFLOW,19960127 0000,19960127 0000,9946,,CFS
FOL,D,76,INFLOW,19960128 0000,19960128 0000,13328,,CFS
FOL,D,76,INFLOW,19960129 0000,19960129 0000,8836,,CFS
FOL,D,76,INFLOW,19960130 0000,19960130 0000,5975,,CFS
FOL,D,76,INFLOW,19960131 0000,19960131 0000,5354,,CFS
FOL,D,76,INFLOW,19960201 0000,19960201 0100,5057,,CFS
FOL,D,76,INFLOW,19960202 0000,19960202 0100,4601,,CFS
FOL,D,76,INFLOW,19960203 0000,19960203 0100,4424,,CFS
FOL,D,76,INFLOW,19960204 0000,19960204 0100,19573,,CFS
FOL,D,76,INFLOW,19960205 0000,19960205 0100,46282,,CFS
FOL,D,76,INFLOW,19960206 0000,19960206 0100,23745,,CFS
FOL,D,76,INFLOW,19960207 0000,19960207 0100,14558,,CFS
FOL,D,76,INFLOW,19960208 0000,19960208 0100,11130,,CFS
FOL,D,76,INFLOW,19960209 0000,19960209 0100,9069,,CFS
FOL,D,76,INFLOW,19960210 0000,19960210 0100,8036,,CFS
FOL,D,76,INFLOW,19960211 0000,19960211 0100,7255,,CFS
FOL,D,76,INFLOW,19960212 0000,19960212 0100,6957,,CFS
FOL,D,76,INFLOW,19960213 0000,19960213 0100,6808,,CFS
FOL,D,76,INFLOW,19960214 0000,19960214 0100,6281,,CFS
FOL,D,76,INFLOW,19960215 0000,19960215 0100,5993,,CFS
FOL,D,76,INFLOW,19960216 0000,19960216 0100,6302,,CFS
FOL,D,76,INFLOW,19960217 0000,19960217 0100,7626,,CFS
FOL,D,76,INFLOW,19960218 0000,19960218 0100,9354,,CFS
FOL,D,76,INFLOW,19960219 0000,19960219 0100,11917,,CFS
FOL,D,76,INFLOW,19960220 0000,19960220 0100,24744,,CFS
FOL,D,76,INFLOW,19960221 0000,19960221 0100,23387,,CFS
FOL,D,76,INFLOW,19960222 0000,19960222 0100,19027,,CFS
FOL,D,76,INFLOW,19960223 0000,19960223 0100,14421,,CFS
FOL,D,76,INFLOW,19960224 0000,19960224 0100,12285,,CFS
FOL,D,76,INFLOW,19960225 0000,19960225 0100,10978,,CFS
FOL,D,76,INFLOW,19960226 0000,19960226 0100,9522,,CFS
FOL,D,76,INFLOW,19960227 0000,19960227 0100,8746,,CFS
FOL,D,76,INFLOW,19960228 0000,19960228 0100,7119,,CFS
FOL,D,76,INFLOW,19960229 0000,19960229 0100,7101,,CFS
FOL,D,76,INFLOW,19960301 0000,19960301 0100,6887,,CFS
FOL,D,76,INFLOW,19960302 0000,19960302 0100,6525,,CFS
FOL,D,76,INFLOW,19960303 0000,19960303 0100,6718,,CFS
FOL,D,76,INFLOW,19960304 0000,19960304 0100,10691,,CFS
FOL,D,76,INFLOW,19960305 0000,19960305 0100,18565,,CFS
FOL,D,76,INFLOW,19960306 0000,19960306 0100,13235,,CFS
FOL,D,76,INFLOW,19960307 0000,19960307 0100,10702,,CFS
FOL,D,76,INFLOW,19960308 0000,19960308 0100,9674,,CFS
FOL,D,76,INFLOW,19960309 0000,19960309 0100,9063,,CFS
FOL,D,76,INFLOW,19960310 0000,19960310 0100,8902,,CFS
FOL,D,76,INFLOW,19960311 0000,19960311 0100,10251,,CFS
FOL,D,76,INFLOW,19960312 0000,19960312 0100,13415,,CFS
FOL,D,76,INFLOW,19960313 0000,19960313 0100,12028,,CFS
FOL,D,76,INFLOW,19960314 0000,19960314 0100,10612,,CFS
FOL,D,76,INFLOW,19960315 0000,19960315 0100,9942,,CFS
FOL,D,76,INFLOW,19960317 0000,19960317 0100,8623,,CFS
FOL,D,76,INFLOW,19960318 0000,19960318 0100,8658,,CFS
FOL,D,76,INFLOW,19960319 0000,19960319 0100,8647,,CFS
FOL,D,76,INFLOW,19960320 0000,19960320 0100,8630,,CFS
FOL,D,76,INFLOW,19960321 0000,19960321 0100,8339,,CFS
FOL,D,76,INFLOW,19960322 0000,19960322 0100,8394,,CFS
FOL,D,76,INFLOW,19960323 0000,19960323 0100,8530,,CFS
FOL,D,76,INFLOW,19960324 0000,19960324 0100,8260,,CFS
FOL,D,76,INFLOW,19960325 0000,19960325 0100,7374,,CFS
FOL,D,76,INFLOW,19960326 0000,19960326 0100,7036,,CFS
FOL,D,76,INFLOW,19960327 0000,19960327 0100,6600,,CFS
FOL,D,76,INFLOW,19960328 0000,19960328 0100,7767,,CFS
FOL,D,76,INFLOW,19960329 0000,19960329 0100,7930,,CFS
FOL,D,76,INFLOW,19960330 0000,19960330 0100,7371,,CFS
FOL,D,76,INFLOW,19960331 0000,19960331 0100,7201,,CFS
FOL,D,76,INFLOW,19960401 0000,19960401 0000,9892,,CFS
FOL,D,76,INFLOW,19960402 0000,19960402 0000,13452,,CFS
FOL,D,76,INFLOW,19960403 0000,19960403 0000,9772,,CFS
FOL,D,76,INFLOW,19960404 0000,19960404 0000,8818,,CFS
FOL,D,76,INFLOW,19960405 0000,19960405 0000,8056,,CFS
FOL,D,76,INFLOW,19960406 0000,19960406 0000,7535,,CFS
FOL,D,76,INFLOW,19960407 0000,19960407 0000,7374,,CFS
FOL,D,76,INFLOW,19960408 0000,19960408 0000,7871,,CFS
FOL,D,76,INFLOW,19960409 0000,19960409 0000,8323,,CFS
FOL,D,76,INFLOW,19960410 0000,19960410 0000,8281,,CFS
FOL,D,76,INFLOW,19960411 0000,19960411 0000,7997,,CFS
FOL,D,76,INFLOW,19960412 0000,19960412 0000,7377,,CFS
FOL,D,76,INFLOW,19960413 0000,19960413 0000,6952,,CFS
FOL,D,76,INFLOW,19960414 0000,19960414 0000,6866,,CFS
FOL,D,76,INFLOW,19960415 0000,19960415 0000,6763,,CFS
FOL,D,76,INFLOW,19960416 0000,19960416 0000,8145,,CFS
FOL,D,76,INFLOW,19960417 0000,19960417 0000,9305,,CFS
FOL,D,76,INFLOW,19960418 0000,19960418 0000,9438,,CFS
FOL,D,76,INFLOW,19960419 0000,19960419 0000,8796,,CFS
FOL,D,76,INFLOW,19960420 0000,19960420 0000,7805,,CFS
FOL,D,76,INFLOW,19960421 0000,19960421 0000,7326,,CFS
FOL,D,76,INFLOW,19960422 0000,19960422 0000,7145,,CFS
FOL,D,76,INFLOW,19960423 0000,19960423 0000,6796,,CFS
FOL,D,76,INFLOW,19960424 0000,19960424 0000,6926,,CFS
FOL,D,76,INFLOW,19960425 0000,19960425 0000,7362,,CFS
FOL,D,76,INFLOW,19960426 0000,19960426 0000,7844,,CFS
FOL,D,76,INFLOW,19960427 0000,19960427 0000,8256,,CFS
FOL,D,76,INFLOW,19960428 0000,19960428 0000,7866,,CFS
FOL,D,76,INFLOW,19960429 0000,19960429 0000,7173,,CFS
FOL,D,76,INFLOW,19960430 0000,19960430 0000,7773,,CFS
FOL,D,76,INFLOW,19960501 0000,19960501 0000,7308,,CFS
FOL,D,76,INFLOW,19960502 0000,19960502 0000,7971,,CFS
FOL,D,76,INFLOW,19960503 0000,19960503 0000,8044,,CFS
FOL,D,76,INFLOW,19960504 0000,19960504 0000,7547,,CFS
FOL,D,76,INFLOW,19960505 0000,19960505 0000,7358,,CFS
FOL,D,76,INFLOW,19960506 0000,19960506 0000,7128,,CFS
FOL,D,76,INFLOW,19960507 0000,19960507 0000,7044,,CFS
FOL,D,76,INFLOW,19960508 0000,19960508 0000,6922,,CFS
FOL,D,76,INFLOW,19960509 0000,19960509 0000,6573,,CFS
FOL,D,76,INFLOW,19960510 0000,19960510 0000,6531,,CFS
FOL,D,76,INFLOW,19960511 0000,19960511 0000,6740,,CFS
FOL,D,76,INFLOW,19960512 0000,19960512 0000,7477,,CFS
FOL,D,76,INFLOW,19960513 0000,19960513 0000,8164,,CFS
FOL,D,76,INFLOW,19960514 0000,19960514 0000,8760,,CFS
FOL,D,76,INFLOW,19960515 0000,19960515 0000,11657,,CFS
FOL,D,76,INFLOW,19960516 0000,19960516 0000,49212,,CFS
FOL,D,76,INFLOW,19960517 0000,19960517 0000,36904,,CFS
FOL,D,76,INFLOW,19960518 0000,19960518 0000,38845,,CFS
FOL,D,76,INFLOW,19960519 0000,19960519 0000,24200,,CFS
FOL,D,76,INFLOW,19960520 0000,19960520 0000,14870,,CFS
FOL,D,76,INFLOW,19960521 0000,19960521 0000,12011,,CFS
FOL,D,76,INFLOW,19960522 0000,19960522 0000,13265,,CFS
FOL,D,76,INFLOW,19960523 0000,19960523 0000,11791,,CFS
FOL,D,76,INFLOW,19960524 0000,19960524 0000,10808,,CFS
FOL,D,76,INFLOW,19960525 0000,19960525 0000,9503,,CFS
FOL,D,76,INFLOW,19960526 0000,19960526 0000,9116,,CFS
FOL,D,76,INFLOW,19960527 0000,19960527 0000,8401,,CFS
FOL,D,76,INFLOW,19960528 0000,19960528 0000,8257,,CFS
FOL,D,76,INFLOW,19960529 0000,19960529 0000,7627,,CFS
FOL,D,76,INFLOW,19960530 0000,19960530 0000,7375,,CFS
FOL,D,76,INFLOW,19960531 0000,19960531 0000,---,,CFS
FOL,D,76,INFLOW,19960601 0000,19960601 0000,6764,,CFS
FOL,D,76,INFLOW,19960602 0000,19960602 0000,6956,,CFS
FOL,D,76,INFLOW,19960603 0000,19960603 0000,6730,,CFS
FOL,D,76,INFLOW,19960604 0000,19960604 0000,7008,,CFS
FOL,D,76,INFLOW,19960605 0000,19960605 0000,6814,,CFS
FOL,D,76,INFLOW,19960606 0000,19960606 0000,6902,,CFS
FOL,D,76,INFLOW,19960607 0000,19960607 0000,6461,,CFS
FOL,D,76,INFLOW,19960608 0000,19960608 0000,6427,,CFS
FOL,D,76,INFLOW,19960609 0000,19960609 0000,5787,,CFS
FOL,D,76,INFLOW,19960610 0000,19960610 0000,5749,,CFS
FOL,D,76,INFLOW,19960611 0000,19960611 0000,5265,,CFS
FOL,D,76,INFLOW,19960612 0000,19960612 0000,5057,,CFS
FOL,D,76,INFLOW,19960613 0000,19960613 0000,4920,,CFS
FOL,D,76,INFLOW,19960614 0000,19960614 0000,4958,,CFS
FOL,D,76,INFLOW,19960615 0000,19960615 0000,4405,,CFS
FOL,D,76,INFLOW,19960616 0000,19960616 0000,4891,,CFS
FOL,D,76,INFLOW,19960617 0000,19960617 0000,3502,,CFS
FOL,D,76,INFLOW,19960618 0000,19960618 0000,3347,,CFS
FOL,D,76,INFLOW,19960619 0000,19960619 0000,3450,,CFS
FOL,D,76,INFLOW,19960620 0000,19960620 0000,3193,,CFS
FOL,D,76,INFLOW,19960621 0000,19960621 0000,2438,,CFS
FOL,D,76,INFLOW,19960622 0000,19960622 0000,2547,,CFS
FOL,D,76,INFLOW,19960623 0000,19960623 0000,2938,,CFS
FOL,D,76,INFLOW,19960624 0000,19960624 0000,2878,,CFS
FOL,D,76,INFLOW,19960625 0000,19960625 0000,3112,,CFS
FOL,D,76,INFLOW,19960626 0000,19960626 0000,2952,,CFS
FOL,D,76,INFLOW,19960627 0000,19960627 0000,2331,,CFS
FOL,D,76,INFLOW,19960628 0000,19960628 0000,2637,,CFS
FOL,D,76,INFLOW,19960629 0000,19960629 0000,2529,,CFS
FOL,D,76,INFLOW,19960630 0000,19960630 0000,2140,,CFS
FOL,D,76,INFLOW,19960701 0000,19960701 0000,2735,,CFS
FOL,D,76,INFLOW,19960702 0000,19960702 0000,2534,,CFS
FOL,D,76,INFLOW,19960703 0000,19960703 0000,2071,,CFS
FOL,D,76,INFLOW,19960704 0000,19960704 0000,2302,,CFS
FOL,D,76,INFLOW,19960705 0000,19960705 0000,2279,,CFS
FOL,D,76,INFLOW,19960706 0000,19960706 0000,2729,,CFS
FOL,D,76,INFLOW,19960707 0000,19960707 0000,2390,,CFS
FOL,D,76,INFLOW,19960708 0000,19960708 0000,2316,,CFS
FOL,D,76,INFLOW,19960709 0000,19960709 0000,2275,,CFS
FOL,D,76,INFLOW,19960710 0000,19960710 0000,2252,,CFS
FOL,D,76,INFLOW,19960711 0000,19960711 0000,2592,,CFS
FOL,D,76,INFLOW,19960712 0000,19960712 0000,2329,,CFS
FOL,D,76,INFLOW,19960713 0000,19960713 0000,1944,,CFS
FOL,D,76,INFLOW,19960714 0000,19960714 0000,2357,,CFS
FOL,D,76,INFLOW,19960715 0000,19960715 0000,1642,,CFS
FOL,D,76,INFLOW,19960716 0000,19960716 0000,1568,,CFS
FOL,D,76,INFLOW,19960717 0000,19960717 0000,1733,,CFS
FOL,D,76,INFLOW,19960718 0000,19960718 0000,1922,,CFS
FOL,D,76,INFLOW,19960719 0000,19960719 0000,2025,,CFS
FOL,D,76,INFLOW,19960720 0000,19960720 0000,1728,,CFS
FOL,D,76,INFLOW,19960721 0000,19960721 0000,1748,,CFS
FOL,D,76,INFLOW,19960722 0000,19960722 0000,1830,,CFS
FOL,D,76,INFLOW,19960723 0000,19960723 0000,2289,,CFS
FOL,D,76,INFLOW,19960724 0000,19960724 0000,2195,,CFS
FOL,D,76,INFLOW,19960725 0000,19960725 0000,1974,,CFS
FOL,D,76,INFLOW,19960726 0000,19960726 0000,2138,,CFS
FOL,D,76,INFLOW,19960727 0000,19960727 0000,1692,,CFS
FOL,D,76,INFLOW,19960728 0000,19960728 0000,1327,,CFS
FOL,D,76,INFLOW,19960729 0000,19960729 0000,2405,,CFS
FOL,D,76,INFLOW,19960730 0000,19960730 0000,2377,,CFS
FOL,D,76,INFLOW,19960731 0000,19960731 0000,1763,,CFS
FOL,D,76,INFLOW,19960801 0000,19960801 0000,1916,,CFS
FOL,D,76,INFLOW,19960802 0000,19960802 0000,1767,,CFS
FOL,D,76,INFLOW,19960803 0000,19960803 0000,1977,,CFS
FOL,D,76,INFLOW,19960804 0000,19960804 0000,1722,,CFS
FOL,D,76,INFLOW,19960805 0000,19960805 0000,1634,,CFS
FOL,D,76,INFLOW,19960806 0000,19960806 0000,1479,,CFS
FOL,D,76,INFLOW,19960807 0000,19960807 0000,1700,,CFS
FOL,D,76,INFLOW,19960808 0000,19960808 0000,1895,,CFS
FOL,D,76,INFLOW,19960809 0000,19960809 0000,1746,,CFS
FOL,D,76,INFLOW,19960810 0000,19960810 0000,2169,,CFS
FOL,D,76,INFLOW,19960811 0000,19960811 0000,2932,,CFS
FOL,D,76,INFLOW,19960812 0000,19960812 0000,2835,,CFS
FOL,D,76,INFLOW,19960813 0000,19960813 0000,1972,,CFS
FOL,D,76,INFLOW,19960814 0000,19960814 0000,1888,,CFS
FOL,D,76,INFLOW,19960815 0000,19960815 0000,1793,,CFS
FOL,D,76,INFLOW,19960816 0000,19960816 0000,1351,,CFS
FOL,D,76,INFLOW,19960817 0000,19960817 0000,1749,,CFS
FOL,D,76,INFLOW,19960818 0000,19960818 0000,1444,,CFS
FOL,D,76,INFLOW,19960819 0000,19960819 0000,1042,,CFS
FOL,D,76,INFLOW,19960820 0000,19960820 0000,1504,,CFS
FOL,D,76,INFLOW,19960821 0000,19960821 0000,1320,,CFS
FOL,D,76,INFLOW,19960822 0000,19960822 0000,1785,,CFS
FOL,D,76,INFLOW,19960823 0000,19960823 0000,1655,,CFS
FOL,D,76,INFLOW,19960824 0000,19960824 0000,1713,,CFS
FOL,D,76,INFLOW,19960825 0000,19960825 0000,1483,,CFS
FOL,D,76,INFLOW,19960826 0000,19960826 0000,1467,,CFS
FOL,D,76,INFLOW,19960827 0000,19960827 0000,1415,,CFS
FOL,D,76,INFLOW,19960828 0000,19960828 0000,1800,,CFS
FOL,D,76,INFLOW,19960829 0000,19960829 0000,2009,,CFS
FOL,D,76,INFLOW,19960830 0000,19960830 0000,2015,,CFS
FOL,D,76,INFLOW,19960831 0000,19960831 0000,2248,,CFS
FOL,D,76,INFLOW,19960901 0000,19960901 0000,1648,,CFS
FOL,D,76,INFLOW,19960902 0000,19960902 0000,1928,,CFS
FOL,D,76,INFLOW,19960903 0000,19960903 0000,1418,,CFS
FOL,D,76,INFLOW,19960904 0000,19960904 0000,1567,,CFS
FOL,D,76,INFLOW,19960905 0000,19960905 0000,1722,,CFS
FOL,D,76,INFLOW,19960906 0000,19960906 0000,1704,,CFS
FOL,D,76,INFLOW,19960907 0000,19960907 0000,1244,,CFS
FOL,D,76,INFLOW,19960908 0000,19960908 0000,1970,,CFS
FOL,D,76,INFLOW,19960909 0000,19960909 0000,1596,,CFS
FOL,D,76,INFLOW,19960910 0000,19960910 0000,2371,,CFS
FOL,D,76,INFLOW,19960911 0000,19960911 0000,1808,,CFS
FOL,D,76,INFLOW,19960912 0000,19960912 0000,1623,,CFS
FOL,D,76,INFLOW,19960913 0000,19960913 0000,1520,,CFS
FOL,D,76,INFLOW,19960914 0000,19960914 0000,1878,,CFS
FOL,D,76,INFLOW,19960915 0000,19960915 0000,1810,,CFS
FOL,D,76,INFLOW,19960916 0000,19960916 0000,2128,,CFS
FOL,D,76,INFLOW,19960917 0000,19960917 0000,2154,,CFS
FOL,D,76,INFLOW,19960918 0000,19960918 0000,2038,,CFS
FOL,D,76,INFLOW,19960919 0000,19960919 0000,2362,,CFS
FOL,D,76,INFLOW,19960920 0000,19960920 0000,2275,,CFS
FOL,D,76,INFLOW,19960921 0000,19960921 0000,1881,,CFS
FOL,D,76,INFLOW,19960922 0000,19960922 0000,1757,,CFS
FOL,D,76,INFLOW,19960923 0000,19960923 0000,1908,,CFS
FOL,D,76,INFLOW,19960924 0000,19960924 0000,1577,,CFS
FOL,D,76,INFLOW,19960925 0000,19960925 0000,1772,,CFS
FOL,D,76,INFLOW,19960926 0000,19960926 0000,1403,,CFS
FOL,D,76,INFLOW,19960927 0000,19960927 0000,1515,,CFS
FOL,D,76,INFLOW,19960928 0000,19960928 0000,2104,,CFS
FOL,D,76,INFLOW,19960929 0000,19960929 0000,1755,,CFS
FOL,D,76,INFLOW,19960930 0000,19960930 0000,1900,,CFS
FOL,D,76,INFLOW,19961001 0000,19961001 0000,1521,,CFS
FOL,D,76,INFLOW,19961002 0000,19961002 0000,1488,,CFS
FOL,D,76,INFLOW,19961003 0000,19961003 0000,820,,CFS
FOL,D,76,INFLOW,19961004 0000,19961004 0000,1110,,CFS
FOL,D,76,INFLOW,19961005 0000,19961005 0000,1240,,CFS
FOL,D,76,INFLOW,19961006 0000,19961006 0000,986,,CFS
FOL,D,76,INFLOW,19961007 0000,19961007 0000,1303,,CFS
FOL,D,76,INFLOW,19961008 0000,19961008 0000,1006,,CFS
FOL,D,76,INFLOW,19961009 0000,19961009 0000,1823,,CFS
FOL,D,76,INFLOW,19961010 0000,19961010 0000,1163,,CFS
FOL,D,76,INFLOW,19961011 0000,19961011 0000,937,,CFS
FOL,D,76,INFLOW,19961012 0000,19961012 0000,1222,,CFS
FOL,D,76,INFLOW,19961013 0000,19961013 0000,952,,CFS
FOL,D,76,INFLOW,19961014 0000,19961014 0000,935,,CFS
FOL,D,76,INFLOW,19961015 0000,19961015 0000,1123,,CFS
FOL,D,76,INFLOW,19961016 0000,19961016 0000,1375,,CFS
FOL,D,76,INFLOW,19961017 0000,19961017 0000,1234,,CFS
FOL,D,76,INFLOW,19961018 0000,19961018 0000,1414,,CFS
FOL,D,76,INFLOW,19961019 0000,19961019 0000,1251,,CFS
FOL,D,76,INFLOW,19961020 0000,19961020 0000,1667,,CFS
FOL,D,76,INFLOW,19961021 0000,19961021 0000,1692,,CFS
FOL,D,76,INFLOW,19961022 0000,19961022 0000,1056,,CFS
FOL,D,76,INFLOW,19961023 0000,19961023 0000,1842,,CFS
FOL,D,76,INFLOW,19961024 0000,19961024 0000,1730,,CFS
FOL,D,76,INFLOW,19961025 0000,19961025 0000,1776,,CFS
FOL,D,76,INFLOW,19961026 0000,19961026 0000,1558,,CFS
FOL,D,76,INFLOW,19961027 0000,19961027 0000,1270,,CFS
FOL,D,76,INFLOW,19961028 0000,19961028 0000,1309,,CFS
FOL,D,76,INFLOW,19961029 0000,19961029 0000,1788,,CFS
FOL,D,76,INFLOW,19961030 0000,19961030 0000,1606,,CFS
FOL,D,76,INFLOW,19961031 0000,19961031 0000,1606,,CFS
FOL,D,76,INFLOW,19961101 0000,19961101 0000,1440,,CFS
FOL,D,76,INFLOW,19961102 0000,19961102 0000,1071,,CFS
FOL,D,76,INFLOW,19961103 0000,19961103 0000,1167,,CFS
FOL,D,76,INFLOW,19961104 0000,19961104 0000,1224,,CFS
FOL,D,76,INFLOW,19961105 0000,19961105 0000,1383,,CFS
FOL,D,76,INFLOW,19961106 0000,19961106 0000,1100,,CFS
FOL,D,76,INFLOW,19961107 0000,19961107 0000,1335,,CFS
FOL,D,76,INFLOW,19961108 0000,19961108 0000,---,,CFS
FOL,D,76,INFLOW,19961109 0000,19961109 0000,938,,CFS
FOL,D,76,INFLOW,19961110 0000,19961110 0000,1277,,CFS
FOL,D,76,INFLOW,19961111 0000,19961111 0000,1361,,CFS
FOL,D,76,INFLOW,19961112 0000,19961112 0000,1152,,CFS
FOL,D,76,INFLOW,19961113 0000,19961113 0000,1082,,CFS
FOL,D,76,INFLOW,19961114 0000,19961114 0000,1383,,CFS
FOL,D,76,INFLOW,19961115 0000,19961115 0000,1543,,CFS
FOL,D,76,INFLOW,19961116 0000,19961116 0000,1561,,CFS
FOL,D,76,INFLOW,19961117 0000,19961117 0000,2629,,CFS
FOL,D,76,INFLOW,19961118 0000,19961118 0000,8713,,CFS
FOL,D,76,INFLOW,19961119 0000,19961119 0000,5747,,CFS
FOL,D,76,INFLOW,19961120 0000,19961120 0000,4282,,CFS
FOL,D,76,INFLOW,19961121 0000,19961121 0000,3055,,CFS
FOL,D,76,INFLOW,19961122 0000,19961122 0000,4392,,CFS
FOL,D,76,INFLOW,19961123 0000,19961123 0000,6044,,CFS
FOL,D,76,INFLOW,19961124 0000,19961124 0000,3919,,CFS
FOL,D,76,INFLOW,19961125 0000,19961125 0000,2953,,CFS
FOL,D,76,INFLOW,19961126 0000,19961126 0000,2539,,CFS
FOL,D,76,INFLOW,19961127 0000,19961127 0000,2274,,CFS
FOL,D,76,INFLOW,19961128 0000,19961128 0000,2438,,CFS
FOL,D,76,INFLOW,19961129 0000,19961129 0000,2467,,CFS
FOL,D,76,INFLOW,19961130 0000,19961130 0000,1597,,CFS
FOL,D,76,INFLOW,19961201 0000,19961201 0100,2511,,CFS
FOL,D,76,INFLOW,19961202 0000,19961202 0100,3451,,CFS
FOL,D,76,INFLOW,19961203 0000,19961203 0100,2848,,CFS
FOL,D,76,INFLOW,19961204 0000,19961204 0100,2386,,CFS
FOL,D,76,INFLOW,19961205 0000,19961205 0100,20758,,CFS
FOL,D,76,INFLOW,19961206 0000,19961206 0100,12441,,CFS
FOL,D,76,INFLOW,19961207 0000,19961207 0100,8412,,CFS
FOL,D,76,INFLOW,19961208 0000,19961208 0100,6085,,CFS
FOL,D,76,INFLOW,19961209 0000,19961209 0100,6735,,CFS
FOL,D,76,INFLOW,19961210 0000,19961210 0100,14139,,CFS
FOL,D,76,INFLOW,19961211 0000,19961211 0100,16438,,CFS
FOL,D,76,INFLOW,19961212 0000,19961212 0100,46560,,CFS
FOL,D,76,INFLOW,19961213 0000,19961213 0100,27517,,CFS
FOL,D,76,INFLOW,19961214 0000,19961214 0100,16673,,CFS
FOL,D,76,INFLOW,19961215 0000,19961215 0100,11372,,CFS
FOL,D,76,INFLOW,19961216 0000,19961216 0100,9494,,CFS
FOL,D,76,INFLOW,19961217 0000,19961217 0100,8353,,CFS
FOL,D,76,INFLOW,19961218 0000,19961218 0100,7494,,CFS
FOL,D,76,INFLOW,19961219 0000,19961219 0100,7178,,CFS
FOL,D,76,INFLOW,19961220 0000,19961220 0100,6454,,CFS
FOL,D,76,INFLOW,19961221 0000,19961221 0100,14620,,CFS
FOL,D,76,INFLOW,19961222 0000,19961222 0100,16341,,CFS
FOL,D,76,INFLOW,19961223 0000,19961223 0100,11472,,CFS
FOL,D,76,INFLOW,19961224 0000,19961224 0100,8268,,CFS
FOL,D,76,INFLOW,19961225 0000,19961225 0100,6926,,CFS
FOL,D,76,INFLOW,19961226 0000,19961226 0100,8925,,CFS
FOL,D,76,INFLOW,19961227 0000,19961227 0100,28515,,CFS
FOL,D,76,INFLOW,19961228 0000,19961228 0100,25126,,CFS
FOL,D,76,INFLOW,19961229 0000,19961229 0100,19637,,CFS
FOL,D,76,INFLOW,19961230 0000,19961230 0100,41254,,CFS
FOL,D,76,INFLOW,19961231 0000,19961231 0100,55326,,CFS
FOL,D,76,INFLOW,19970101 0000,19970101 0100,126495,,CFS
FOL,D,76,INFLOW,19970102 0000,19970102 0100,209860,,CFS
FOL,D,76,INFLOW,19970103 0000,19970103 0100,90914,,CFS
FOL,D,76,INFLOW,19970104 0000,19970104 0100,48103,,CFS
FOL,D,76,INFLOW,19970105 0000,19970105 0100,32278,,CFS
FOL,D,76,INFLOW,19970106 0000,19970106 0100,22108,,CFS
FOL,D,76,INFLOW,19970107 0000,19970107 0100,17124,,CFS
FOL,D,76,INFLOW,19970108 0000,19970108 0100,14569,,CFS
FOL,D,76,INFLOW,19970109 0000,19970109 0100,7769,,CFS
FOL,D,76,INFLOW,19970110 0000,19970110 0100,11331,,CFS
FOL,D,76,INFLOW,19970111 0000,19970111 0100,10618,,CFS
FOL,D,76,INFLOW,19970112 0000,19970112 0100,10078,,CFS
FOL,D,76,INFLOW,19970113 0000,19970113 0100,9510,,CFS
FOL,D,76,INFLOW,19970114 0000,19970114 0100,8659,,CFS
FOL,D,76,INFLOW,19970115 0000,19970115 0100,7824,,CFS
FOL,D,76,INFLOW,19970116 0000,19970116 0100,7927,,CFS
FOL,D,76,INFLOW,19970117 0000,19970117 0100,7292,,CFS
FOL,D,76,INFLOW,19970118 0000,19970118 0100,6464,,CFS
FOL,D,76,INFLOW,19970119 0000,19970119 0100,6718,,CFS
FOL,D,76,INFLOW,19970120 0000,19970120 0100,7725,,CFS
FOL,D,76,INFLOW,19970121 0000,19970121 0100,9354,,CFS
FOL,D,76,INFLOW,19970122 0000,19970122 0100,31161,,CFS
FOL,D,76,INFLOW,19970123 0000,19970123 0100,41434,,CFS
FOL,D,76,INFLOW,19970124 0000,19970124 0100,20006,,CFS
FOL,D,76,INFLOW,19970125 0000,19970125 0100,31045,,CFS
FOL,D,76,INFLOW,19970126 0000,19970126 0100,62309,,CFS
FOL,D,76,INFLOW,19970127 0000,19970127 0100,37575,,CFS
FOL,D,76,INFLOW,19970128 0000,19970128 0100,24454,,CFS
FOL,D,76,INFLOW,19970129 0000,19970129 0100,19794,,CFS
FOL,D,76,INFLOW,19970130 0000,19970130 0100,16480,,CFS
FOL,D,76,INFLOW,19970131 0000,19970131 0100,14797,,CFS
FOL,D,76,INFLOW,19970201 0000,19970201 0100,13395,,CFS
FOL,D,76,INFLOW,19970202 0000,19970202 0100,12854,,CFS
FOL,D,76,INFLOW,19970203 0000,19970203 0100,11070,,CFS
FOL,D,76,INFLOW,19970204 0000,19970204 0100,11006,,CFS
FOL,D,76,INFLOW,19970205 0000,19970205 0100,10067,,CFS
FOL,D,76,INFLOW,19970206 0000,19970206 0100,9418,,CFS
FOL,D,76,INFLOW,19970207 0000,19970207 0100,8838,,CFS
FOL,D,76,INFLOW,19970208 0000,19970208 0100,8885,,CFS
FOL,D,76,INFLOW,19970209 0000,19970209 0100,8447,,CFS
FOL,D,76,INFLOW,19970210 0000,19970210 0100,8220,,CFS
FOL,D,76,INFLOW,19970211 0000,19970211 0100,7688,,CFS
FOL,D,76,INFLOW,19970212 0000,19970212 0100,7801,,CFS
FOL,D,76,INFLOW,19970213 0000,19970213 0100,7072,,CFS
FOL,D,76,INFLOW,19970214 0000,19970214 0100,6737,,CFS
FOL,D,76,INFLOW,19970215 0000,19970215 0100,7056,,CFS
FOL,D,76,INFLOW,19970216 0000,19970216 0100,6967,,CFS
FOL,D,76,INFLOW,19970217 0000,19970217 0100,7373,,CFS
FOL,D,76,INFLOW,19970218 0000,19970218 0100,7351,,CFS
FOL,D,76,INFLOW,19970219 0000,19970219 0100,7274,,CFS
FOL,D,76,INFLOW,19970220 0000,19970220 0100,6530,,CFS
FOL,D,76,INFLOW,19970221 0000,19970221 0100,6467,,CFS
FOL,D,76,INFLOW,19970222 0000,19970222 0100,6016,,CFS
FOL,D,76,INFLOW,19970223 0000,19970223 0100,6368,,CFS
FOL,D,76,INFLOW,19970224 0000,19970224 0100,6248,,CFS
FOL,D,76,INFLOW,19970225 0000,19970225 0100,6096,,CFS
FOL,D,76,INFLOW,19970226 0000,19970226 0100,5212,,CFS
FOL,D,76,INFLOW,19970227 0000,19970227 0100,4632,,CFS
FOL,D,76,INFLOW,19970228 0000,19970228 0100,5462,,CFS
FOL,D,76,INFLOW,19970301 0000,19970301 0100,5572,,CFS
FOL,D,76,INFLOW,19970302 0000,19970302 0100,5261,,CFS
FOL,D,76,INFLOW,19970303 0000,19970303 0100,5916,,CFS
FOL,D,76,INFLOW,19970304 0000,19970304 0100,5379,,CFS
FOL,D,76,INFLOW,19970305 0000,19970305 0100,4680,,CFS
FOL,D,76,INFLOW,19970306 0000,19970306 0100,5145,,CFS
FOL,D,76,INFLOW,19970307 0000,19970307 0100,5261,,CFS
FOL,D,76,INFLOW,19970308 0000,19970308 0100,5307,,CFS
FOL,D,76,INFLOW,19970309 0000,19970309 0100,5292,,CFS
FOL,D,76,INFLOW,19970310 0000,19970310 0100,5268,,CFS
FOL,D,76,INFLOW,19970311 0000,19970311 0100,5509,,CFS
FOL,D,76,INFLOW,19970312 0000,19970312 0100,5481,,CFS
FOL,D,76,INFLOW,19970313 0000,19970313 0100,5155,,CFS
FOL,D,76,INFLOW,19970314 0000,19970314 0100,4749,,CFS
FOL,D,76,INFLOW,19970315 0000,19970315 0100,5067,,CFS
FOL,D,76,INFLOW,19970316 0000,19970316 0100,5237,,CFS
FOL,D,76,INFLOW,19970317 0000,19970317 0100,5720,,CFS
FOL,D,76,INFLOW,19970318 0000,19970318 0100,5302,,CFS
FOL,D,76,INFLOW,19970319 0000,19970319 0100,5375,,CFS
FOL,D,76,INFLOW,19970320 0000,19970320 0100,5560,,CFS
FOL,D,76,INFLOW,19970321 0000,19970321 0100,5396,,CFS
FOL,D,76,INFLOW,19970322 0000,19970322 0100,5267,,CFS
FOL,D,76,INFLOW,19970323 0000,19970323 0100,5636,,CFS
FOL,D,76,INFLOW,19970324 0000,19970324 0100,5532,,CFS
FOL,D,76,INFLOW,19970325 0000,19970325 0100,5966,,CFS
FOL,D,76,INFLOW,19970326 0000,19970326 0100,5405,,CFS
FOL,D,76,INFLOW,19970327 0000,19970327 0100,6062,,CFS
FOL,D,76,INFLOW,19970328 0000,19970328 0100,5843,,CFS
FOL,D,76,INFLOW,19970329 0000,19970329 0100,5382,,CFS
FOL,D,76,INFLOW,19970330 0000,19970330 0100,4936,,CFS
FOL,D,76,INFLOW,19970331 0000,19970331 0100,5045,,CFS
FOL,D,76,INFLOW,19970401 0000,19970401 0100,4784,,CFS
FOL,D,76,INFLOW,19970402 0000,19970402 0100,4278,,CFS
FOL,D,76,INFLOW,19970403 0000,19970403 0100,4079,,CFS
FOL,D,76,INFLOW,19970404 0000,19970404 0100,3534,,CFS
FOL,D,76,INFLOW,19970405 0000,19970405 0000,3657,,CFS
FOL,D,76,INFLOW,19970406 0000,19970406 0000,3318,,CFS
FOL,D,76,INFLOW,19970407 0000,19970407 0000,3625,,CFS
FOL,D,76,INFLOW,19970408 0000,19970408 0000,3284,,CFS
FOL,D,76,INFLOW,19970409 0000,19970409 0000,3550,,CFS
FOL,D,76,INFLOW,19970410 0000,19970410 0000,3614,,CFS
FOL,D,76,INFLOW,19970411 0000,19970411 0000,3405,,CFS
FOL,D,76,INFLOW,19970412 0000,19970412 0000,2801,,CFS
FOL,D,76,INFLOW,19970413 0000,19970413 0000,2878,,CFS
FOL,D,76,INFLOW,19970414 0000,19970414 0000,3027,,CFS
FOL,D,76,INFLOW,19970415 0000,19970415 0000,3572,,CFS
FOL,D,76,INFLOW,19970416 0000,19970416 0000,3169,,CFS
FOL,D,76,INFLOW,19970417 0000,19970417 0000,4118,,CFS
FOL,D,76,INFLOW,19970418 0000,19970418 0000,4013,,CFS
FOL,D,76,INFLOW,19970419 0000,19970419 0000,5581,,CFS
FOL,D,76,INFLOW,19970420 0000,19970420 0000,6386,,CFS
FOL,D,76,INFLOW,19970421 0000,19970421 0000,5628,,CFS
FOL,D,76,INFLOW,19970422 0000,19970422 0000,5903,,CFS
FOL,D,76,INFLOW,19970423 0000,19970423 0000,6231,,CFS
FOL,D,76,INFLOW,19970424 0000,19970424 0000,5236,,CFS
FOL,D,76,INFLOW,19970425 0000,19970425 0000,4685,,CFS
FOL,D,76,INFLOW,19970426 0000,19970426 0000,4298,,CFS
FOL,D,76,INFLOW,19970427 0000,19970427 0000,4331,,CFS
FOL,D,76,INFLOW,19970428 0000,19970428 0000,4877,,CFS
FOL,D,76,INFLOW,19970429 0000,19970429 0000,4159,,CFS
FOL,D,76,INFLOW,19970430 0000,19970430 0000,3904,,CFS
FOL,D,76,INFLOW,19970501 0000,19970501 0000,3986,,CFS
FOL,D,76,INFLOW,19970502 0000,19970502 0000,3648,,CFS
FOL,D,76,INFLOW,19970503 0000,19970503 0000,3216,,CFS
FOL,D,76,INFLOW,19970504 0000,19970504 0000,3818,,CFS
FOL,D,76,INFLOW,19970505 0000,19970505 0000,4378,,CFS
FOL,D,76,INFLOW,19970506 0000,19970506 0000,3850,,CFS
FOL,D,76,INFLOW,19970507 0000,19970507 0000,3782,,CFS
FOL,D,76,INFLOW,19970508 0000,19970508 0000,4047,,CFS
FOL,D,76,INFLOW,19970509 0000,19970509 0000,3855,,CFS
FOL,D,76,INFLOW,19970510 0000,19970510 0000,4458,,CFS
FOL,D,76,INFLOW,19970511 0000,19970511 0000,4357,,CFS
FOL,D,76,INFLOW,19970512 0000,19970512 0000,4379,,CFS
FOL,D,76,INFLOW,19970513 0000,19970513 0000,4418,,CFS
FOL,D,76,INFLOW,19970514 0000,19970514 0000,4556,,CFS
FOL,D,76,INFLOW,19970515 0000,19970515 0000,4542,,CFS
FOL,D,76,INFLOW,19970516 0000,19970516 0000,4241,,CFS
FOL,D,76,INFLOW,19970517 0000,19970517 0000,4535,,CFS
FOL,D,76,INFLOW,19970518 0000,19970518 0000,4896,,CFS
FOL,D,76,INFLOW,19970519 0000,19970519 0000,4226,,CFS
FOL,D,76,INFLOW,19970520 0000,19970520 0000,3887,,CFS
FOL,D,76,INFLOW,19970521 0000,19970521 0000,3760,,CFS
FOL,D,76,INFLOW,19970522 0000,19970522 0000,3342,,CFS
FOL,D,76,INFLOW,19970523 0000,19970523 0000,3738,,CFS
FOL,D,76,INFLOW,19970524 0000,19970524 0000,3279,,CFS
FOL,D,76,INFLOW,19970525 0000,19970525 0000,3537,,CFS
FOL,D,76,INFLOW,19970526 0000,19970526 0000,3222,,CFS
FOL,D,76,INFLOW,19970527 0000,19970527 0000,3067,,CFS
FOL,D,76,INFLOW,19970528 0000,19970528 0000,2813,,CFS
FOL,D,76,INFLOW,19970529 0000,19970529 0000,3545,,CFS
FOL,D,76,INFLOW,19970530 0000,19970530 0000,---,,CFS
FOL,D,76,INFLOW,19970531 0000,19970531 0000,2894,,CFS
FOL,D,76,INFLOW,19970601 0000,19970601 0000,3291,,CFS
FOL,D,76,INFLOW,19970602 0000,19970602 0000,3134,,CFS
FOL,D,76,INFLOW,19970603 0000,19970603 0000,3278,,CFS
FOL,D,76,INFLOW,19970604 0000,19970604 0000,3818,,CFS
FOL,D,76,INFLOW,19970605 0000,19970605 0000,6408,,CFS
FOL,D,76,INFLOW,19970606 0000,19970606 0000,5825,,CFS
FOL,D,76,INFLOW,19970607 0000,19970607 0000,4769,,CFS
FOL,D,76,INFLOW,19970608 0000,19970608 0000,3769,,CFS
FOL,D,76,INFLOW,19970609 0000,19970609 0000,3220,,CFS
FOL,D,76,INFLOW,19970610 0000,19970610 0000,3912,,CFS
FOL,D,76,INFLOW,19970611 0000,19970611 0000,2528,,CFS
FOL,D,76,INFLOW,19970612 0000,19970612 0000,2695,,CFS
FOL,D,76,INFLOW,19970613 0000,19970613 0000,1934,,CFS
FOL,D,76,INFLOW,19970614 0000,19970614 0000,2423,,CFS
FOL,D,76,INFLOW,19970615 0000,19970615 0000,2074,,CFS
FOL,D,76,INFLOW,19970616 0000,19970616 0000,2886,,CFS
FOL,D,76,INFLOW,19970617 0000,19970617 0000,3102,,CFS
FOL,D,76,INFLOW,19970618 0000,19970618 0000,2450,,CFS
FOL,D,76,INFLOW,19970619 0000,19970619 0000,2452,,CFS
FOL,D,76,INFLOW,19970620 0000,19970620 0000,2673,,CFS
FOL,D,76,INFLOW,19970621 0000,19970621 0000,1888,,CFS
FOL,D,76,INFLOW,19970622 0000,19970622 0000,2155,,CFS
FOL,D,76,INFLOW,19970623 0000,19970623 0000,2122,,CFS
FOL,D,76,INFLOW,19970624 0000,19970624 0000,2423,,CFS
FOL,D,76,INFLOW,19970625 0000,19970625 0000,2205,,CFS
FOL,D,76,INFLOW,19970626 0000,19970626 0000,2105,,CFS
FOL,D,76,INFLOW,19970627 0000,19970627 0000,1337,,CFS
FOL,D,76,INFLOW,19970628 0000,19970628 0000,1543,,CFS
FOL,D,76,INFLOW,19970629 0000,19970629 0000,1028,,CFS
FOL,D,76,INFLOW,19970630 0000,19970630 0000,1474,,CFS
FOL,D,76,INFLOW,19970701 0000,19970701 0000,1610,,CFS
FOL,D,76,INFLOW,19970702 0000,19970702 0000,1566,,CFS
FOL,D,76,INFLOW,19970703 0000,19970703 0000,1662,,CFS
FOL,D,76,INFLOW,19970704 0000,19970704 0000,1964,,CFS
FOL,D,76,INFLOW,19970705 0000,19970705 0000,1562,,CFS
FOL,D,76,INFLOW,19970706 0000,19970706 0000,1788,,CFS
FOL,D,76,INFLOW,19970707 0000,19970707 0000,1755,,CFS
FOL,D,76,INFLOW,19970708 0000,19970708 0000,2520,,CFS
FOL,D,76,INFLOW,19970709 0000,19970709 0000,2102,,CFS
FOL,D,76,INFLOW,19970710 0000,19970710 0000,1990,,CFS
FOL,D,76,INFLOW,19970711 0000,19970711 0000,1777,,CFS
FOL,D,76,INFLOW,19970712 0000,19970712 0000,1921,,CFS
FOL,D,76,INFLOW,19970713 0000,19970713 0000,1794,,CFS
FOL,D,76,INFLOW,19970714 0000,19970714 0000,1925,,CFS
FOL,D,76,INFLOW,19970715 0000,19970715 0000,2242,,CFS
FOL,D,76,INFLOW,19970716 0000,19970716 0000,1983,,CFS
FOL,D,76,INFLOW,19970717 0000,19970717 0000,1212,,CFS
FOL,D,76,INFLOW,19970718 0000,19970718 0000,2106,,CFS
FOL,D,76,INFLOW,19970719 0000,19970719 0000,2219,,CFS
FOL,D,76,INFLOW,19970720 0000,19970720 0000,1093,,CFS
FOL,D,76,INFLOW,19970721 0000,19970721 0000,2020,,CFS
FOL,D,76,INFLOW,19970722 0000,19970722 0000,2010,,CFS
FOL,D,76,INFLOW,19970723 0000,19970723 0000,1503,,CFS
FOL,D,76,INFLOW,19970724 0000,19970724 0000,1949,,CFS
FOL,D,76,INFLOW,19970725 0000,19970725 0000,1881,,CFS
FOL,D,76,INFLOW,19970726 0000,19970726 0000,2024,,CFS
FOL,D,76,INFLOW,19970727 0000,19970727 0000,1638,,CFS
FOL,D,76,INFLOW,19970728 0000,19970728 0000,1582,,CFS
FOL,D,76,INFLOW,19970729 0000,19970729 0000,1906,,CFS
FOL,D,76,INFLOW,19970730 0000,19970730 0000,1968,,CFS
FOL,D,76,INFLOW,19970731 0000,19970731 0000,1495,,CFS
FOL,D,76,INFLOW,19970801 0000,19970801 0000,1903,,CFS
FOL,D,76,INFLOW,19970802 0000,19970802 0000,1812,,CFS
FOL,D,76,INFLOW,19970803 0000,19970803 0000,1656,,CFS
FOL,D,76,INFLOW,19970804 0000,19970804 0000,1984,,CFS
FOL,D,76,INFLOW,19970805 0000,19970805 0000,2186,,CFS
FOL,D,76,INFLOW,19970806 0000,19970806 0000,2275,,CFS
FOL,D,76,INFLOW,19970807 0000,19970807 0000,2177,,CFS
FOL,D,76,INFLOW,19970808 0000,19970808 0000,1989,,CFS
FOL,D,76,INFLOW,19970809 0000,19970809 0000,1771,,CFS
FOL,D,76,INFLOW,19970810 0000,19970810 0000,1642,,CFS
FOL,D,76,INFLOW,19970811 0000,19970811 0000,1493,,CFS
FOL,D,76,INFLOW,19970812 0000,19970812 0000,1929,,CFS
FOL,D,76,INFLOW,19970813 0000,19970813 0000,1988,,CFS
FOL,D,76,INFLOW,19970814 0000,19970814 0000,1940,,CFS
FOL,D,76,INFLOW,19970815 0000,19970815 0000,1681,,CFS
FOL,D,76,INFLOW,19970816 0000,19970816 0000,1722,,CFS
FOL,D,76,INFLOW,19970817 0000,19970817 0000,1641,,CFS
FOL,D,76,INFLOW,19970818 0000,19970818 0000,1599,,CFS
FOL,D,76,INFLOW,19970819 0000,19970819 0000,1542,,CFS
FOL,D,76,INFLOW,19970820 0000,19970820 0000,1878,,CFS
FOL,D,76,INFLOW,19970821 0000,19970821 0000,1938,,CFS
FOL,D,76,INFLOW,19970822 0000,19970822 0000,2257,,CFS
FOL,D,76,INFLOW,19970823 0000,19970823 0000,2051,,CFS
FOL,D,76,INFLOW,19970824 0000,19970824 0000,2061,,CFS
FOL,D,76,INFLOW,19970825 0000,19970825 0000,2316,,CFS
FOL,D,76,INFLOW,19970826 0000,19970826 0000,2752,,CFS
FOL,D,76,INFLOW,19970827 0000,19970827 0000,2660,,CFS
FOL,D,76,INFLOW,19970828 0000,19970828 0000,2375,,CFS
FOL,D,76,INFLOW,19970829 0000,19970829 0000,2552,,CFS
FOL,D,76,INFLOW,19970830 0000,19970830 0000,2380,,CFS
FOL,D,76,INFLOW,19970831 0000,19970831 0000,2087,,CFS
FOL,D,76,INFLOW,19970901 0000,19970901 0000,2461,,CFS
FOL,D,76,INFLOW,19970902 0000,19970902 0000,2725,,CFS
FOL,D,76,INFLOW,19970903 0000,19970903 0000,2652,,CFS
FOL,D,76,INFLOW,19970904 0000,19970904 0000,2676,,CFS
FOL,D,76,INFLOW,19970905 0000,19970905 0000,2496,,CFS
FOL,D,76,INFLOW,19970906 0000,19970906 0000,2125,,CFS
FOL,D,76,INFLOW,19970907 0000,19970907 0000,2373,,CFS
FOL,D,76,INFLOW,19970908 0000,19970908 0000,2401,,CFS
FOL,D,76,INFLOW,19970909 0000,19970909 0000,2567,,CFS
FOL,D,76,INFLOW,19970910 0000,19970910 0000,2867,,CFS
FOL,D,76,INFLOW,19970911 0000,19970911 0000,2362,,CFS
FOL,D,76,INFLOW,19970912 0000,19970912 0000,2565,,CFS
FOL,D,76,INFLOW,19970913 0000,19970913 0000,2625,,CFS
FOL,D,76,INFLOW,19970914 0000,19970914 0000,2010,,CFS
FOL,D,76,INFLOW,19970915 0000,19970915 0000,1932,,CFS
FOL,D,76,INFLOW,19970916 0000,19970916 0000,2428,,CFS
FOL,D,76,INFLOW,19970917 0000,19970917 0000,2229,,CFS
FOL,D,76,INFLOW,19970918 0000,19970918 0000,1877,,CFS
FOL,D,76,INFLOW,19970919 0000,19970919 0000,1782,,CFS
FOL,D,76,INFLOW,19970920 0000,19970920 0000,2054,,CFS
FOL,D,76,INFLOW,19970921 0000,19970921 0000,1407,,CFS
FOL,D,76,INFLOW,19970922 0000,19970922 0000,1587,,CFS
FOL,D,76,INFLOW,19970923 0000,19970923 0000,1679,,CFS
FOL,D,76,INFLOW,19970924 0000,19970924 0000,1821,,CFS
FOL,D,76,INFLOW,19970925 0000,19970925 0000,1697,,CFS
FOL,D,76,INFLOW,19970926 0000,19970926 0000,1160,,CFS
FOL,D,76,INFLOW,19970927 0000,19970927 0000,1025,,CFS
FOL,D,76,INFLOW,19970928 0000,19970928 0000,1449,,CFS
FOL,D,76,INFLOW,19970929 0000,19970929 0000,1674,,CFS
FOL,D,76,INFLOW,19970930 0000,19970930 0000,1865,,CFS
FOL,D,76,INFLOW,19971001 0000,19971001 0000,1643,,CFS
FOL,D,76,INFLOW,19971002 0000,19971002 0000,1288,,CFS
FOL,D,76,INFLOW,19971003 0000,19971003 0000,1097,,CFS
FOL,D,76,INFLOW,19971004 0000,19971004 0000,1517,,CFS
FOL,D,76,INFLOW,19971005 0000,19971005 0000,941,,CFS
FOL,D,76,INFLOW,19971006 0000,19971006 0000,857,,CFS
FOL,D,76,INFLOW,19971007 0000,19971007 0000,1334,,CFS
FOL,D,76,INFLOW,19971008 0000,19971008 0000,885,,CFS
FOL,D,76,INFLOW,19971009 0000,19971009 0000,1720,,CFS
FOL,D,76,INFLOW,19971010 0000,19971010 0000,1754,,CFS
FOL,D,76,INFLOW,19971011 0000,19971011 0000,859,,CFS
FOL,D,76,INFLOW,19971012 0000,19971012 0000,1655,,CFS
FOL,D,76,INFLOW,19971013 0000,19971013 0000,1989,,CFS
FOL,D,76,INFLOW,19971014 0000,19971014 0000,2092,,CFS
FOL,D,76,INFLOW,19971015 0000,19971015 0000,2075,,CFS
FOL,D,76,INFLOW,19971016 0000,19971016 0000,1655,,CFS
FOL,D,76,INFLOW,19971017 0000,19971017 0000,1897,,CFS
FOL,D,76,INFLOW,19971018 0000,19971018 0000,2109,,CFS
FOL,D,76,INFLOW,19971019 0000,19971019 0000,1364,,CFS
FOL,D,76,INFLOW,19971020 0000,19971020 0000,1559,,CFS
FOL,D,76,INFLOW,19971021 0000,19971021 0000,1036,,CFS
FOL,D,76,INFLOW,19971022 0000,19971022 0000,1512,,CFS
FOL,D,76,INFLOW,19971023 0000,19971023 0000,1724,,CFS
FOL,D,76,INFLOW,19971024 0000,19971024 0000,1504,,CFS
FOL,D,76,INFLOW,19971025 0000,19971025 0100,1552,,CFS
FOL,D,76,INFLOW,19971026 0000,19971026 0100,1610,,CFS
FOL,D,76,INFLOW,19971027 0000,19971027 0100,1341,,CFS
FOL,D,76,INFLOW,19971028 0000,19971028 0100,1839,,CFS
FOL,D,76,INFLOW,19971029 0000,19971029 0100,1412,,CFS
FOL,D,76,INFLOW,19971030 0000,19971030 0100,1643,,CFS
FOL,D,76,INFLOW,19971031 0000,19971031 0100,2173,,CFS
FOL,D,76,INFLOW,19971101 0000,19971101 0100,1480,,CFS
FOL,D,76,INFLOW,19971102 0000,19971102 0100,775,,CFS
FOL,D,76,INFLOW,19971103 0000,19971103 0100,1228,,CFS
FOL,D,76,INFLOW,19971104 0000,19971104 0100,434,,CFS
FOL,D,76,INFLOW,19971105 0000,19971105 0100,2592,,CFS
FOL,D,76,INFLOW,19971106 0000,19971106 0100,1126,,CFS
FOL,D,76,INFLOW,19971107 0000,19971107 0100,1406,,CFS
FOL,D,76,INFLOW,19971108 0000,19971108 0100,1377,,CFS
FOL,D,76,INFLOW,19971109 0000,19971109 0100,548,,CFS
FOL,D,76,INFLOW,19971110 0000,19971110 0100,769,,CFS
FOL,D,76,INFLOW,19971111 0000,19971111 0100,1015,,CFS
FOL,D,76,INFLOW,19971112 0000,19971112 0100,1429,,CFS
FOL,D,76,INFLOW,19971113 0000,19971113 0100,1385,,CFS
FOL,D,76,INFLOW,19971114 0000,19971114 0100,1322,,CFS
FOL,D,76,INFLOW,19971115 0000,19971115 0100,1553,,CFS
FOL,D,76,INFLOW,19971116 0000,19971116 0100,1293,,CFS
FOL,D,76,INFLOW,19971117 0000,19971117 0100,1259,,CFS
FOL,D,76,INFLOW,19971118 0000,19971118 0100,1591,,CFS
FOL,D,76,INFLOW,19971119 0000,19971119 0100,1138,,CFS
FOL,D,76,INFLOW,19971120 0000,19971120 0100,1601,,CFS
FOL,D,76,INFLOW,19971121 0000,19971121 0100,2159,,CFS
FOL,D,76,INFLOW,19971122 0000,19971122 0100,1092,,CFS
FOL,D,76,INFLOW,19971123 0000,19971123 0100,845,,CFS
FOL,D,76,INFLOW,19971124 0000,19971124 0100,1079,,CFS
FOL,D,76,INFLOW,19971125 0000,19971125 0100,2013,,CFS
FOL,D,76,INFLOW,19971126 0000,19971126 0100,3840,,CFS
FOL,D,76,INFLOW,19971127 0000,19971127 0100,3378,,CFS
FOL,D,76,INFLOW,19971128 0000,19971128 0100,1842,,CFS
FOL,D,76,INFLOW,19971129 0000,19971129 0100,1622,,CFS
FOL,D,76,INFLOW,19971130 0000,19971130 0100,1641,,CFS
FOL,D,76,INFLOW,19971201 0000,19971201 0100,1759,,CFS
FOL,D,76,INFLOW,19971202 0000,19971202 0100,1939,,CFS
FOL,D,76,INFLOW,19971203 0000,19971203 0100,1944,,CFS
FOL,D,76,INFLOW,19971204 0000,19971204 0100,1375,,CFS
FOL,D,76,INFLOW,19971205 0000,19971205 0100,1382,,CFS
FOL,D,76,INFLOW,19971206 0000,19971206 0100,1342,,CFS
FOL,D,76,INFLOW,19971207 0000,19971207 0100,4577,,CFS
FOL,D,76,INFLOW,19971208 0000,19971208 0100,5804,,CFS
FOL,D,76,INFLOW,19971209 0000,19971209 0100,3420,,CFS
FOL,D,76,INFLOW,19971210 0000,19971210 0100,2772,,CFS
FOL,D,76,INFLOW,19971211 0000,19971211 0100,2039,,CFS
FOL,D,76,INFLOW,19971212 0000,19971212 0100,1973,,CFS
FOL,D,76,INFLOW,19971213 0000,19971213 0100,1579,,CFS
FOL,D,76,INFLOW,19971214 0000,19971214 0100,2201,,CFS
FOL,D,76,INFLOW,19971215 0000,19971215 0100,2026,,CFS
FOL,D,76,INFLOW,19971216 0000,19971216 0100,1966,,CFS
FOL,D,76,INFLOW,19971217 0000,19971217 0100,2145,,CFS
FOL,D,76,INFLOW,19971218 0000,19971218 0100,2519,,CFS
FOL,D,76,INFLOW,19971219 0000,19971219 0000,---,,CFS
FOL,D,76,INFLOW,19971220 0000,19971220 0100,2258,,CFS
FOL,D,76,INFLOW,19971221 0000,19971221 0100,2279,,CFS
FOL,D,76,INFLOW,19971222 0000,19971222 0100,2283,,CFS
FOL,D,76,INFLOW,19971223 0000,19971223 0100,2525,,CFS
FOL,D,76,INFLOW,19971224 0000,19971224 0100,2063,,CFS
FOL,D,76,INFLOW,19971225 0000,19971225 0100,1851,,CFS
FOL,D,76,INFLOW,19971226 0000,19971226 0100,1668,,CFS
FOL,D,76,INFLOW,19971227 0000,19971227 0100,2399,,CFS
FOL,D,76,INFLOW,19971228 0000,19971228 0100,1495,,CFS
FOL,D,76,INFLOW,19971229 0000,19971229 0100,866,,CFS
FOL,D,76,INFLOW,19971230 0000,19971230 0100,1306,,CFS
FOL,D,76,INFLOW,19971231 0000,19971231 0100,1493,,CFS
FOL,D,76,INFLOW,19980101 0000,19980101 0100,1159,,CFS
FOL,D,76,INFLOW,19980102 0000,19980102 0100,1501,,CFS
FOL,D,76,INFLOW,19980103 0000,19980103 0100,2075,,CFS
FOL,D,76,INFLOW,19980104 0000,19980104 0100,3586,,CFS
FOL,D,76,INFLOW,19980105 0000,19980105 0100,2945,,CFS
FOL,D,76,INFLOW,19980106 0000,19980106 0100,2816,,CFS
FOL,D,76,INFLOW,19980107 0000,19980107 0100,2671,,CFS
FOL,D,76,INFLOW,19980108 0000,19980108 0100,2397,,CFS
FOL,D,76,INFLOW,19980109 0000,19980109 0100,2355,,CFS
FOL,D,76,INFLOW,19980110 0000,19980110 0100,2490,,CFS
FOL,D,76,INFLOW,19980111 0000,19980111 0100,7478,,CFS
FOL,D,76,INFLOW,19980112 0000,19980112 0100,22038,,CFS
FOL,D,76,INFLOW,19980113 0000,19980113 0100,15048,,CFS
FOL,D,76,INFLOW,19980114 0000,19980114 0100,7664,,CFS
FOL,D,76,INFLOW,19980115 0000,19980115 0100,22383,,CFS
FOL,D,76,INFLOW,19980116 0000,19980116 0100,21502,,CFS
FOL,D,76,INFLOW,19980117 0000,19980117 0100,21185,,CFS
FOL,D,76,INFLOW,19980118 0000,19980118 0100,16003,,CFS
FOL,D,76,INFLOW,19980119 0000,19980119 0100,16214,,CFS
FOL,D,76,INFLOW,19980120 0000,19980120 0100,9805,,CFS
FOL,D,76,INFLOW,19980121 0000,19980121 0100,6497,,CFS
FOL,D,76,INFLOW,19980122 0000,19980122 0100,5390,,CFS
FOL,D,76,INFLOW,19980123 0000,19980123 0100,5180,,CFS
FOL,D,76,INFLOW,19980124 0000,19980124 0100,4451,,CFS
FOL,D,76,INFLOW,19980125 0000,19980125 0100,4458,,CFS
FOL,D,76,INFLOW,19980126 0000,19980126 0100,3852,,CFS
FOL,D,76,INFLOW,19980127 0000,19980127 0100,3480,,CFS
FOL,D,76,INFLOW,19980128 0000,19980128 0100,3087,,CFS
FOL,D,76,INFLOW,19980129 0000,19980129 0100,5745,,CFS
FOL,D,76,INFLOW,19980130 0000,19980130 0100,5162,,CFS
FOL,D,76,INFLOW,19980131 0000,19980131 0100,4383,,CFS
FOL,D,76,INFLOW,19980201 0000,19980201 0100,3862,,CFS
FOL,D,76,INFLOW,19980202 0000,19980202 0100,9608,,CFS
FOL,D,76,INFLOW,19980203 0000,19980203 0100,38927,,CFS
FOL,D,76,INFLOW,19980204 0000,19980204 0100,19742,,CFS
FOL,D,76,INFLOW,19980205 0000,19980205 0100,12160,,CFS
FOL,D,76,INFLOW,19980206 0000,19980206 0100,14598,,CFS
FOL,D,76,INFLOW,19980207 0000,19980207 0100,22857,,CFS
FOL,D,76,INFLOW,19980208 0000,19980208 0100,23420,,CFS
FOL,D,76,INFLOW,19980209 0000,19980209 0100,15000,,CFS
FOL,D,76,INFLOW,19980210 0000,19980210 0100,11465,,CFS
FOL,D,76,INFLOW,19980211 0000,19980211 0100,10995,,CFS
FOL,D,76,INFLOW,19980212 0000,19980212 0100,10279,,CFS
FOL,D,76,INFLOW,19980213 0000,19980213 0100,10514,,CFS
FOL,D,76,INFLOW,19980214 0000,19980214 0100,15874,,CFS
FOL,D,76,INFLOW,19980215 0000,19980215 0100,16283,,CFS
FOL,D,76,INFLOW,19980216 0000,19980216 0100,12037,,CFS
FOL,D,76,INFLOW,19980217 0000,19980217 0100,10461,,CFS
FOL,D,76,INFLOW,19980218 0000,19980218 0100,9087,,CFS
FOL,D,76,INFLOW,19980219 0000,19980219 0100,9307,,CFS
FOL,D,76,INFLOW,19980220 0000,19980220 0100,11977,,CFS
FOL,D,76,INFLOW,19980221 0000,19980221 0100,11467,,CFS
FOL,D,76,INFLOW,19980222 0000,19980222 0100,13395,,CFS
FOL,D,76,INFLOW,19980223 0000,19980223 0100,12281,,CFS
FOL,D,76,INFLOW,19980224 0000,19980224 0100,11258,,CFS
FOL,D,76,INFLOW,19980225 0000,19980225 0100,9496,,CFS
FOL,D,76,INFLOW,19980226 0000,19980226 0100,7691,,CFS
FOL,D,76,INFLOW,19980227 0000,19980227 0100,7573,,CFS
FOL,D,76,INFLOW,19980228 0000,19980228 0100,6347,,CFS
FOL,D,76,INFLOW,19980301 0000,19980301 0100,5962,,CFS
FOL,D,76,INFLOW,19980302 0000,19980302 0100,6777,,CFS
FOL,D,76,INFLOW,19980303 0000,19980303 0100,6937,,CFS
FOL,D,76,INFLOW,19980304 0000,19980304 0100,6661,,CFS
FOL,D,76,INFLOW,19980305 0000,19980305 0100,6296,,CFS
FOL,D,76,INFLOW,19980306 0000,19980306 0100,6724,,CFS
FOL,D,76,INFLOW,19980307 0000,19980307 0100,6074,,CFS
FOL,D,76,INFLOW,19980308 0000,19980308 0100,6239,,CFS
FOL,D,76,INFLOW,19980309 0000,19980309 0100,6523,,CFS
FOL,D,76,INFLOW,19980310 0000,19980310 0100,5401,,CFS
FOL,D,76,INFLOW,19980311 0000,19980311 0100,5670,,CFS
FOL,D,76,INFLOW,19980312 0000,19980312 0100,5367,,CFS
FOL,D,76,INFLOW,19980313 0000,19980313 0100,5588,,CFS
FOL,D,76,INFLOW,19980314 0000,19980314 0100,5349,,CFS
FOL,D,76,INFLOW,19980315 0000,19980315 0100,5669,,CFS
FOL,D,76,INFLOW,19980316 0000,19980316 0100,6586,,CFS
FOL,D,76,INFLOW,19980317 0000,19980317 0100,6798,,CFS
FOL,D,76,INFLOW,19980318 0000,19980318 0100,7157,,CFS
FOL,D,76,INFLOW,19980319 0000,19980319 0100,7446,,CFS
FOL,D,76,INFLOW,19980320 0000,19980320 0100,7801,,CFS
FOL,D,76,INFLOW,19980321 0000,19980321 0100,7760,,CFS
FOL,D,76,INFLOW,19980322 0000,19980322 0100,8364,,CFS
FOL,D,76,INFLOW,19980323 0000,19980323 0100,11189,,CFS
FOL,D,76,INFLOW,19980324 0000,19980324 0100,25945,,CFS
FOL,D,76,INFLOW,19980325 0000,19980325 0100,24176,,CFS
FOL,D,76,INFLOW,19980326 0000,19980326 0100,15894,,CFS
FOL,D,76,INFLOW,19980327 0000,19980327 0100,12777,,CFS
FOL,D,76,INFLOW,19980328 0000,19980328 0100,11628,,CFS
FOL,D,76,INFLOW,19980329 0000,19980329 0100,10184,,CFS
FOL,D,76,INFLOW,19980330 0000,19980330 0100,9573,,CFS
FOL,D,76,INFLOW,19980331 0000,19980331 0100,9935,,CFS
FOL,D,76,INFLOW,19980401 0000,19980401 0100,8751,,CFS
FOL,D,76,INFLOW,19980402 0000,19980402 0100,8405,,CFS
FOL,D,76,INFLOW,19980403 0000,19980404 0000,10075,,CFS
FOL,D,76,INFLOW,19980404 0000,19980405 0000,7734,,CFS
FOL,D,76,INFLOW,19980405 0000,19980405 0000,---,,CFS
FOL,D,76,INFLOW,19980406 0000,19980406 0000,8728,,CFS
FOL,D,76,INFLOW,19980407 0000,19980407 0000,9460,,CFS
FOL,D,76,INFLOW,19980408 0000,19980408 0000,8127,,CFS
FOL,D,76,INFLOW,19980409 0000,19980409 0000,7981,,CFS
FOL,D,76,INFLOW,19980410 0000,19980410 0000,8389,,CFS
FOL,D,76,INFLOW,19980411 0000,19980411 0000,7692,,CFS
FOL,D,76,INFLOW,19980412 0000,19980412 0000,7177,,CFS
FOL,D,76,INFLOW,19980413 0000,19980413 0000,11392,,CFS
FOL,D,76,INFLOW,19980414 0000,19980414 0000,11107,,CFS
FOL,D,76,INFLOW,19980415 0000,19980415 0000,9656,,CFS
FOL,D,76,INFLOW,19980416 0000,19980416 0000,8681,,CFS
FOL,D,76,INFLOW,19980417 0000,19980417 0000,7927,,CFS
FOL,D,76,INFLOW,19980418 0000,19980418 0000,7755,,CFS
FOL,D,76,INFLOW,19980419 0000,19980419 0000,7993,,CFS
FOL,D,76,INFLOW,19980420 0000,19980420 0000,8485,,CFS
FOL,D,76,INFLOW,19980421 0000,19980421 0000,8843,,CFS
FOL,D,76,INFLOW,19980422 0000,19980422 0000,9619,,CFS
FOL,D,76,INFLOW,19980423 0000,19980423 0000,10470,,CFS
FOL,D,76,INFLOW,19980424 0000,19980424 0000,11185,,CFS
FOL,D,76,INFLOW,19980425 0000,19980425 0000,10254,,CFS
FOL,D,76,INFLOW,19980426 0000,19980426 0000,9694,,CFS
FOL,D,76,INFLOW,19980427 0000,19980427 0000,9549,,CFS
FOL,D,76,INFLOW,19980428 0000,19980428 0000,9641,,CFS
FOL,D,76,INFLOW,19980429 0000,19980429 0000,10550,,CFS
FOL,D,76,INFLOW,19980430 0000,19980430 0000,10168,,CFS
FOL,D,76,INFLOW,19980501 0000,19980501 0000,10871,,CFS
FOL,D,76,INFLOW,19980502 0000,19980502 0000,12809,,CFS
FOL,D,76,INFLOW,19980503 0000,19980503 0000,13079,,CFS
FOL,D,76,INFLOW,19980504 0000,19980504 0000,12006,,CFS
FOL,D,76,INFLOW,19980505 0000,19980505 0000,11295,,CFS
FOL,D,76,INFLOW,19980506 0000,19980506 0000,11669,,CFS
FOL,D,76,INFLOW,19980507 0000,19980507 0000,10703,,CFS
FOL,D,76,INFLOW,19980508 0000,19980508 0000,10076,,CFS
FOL,D,76,INFLOW,19980509 0000,19980509 0000,10375,,CFS
FOL,D,76,INFLOW,19980510 0000,19980510 0000,9424,,CFS
FOL,D,76,INFLOW,19980511 0000,19980511 0000,9076,,CFS
FOL,D,76,INFLOW,19980512 0000,19980512 0000,9554,,CFS
FOL,D,76,INFLOW,19980513 0000,19980513 0000,9949,,CFS
FOL,D,76,INFLOW,19980514 0000,19980514 0000,9120,,CFS
FOL,D,76,INFLOW,19980515 0000,19980515 0000,8394,,CFS
FOL,D,76,INFLOW,19980516 0000,19980516 0000,8338,,CFS
FOL,D,76,INFLOW,19980517 0000,19980517 0000,8034,,CFS
FOL,D,76,INFLOW,19980518 0000,19980518 0000,7616,,CFS
FOL,D,76,INFLOW,19980519 0000,19980519 0000,7341,,CFS
FOL,D,76,INFLOW,19980520 0000,19980520 0000,7891,,CFS
FOL,D,76,INFLOW,19980521 0000,19980521 0000,7428,,CFS
FOL,D,76,INFLOW,19980522 0000,19980522 0000,8158,,CFS
FOL,D,76,INFLOW,19980523 0000,19980523 0000,7235,,CFS
FOL,D,76,INFLOW,19980524 0000,19980524 0000,7072,,CFS
FOL,D,76,INFLOW,19980525 0000,19980525 0000,8375,,CFS
FOL,D,76,INFLOW,19980526 0000,19980526 0000,9491,,CFS
FOL,D,76,INFLOW,19980527 0000,19980527 0000,8733,,CFS
FOL,D,76,INFLOW,19980528 0000,19980528 0000,9052,,CFS
FOL,D,76,INFLOW,19980529 0000,19980529 0000,9886,,CFS
FOL,D,76,INFLOW,19980530 0000,19980530 0000,8929,,CFS
FOL,D,76,INFLOW,19980531 0000,19980531 0000,8227,,CFS
FOL,D,76,INFLOW,19980601 0000,19980601 0000,8985,,CFS
FOL,D,76,INFLOW,19980602 0000,19980602 0000,9274,,CFS
FOL,D,76,INFLOW,19980603 0000,19980603 0000,9404,,CFS
FOL,D,76,INFLOW,19980604 0000,19980604 0000,8201,,CFS
FOL,D,76,INFLOW,19980605 0000,19980605 0000,8747,,CFS
FOL,D,76,INFLOW,19980606 0000,19980606 0000,8807,,CFS
FOL,D,76,INFLOW,19980607 0000,19980607 0000,11200,,CFS
FOL,D,76,INFLOW,19980608 0000,19980608 0000,11293,,CFS
FOL,D,76,INFLOW,19980609 0000,19980609 0000,10397,,CFS
FOL,D,76,INFLOW,19980610 0000,19980610 0000,10568,,CFS
FOL,D,76,INFLOW,19980611 0000,19980611 0000,11335,,CFS
FOL,D,76,INFLOW,19980612 0000,19980612 0000,10450,,CFS
FOL,D,76,INFLOW,19980613 0000,19980613 0000,12943,,CFS
FOL,D,76,INFLOW,19980614 0000,19980614 0000,13009,,CFS
FOL,D,76,INFLOW,19980615 0000,19980615 0000,13201,,CFS
FOL,D,76,INFLOW,19980616 0000,19980616 0000,12901,,CFS
FOL,D,76,INFLOW,19980617 0000,19980617 0000,12342,,CFS
FOL,D,76,INFLOW,19980618 0000,19980618 0000,11384,,CFS
FOL,D,76,INFLOW,19980619 0000,19980619 0000,10920,,CFS
FOL,D,76,INFLOW,19980620 0000,19980620 0000,10648,,CFS
FOL,D,76,INFLOW,19980621 0000,19980621 0000,11104,,CFS
FOL,D,76,INFLOW,19980622 0000,19980622 0000,11724,,CFS
FOL,D,76,INFLOW,19980623 0000,19980623 0000,11577,,CFS
FOL,D,76,INFLOW,19980624 0000,19980624 0000,10653,,CFS
FOL,D,76,INFLOW,19980625 0000,19980625 0000,10162,,CFS
FOL,D,76,INFLOW,19980626 0000,19980626 0000,10126,,CFS
FOL,D,76,INFLOW,19980627 0000,19980627 0000,9336,,CFS
FOL,D,76,INFLOW,19980628 0000,19980628 0000,9287,,CFS
FOL,D,76,INFLOW,19980629 0000,19980629 0000,9373, ,CFS
FOL,D,76,INFLOW,19980630 0000,19980630 0000,8641, ,CFS
FOL,D,76,INFLOW,19980701 0000,19980701 0000,8348, ,CFS
FOL,D,76,INFLOW,19980702 0000,19980702 0000,8192, ,CFS
FOL,D,76,INFLOW,19980703 0000,19980703 0000,7656, ,CFS
FOL,D,76,INFLOW,19980704 0000,19980704 0000,7164, ,CFS
FOL,D,76,INFLOW,19980705 0000,19980705 0000,7004, ,CFS
FOL,D,76,INFLOW,19980706 0000,19980706 0000,6968, ,CFS
FOL,D,76,INFLOW,19980707 0000,19980707 0000,6609, ,CFS
FOL,D,76,INFLOW,19980708 0000,19980708 0000,6359, ,CFS
FOL,D,76,INFLOW,19980709 0000,19980709 0000,5978, ,CFS
FOL,D,76,INFLOW,19980710 0000,19980710 0000,5870, ,CFS
FOL,D,76,INFLOW,19980711 0000,19980711 0000,6089, ,CFS
FOL,D,76,INFLOW,19980712 0000,19980712 0000,5811, ,CFS
FOL,D,76,INFLOW,19980713 0000,19980713 0000,5274, ,CFS
FOL,D,76,INFLOW,19980714 0000,19980714 0000,5024, ,CFS
FOL,D,76,INFLOW,19980715 0000,19980715 0000,4355, ,CFS
FOL,D,76,INFLOW,19980716 0000,19980716 0000,4726, ,CFS
FOL,D,76,INFLOW,19980717 0000,19980717 0000,4450, ,CFS
FOL,D,76,INFLOW,19980718 0000,19980718 0000,3921, ,CFS
FOL,D,76,INFLOW,19980719 0000,19980719 0000,4179, ,CFS
FOL,D,76,INFLOW,19980720 0000,19980720 0000,3950, ,CFS
FOL,D,76,INFLOW,19980721 0000,19980721 0000,3924, ,CFS
FOL,D,76,INFLOW,19980722 0000,19980722 0000,3607, ,CFS
FOL,D,76,INFLOW,19980723 0000,19980723 0000,3409, ,CFS
FOL,D,76,INFLOW,19980724 0000,19980724 0000,3927, ,CFS
FOL,D,76,INFLOW,19980725 0000,19980725 0000,---, ,CFS
FOL,D,76,INFLOW,19980726 0000,19980726 0000,3268, ,CFS
FOL,D,76,INFLOW,19980727 0000,19980727 0000,3252, ,CFS
FOL,D,76,INFLOW,19980728 0000,19980728 0000,3450, ,CFS
FOL,D,76,INFLOW,19980729 0000,19980729 0000,2921, ,CFS
FOL,D,76,INFLOW,19980730 0000,19980730 0000,3403, ,CFS
FOL,D,76,INFLOW,19980731 0000,19980731 0000,2928, ,CFS
FOL,D,76,INFLOW,19980801 0000,19980801 0000,3382, ,CFS
FOL,D,76,INFLOW,19980802 0000,19980802 0000,3214, ,CFS
FOL,D,76,INFLOW,19980803 0000,19980803 0000,3064, ,CFS
FOL,D,76,INFLOW,19980804 0000,19980804 0000,3264, ,CFS
FOL,D,76,INFLOW,19980805 0000,19980805 0000,3837, ,CFS
FOL,D,76,INFLOW,19980806 0000,19980806 0000,2478, ,CFS
FOL,D,76,INFLOW,19980807 0000,19980807 0000,3102, ,CFS
FOL,D,76,INFLOW,19980808 0000,19980808 0000,2843, ,CFS
FOL,D,76,INFLOW,19980809 0000,19980809 0000,2086, ,CFS
FOL,D,76,INFLOW,19980810 0000,19980810 0000,2118, ,CFS
FOL,D,76,INFLOW,19980811 0000,19980811 0000,3057, ,CFS
FOL,D,76,INFLOW,19980812 0000,19980812 0000,3087, ,CFS
FOL,D,76,INFLOW,19980813 0000,19980813 0000,3484, ,CFS
FOL,D,76,INFLOW,19980814 0000,19980814 0000,3407, ,CFS
FOL,D,76,INFLOW,19980815 0000,19980815 0000,2594, ,CFS
FOL,D,76,INFLOW,19980816 0000,19980816 0000,2535, ,CFS
FOL,D,76,INFLOW,19980817 0000,19980817 0000,2422, ,CFS
FOL,D,76,INFLOW,19980818 0000,19980818 0000,2782, ,CFS
FOL,D,76,INFLOW,19980819 0000,19980819 0000,2977, ,CFS
FOL,D,76,INFLOW,19980820 0000,19980820 0000,2576, ,CFS
FOL,D,76,INFLOW,19980821 0000,19980821 0000,2861, ,CFS
FOL,D,76,INFLOW,19980822 0000,19980822 0000,3117, ,CFS
FOL,D,76,INFLOW,19980823 0000,19980823 0000,2980, ,CFS
FOL,D,76,INFLOW,19980824 0000,19980824 0000,3049, ,CFS
FOL,D,76,INFLOW,19980825 0000,19980825 0000,2952, ,CFS
FOL,D,76,INFLOW,19980826 0000,19980826 0000,2832, ,CFS
FOL,D,76,INFLOW,19980827 0000,19980827 0000,2964, ,CFS
FOL,D,76,INFLOW,19980828 0000,19980828 0000,2850, ,CFS
FOL,D,76,INFLOW,19980829 0000,19980829 0000,2673, ,CFS
FOL,D,76,INFLOW,19980830 0000,19980830 0000,2517, ,CFS
FOL,D,76,INFLOW,19980831 0000,19980831 0000,2984, ,CFS
FOL,D,76,INFLOW,19980901 0000,19980901 0000,3596, ,CFS
FOL,D,76,INFLOW,19980902 0000,19980902 0000,2948, ,CFS
FOL,D,76,INFLOW,19980903 0000,19980903 0000,2835, ,CFS
FOL,D,76,INFLOW,19980904 0000,19980904 0000,3188, ,CFS
FOL,D,76,INFLOW,19980905 0000,19980905 0000,2489, ,CFS
FOL,D,76,INFLOW,19980906 0000,19980906 0000,2746, ,CFS
FOL,D,76,INFLOW,19980907 0000,19980907 0000,3016, ,CFS
FOL,D,76,INFLOW,19980908 0000,19980908 0000,2509, ,CFS
FOL,D,76,INFLOW,19980909 0000,19980909 0000,2179, ,CFS
FOL,D,76,INFLOW,19980910 0000,19980910 0000,3163, ,CFS
FOL,D,76,INFLOW,19980911 0000,19980911 0000,2760, ,CFS
FOL,D,76,INFLOW,19980912 0000,19980912 0000,3096, ,CFS
FOL,D,76,INFLOW,19980913 0000,19980913 0000,3171, ,CFS
FOL,D,76,INFLOW,19980914 0000,19980914 0000,2222, ,CFS
FOL,D,76,INFLOW,19980915 0000,19980915 0000,2323, ,CFS
FOL,D,76,INFLOW,19980916 0000,19980916 0000,2100, ,CFS
FOL,D,76,INFLOW,19980917 0000,19980917 0000,2418, ,CFS
FOL,D,76,INFLOW,19980918 0000,19980918 0000,1793, ,CFS
FOL,D,76,INFLOW,19980919 0000,19980919 0000,2221, ,CFS
FOL,D,76,INFLOW,19980920 0000,19980920 0000,2109, ,CFS
FOL,D,76,INFLOW,19980921 0000,19980921 0000,2019, ,CFS
FOL,D,76,INFLOW,19980922 0000,19980922 0000,1966, ,CFS
FOL,D,76,INFLOW,19980923 0000,19980923 0000,1904, ,CFS
FOL,D,76,INFLOW,19980924 0000,19980924 0000,1972, ,CFS
FOL,D,76,INFLOW,19980925 0000,19980925 0000,1944, ,CFS
FOL,D,76,INFLOW,19980926 0000,19980926 0000,1633, ,CFS
FOL,D,76,INFLOW,19980927 0000,19980927 0000,1526, ,CFS
FOL,D,76,INFLOW,19980928 0000,19980928 0000,1608, ,CFS
FOL,D,76,INFLOW,19980929 0000,19980929 0000,1710, ,CFS
FOL,D,76,INFLOW,19980930 0000,19980930 0000,1453, ,CFS
FOL,D,76,INFLOW,19981001 0000,19981001 0000,691, ,CFS
FOL,D,76,INFLOW,19981002 0000,19981002 0000,602, ,CFS
FOL,D,76,INFLOW,19981003 0000,19981003 0000,912, ,CFS
FOL,D,76,INFLOW,19981004 0000,19981004 0000,1062, ,CFS
FOL,D,76,INFLOW,19981005 0000,19981005 0000,1187, ,CFS
FOL,D,76,INFLOW,19981006 0000,19981006 0000,1105, ,CFS
FOL,D,76,INFLOW,19981007 0000,19981007 0000,813, ,CFS
FOL,D,76,INFLOW,19981008 0000,19981008 0000,676, ,CFS
FOL,D,76,INFLOW,19981009 0000,19981009 0000,1165, ,CFS
FOL,D,76,INFLOW,19981010 0000,19981010 0000,792, ,CFS
FOL,D,76,INFLOW,19981011 0000,19981011 0000,883, ,CFS
FOL,D,76,INFLOW,19981012 0000,19981012 0000,894, ,CFS
FOL,D,76,INFLOW,19981013 0000,19981013 0000,722, ,CFS
FOL,D,76,INFLOW,19981014 0000,19981014 0000,1188, ,CFS
FOL,D,76,INFLOW,19981015 0000,19981015 0000,619, ,CFS
FOL,D,76,INFLOW,19981016 0000,19981016 0000,863, ,CFS
FOL,D,76,INFLOW,19981017 0000,19981017 0000,1026, ,CFS
FOL,D,76,INFLOW,19981018 0000,19981018 0000,783, ,CFS
FOL,D,76,INFLOW,19981019 0000,19981019 0000,920, ,CFS
FOL,D,76,INFLOW,19981020 0000,19981020 0000,893, ,CFS
FOL,D,76,INFLOW,19981021 0000,19981021 0000,794, ,CFS
FOL,D,76,INFLOW,19981022 0000,19981022 0000,564, ,CFS
FOL,D,76,INFLOW,19981023 0000,19981023 0000,894, ,CFS
FOL,D,76,INFLOW,19981024 0000,19981024 0000,1244, ,CFS
FOL,D,76,INFLOW,19981025 0000,19981025 0000,1165, ,CFS
FOL,D,76,INFLOW,19981026 0000,19981026 0000,772, ,CFS
FOL,D,76,INFLOW,19981027 0000,19981027 0000,947, ,CFS
FOL,D,76,INFLOW,19981028 0000,19981028 0000,953, ,CFS
FOL,D,76,INFLOW,19981029 0000,19981029 0000,477, ,CFS
FOL,D,76,INFLOW,19981030 0000,19981030 0000,869, ,CFS
FOL,D,76,INFLOW,19981031 0000,19981031 0000,1308, ,CFS
FOL,D,76,INFLOW,19981101 0000,19981101 0000,1205, ,CFS
FOL,D,76,INFLOW,19981102 0000,19981102 0000,1472, ,CFS
FOL,D,76,INFLOW,19981103 0000,19981103 0000,1354, ,CFS
FOL,D,76,INFLOW,19981104 0000,19981104 0000,1400, ,CFS
FOL,D,76,INFLOW,19981105 0000,19981105 0000,1485, ,CFS
FOL,D,76,INFLOW,19981106 0000,19981106 0000,1144, ,CFS
FOL,D,76,INFLOW,19981107 0000,19981107 0000,2117, ,CFS
FOL,D,76,INFLOW,19981108 0000,19981108 0000,1900, ,CFS
FOL,D,76,INFLOW,19981109 0000,19981109 0000,1287, ,CFS
FOL,D,76,INFLOW,19981110 0000,19981110 0000,1427, ,CFS
FOL,D,76,INFLOW,19981111 0000,19981111 0000,1354, ,CFS
FOL,D,76,INFLOW,19981112 0000,19981112 0000,1787, ,CFS
FOL,D,76,INFLOW,19981113 0000,19981113 0000,1036, ,CFS
FOL,D,76,INFLOW,19981114 0000,19981114 0000,868, ,CFS
FOL,D,76,INFLOW,19981115 0000,19981115 0000,920, ,CFS
FOL,D,76,INFLOW,19981116 0000,19981116 0000,1313, ,CFS
FOL,D,76,INFLOW,19981117 0000,19981117 0000,1915, ,CFS
FOL,D,76,INFLOW,19981118 0000,19981118 0000,1280, ,CFS
FOL,D,76,INFLOW,19981119 0000,19981119 0000,1538, ,CFS
FOL,D,76,INFLOW,19981120 0000,19981120 0000,1527, ,CFS
FOL,D,76,INFLOW,19981121 0000,19981121 0000,1613, ,CFS
FOL,D,76,INFLOW,19981122 0000,19981122 0000,2461, ,CFS
FOL,D,76,INFLOW,19981123 0000,19981123 0000,1921, ,CFS
FOL,D,76,INFLOW,19981124 0000,19981124 0000,3837, ,CFS
FOL,D,76,INFLOW,19981125 0000,19981125 0000,3110, ,CFS
FOL,D,76,INFLOW,19981126 0000,19981126 0000,2077, ,CFS
FOL,D,76,INFLOW,19981127 0000,19981127 0000,2264, ,CFS
FOL,D,76,INFLOW,19981128 0000,19981128 0000,2217, ,CFS
FOL,D,76,INFLOW,19981129 0000,19981129 0000,2268, ,CFS
FOL,D,76,INFLOW,19981130 0000,19981130 0000,5336, ,CFS
FOL,D,76,INFLOW,19981201 0000,19981201 0000,6169, ,CFS
FOL,D,76,INFLOW,19981202 0000,19981202 0000,4350, ,CFS
FOL,D,76,INFLOW,19981203 0000,19981203 0000,6052, ,CFS
FOL,D,76,INFLOW,19981204 0000,19981204 0000,6892, ,CFS
FOL,D,76,INFLOW,19981205 0000,19981205 0000,4362, ,CFS
FOL,D,76,INFLOW,19981206 0000,19981206 0000,3569, ,CFS
FOL,D,76,INFLOW,19981207 0000,19981207 0000,2708, ,CFS
FOL,D,76,INFLOW,19981208 0000,19981208 0000,3039, ,CFS
FOL,D,76,INFLOW,19981209 0000,19981209 0000,2566, ,CFS
FOL,D,76,INFLOW,19981210 0000,19981210 0000,2562, ,CFS
FOL,D,76,INFLOW,19981211 0000,19981211 0000,2748, ,CFS
FOL,D,76,INFLOW,19981212 0000,19981212 0000,2921, ,CFS
FOL,D,76,INFLOW,19981213 0000,19981213 0000,2414, ,CFS
FOL,D,76,INFLOW,19981214 0000,19981214 0000,2555, ,CFS
FOL,D,76,INFLOW,19981215 0000,19981215 0000,2824, ,CFS
FOL,D,76,INFLOW,19981216 0000,19981216 0000,2772, ,CFS
FOL,D,76,INFLOW,19981217 0000,19981217 0000,3080, ,CFS
FOL,D,76,INFLOW,19981218 0000,19981218 0000,3312, ,CFS
FOL,D,76,INFLOW,19981219 0000,19981219 0000,2856, ,CFS
FOL,D,76,INFLOW,19981220 0000,19981220 0000,3222, ,CFS
FOL,D,76,INFLOW,19981221 0000,19981221 0000,3397, ,CFS
FOL,D,76,INFLOW,19981222 0000,19981222 0000,3287, ,CFS
FOL,D,76,INFLOW,19981223 0000,19981223 0000,3182, ,CFS
FOL,D,76,INFLOW,19981224 0000,19981224 0000,2913, ,CFS
FOL,D,76,INFLOW,19981225 0000,19981225 0000,2991, ,CFS
FOL,D,76,INFLOW,19981226 0000,19981226 0000,2339, ,CFS
FOL,D,76,INFLOW,19981227 0000,19981227 0000,2135, ,CFS
FOL,D,76,INFLOW,19981228 0000,19981228 0000,2238, ,CFS
FOL,D,76,INFLOW,19981229 0000,19981229 0000,1861, ,CFS
FOL,D,76,INFLOW,19981230 0000,19981230 0000,2297, ,CFS
FOL,D,76,INFLOW,19981231 0000,19981231 0000,2049, ,CFS
FOL,D,76,INFLOW,19990101 0000,19990101 0000,1699, ,CFS
FOL,D,76,INFLOW,19990102 0000,19990102 0000,1433, ,CFS
FOL,D,76,INFLOW,19990103 0000,19990103 0000,2212, ,CFS
FOL,D,76,INFLOW,19990104 0000,19990104 0000,1889, ,CFS
FOL,D,76,INFLOW,19990105 0000,19990105 0000,1734, ,CFS
FOL,D,76,INFLOW,19990106 0000,19990106 0000,2482, ,CFS
FOL,D,76,INFLOW,19990107 0000,19990107 0000,1707, ,CFS
FOL,D,76,INFLOW,19990108 0000,19990108 0000,1800, ,CFS
FOL,D,76,INFLOW,19990109 0000,19990109 0000,1958, ,CFS
FOL,D,76,INFLOW,19990110 0000,19990110 0000,1438, ,CFS
FOL,D,76,INFLOW,19990111 0000,19990111 0000,1197, ,CFS
FOL,D,76,INFLOW,19990112 0000,19990112 0000,1796, ,CFS
FOL,D,76,INFLOW,19990113 0000,19990113 0000,1616, ,CFS
FOL,D,76,INFLOW,19990114 0000,19990114 0000,1470, ,CFS
FOL,D,76,INFLOW,19990115 0000,19990115 0000,1756, ,CFS
FOL,D,76,INFLOW,19990116 0000,19990116 0000,2188, ,CFS
FOL,D,76,INFLOW,19990117 0000,19990117 0000,2947, ,CFS
FOL,D,76,INFLOW,19990118 0000,19990118 0000,6178, ,CFS
FOL,D,76,INFLOW,19990119 0000,19990119 0000,13546, ,CFS
FOL,D,76,INFLOW,19990120 0000,19990120 0000,27874, ,CFS
FOL,D,76,INFLOW,19990121 0000,19990121 0000,19827, ,CFS
FOL,D,76,INFLOW,19990122 0000,19990122 0000,10677, ,CFS
FOL,D,76,INFLOW,19990123 0000,19990123 0000,18103, ,CFS
FOL,D,76,INFLOW,19990124 0000,19990124 0000,14109, ,CFS
FOL,D,76,INFLOW,19990125 0000,19990125 0000,9210, ,CFS
FOL,D,76,INFLOW,19990126 0000,19990126 0000,7797, ,CFS
FOL,D,76,INFLOW,19990127 0000,19990127 0000,6498, ,CFS
FOL,D,76,INFLOW,19990128 0000,19990128 0000,5630, ,CFS
FOL,D,76,INFLOW,19990129 0000,19990129 0000,4892, ,CFS
FOL,D,76,INFLOW,19990130 0000,19990130 0000,4634, ,CFS
FOL,D,76,INFLOW,19990131 0000,19990131 0000,4852, ,CFS
FOL,D,76,INFLOW,19990201 0000,19990201 0000,4451, ,CFS
FOL,D,76,INFLOW,19990202 0000,19990202 0000,4518, ,CFS
FOL,D,76,INFLOW,19990203 0000,19990203 0000,4432, ,CFS
FOL,D,76,INFLOW,19990204 0000,19990204 0000,4027, ,CFS
FOL,D,76,INFLOW,19990205 0000,19990205 0000,4146, ,CFS
FOL,D,76,INFLOW,19990206 0000,19990206 0000,5285, ,CFS
FOL,D,76,INFLOW,19990207 0000,19990207 0000,20061, ,CFS
FOL,D,76,INFLOW,19990208 0000,19990208 0000,21876, ,CFS
FOL,D,76,INFLOW,19990209 0000,19990209 0000,48115, ,CFS
FOL,D,76,INFLOW,19990210 0000,19990210 0000,25267, ,CFS
FOL,D,76,INFLOW,19990211 0000,19990211 0000,15120, ,CFS
FOL,D,76,INFLOW,19990212 0000,19990212 0000,11751, ,CFS
FOL,D,76,INFLOW,19990213 0000,19990213 0000,10336, ,CFS
FOL,D,76,INFLOW,19990214 0000,19990214 0000,9012, ,CFS
FOL,D,76,INFLOW,19990215 0000,19990215 0000,7830, ,CFS
FOL,D,76,INFLOW,19990216 0000,19990216 0000,8462, ,CFS
FOL,D,76,INFLOW,19990217 0000,19990217 0000,22376, ,CFS
FOL,D,76,INFLOW,19990218 0000,19990218 0000,15676, ,CFS
FOL,D,76,INFLOW,19990219 0000,19990219 0000,15088, ,CFS
FOL,D,76,INFLOW,19990220 0000,19990220 0000,12798, ,CFS
FOL,D,76,INFLOW,19990221 0000,19990221 0000,17058, ,CFS
FOL,D,76,INFLOW,19990222 0000,19990222 0000,12570, ,CFS
FOL,D,76,INFLOW,19990223 0000,19990223 0000,9797, ,CFS
FOL,D,76,INFLOW,19990224 0000,19990224 0000,9391, ,CFS
FOL,D,76,INFLOW,19990225 0000,19990225 0000,10246, ,CFS
FOL,D,76,INFLOW,19990226 0000,19990226 0000,9490, ,CFS
FOL,D,76,INFLOW,19990227 0000,19990227 0000,8674, ,CFS
FOL,D,76,INFLOW,19990228 0000,19990228 0000,8865, ,CFS
FOL,D,76,INFLOW,19990301 0000,19990301 0000,13836, ,CFS
FOL,D,76,INFLOW,19990302 0000,19990302 0000,12586, ,CFS
FOL,D,76,INFLOW,19990303 0000,19990303 0000,15236, ,CFS
FOL,D,76,INFLOW,19990304 0000,19990304 0000,14124, ,CFS
FOL,D,76,INFLOW,19990305 0000,19990305 0000,11687, ,CFS
FOL,D,76,INFLOW,19990306 0000,19990306 0000,9981, ,CFS
FOL,D,76,INFLOW,19990307 0000,19990307 0000,8987, ,CFS
FOL,D,76,INFLOW,19990308 0000,19990308 0000,8513, ,CFS
FOL,D,76,INFLOW,19990309 0000,19990309 0000,10051, ,CFS
FOL,D,76,INFLOW,19990310 0000,19990310 0000,9273, ,CFS
FOL,D,76,INFLOW,19990311 0000,19990311 0000,8504, ,CFS
FOL,D,76,INFLOW,19990312 0000,19990312 0000,6897, ,CFS
FOL,D,76,INFLOW,19990313 0000,19990313 0000,6864, ,CFS
FOL,D,76,INFLOW,19990314 0000,19990314 0000,6953, ,CFS
FOL,D,76,INFLOW,19990315 0000,19990315 0000,6285, ,CFS
FOL,D,76,INFLOW,19990316 0000,19990316 0000,6306, ,CFS
FOL,D,76,INFLOW,19990317 0000,19990317 0000,6259, ,CFS
FOL,D,76,INFLOW,19990318 0000,19990318 0000,6103, ,CFS
FOL,D,76,INFLOW,19990319 0000,19990319 0000,6938, ,CFS
FOL,D,76,INFLOW,19990320 0000,19990320 0000,6688, ,CFS
FOL,D,76,INFLOW,19990321 0000,19990321 0000,6381, ,CFS
FOL,D,76,INFLOW,19990322 0000,19990322 0000,6171, ,CFS
FOL,D,76,INFLOW,19990323 0000,19990323 0000,5637, ,CFS
FOL,D,76,INFLOW,19990324 0000,19990324 0000,6170, ,CFS
FOL,D,76,INFLOW,19990325 0000,19990325 0000,6286, ,CFS
FOL,D,76,INFLOW,19990326 0000,19990326 0000,5476, ,CFS
FOL,D,76,INFLOW,19990327 0000,19990327 0000,5770, ,CFS
FOL,D,76,INFLOW,19990328 0000,19990328 0000,6201, ,CFS
FOL,D,76,INFLOW,19990329 0000,19990329 0000,6179, ,CFS
FOL,D,76,INFLOW,19990330 0000,19990330 0000,5261, ,CFS
FOL,D,76,INFLOW,19990331 0000,19990331 0000,6009, ,CFS
FOL,D,76,INFLOW,19990401 0000,19990401 0000,5694, ,CFS
FOL,D,76,INFLOW,19990402 0000,19990402 0000,5281, ,CFS
FOL,D,76,INFLOW,19990403 0000,19990403 0000,4957, ,CFS
FOL,D,76,INFLOW,19990404 0000,19990404 0000,4269, ,CFS
FOL,D,76,INFLOW,19990405 0000,19990405 0000,5815, ,CFS
FOL,D,76,INFLOW,19990406 0000,19990406 0000,5713, ,CFS
FOL,D,76,INFLOW,19990407 0000,19990407 0000,5552, ,CFS
FOL,D,76,INFLOW,19990408 0000,19990408 0000,5763, ,CFS
FOL,D,76,INFLOW,19990409 0000,19990409 0000,6203, ,CFS
FOL,D,76,INFLOW,19990410 0000,19990410 0000,5966, ,CFS
FOL,D,76,INFLOW,19990411 0000,19990411 0000,6248, ,CFS
FOL,D,76,INFLOW,19990412 0000,19990412 0000,6718, ,CFS
FOL,D,76,INFLOW,19990413 0000,19990413 0000,6279, ,CFS
FOL,D,76,INFLOW,19990414 0000,19990414 0000,7505, ,CFS
FOL,D,76,INFLOW,19990415 0000,19990415 0000,7410, ,CFS
FOL,D,76,INFLOW,19990416 0000,19990416 0000,7454, ,CFS
FOL,D,76,INFLOW,19990417 0000,19990417 0000,8019, ,CFS
FOL,D,76,INFLOW,19990418 0000,19990418 0000,7934, ,CFS
FOL,D,76,INFLOW,19990419 0000,19990419 0000,8264, ,CFS
FOL,D,76,INFLOW,19990420 0000,19990420 0000,9161, ,CFS
FOL,D,76,INFLOW,19990421 0000,19990421 0000,7979, ,CFS
FOL,D,76,INFLOW,19990422 0000,19990422 0000,7441, ,CFS
FOL,D,76,INFLOW,19990423 0000,19990423 0000,7584, ,CFS
FOL,D,76,INFLOW,19990424 0000,19990424 0000,7141, ,CFS
FOL,D,76,INFLOW,19990425 0000,19990425 0000,6319, ,CFS
FOL,D,76,INFLOW,19990426 0000,19990426 0000,7566, ,CFS
FOL,D,76,INFLOW,19990427 0000,19990427 0000,7892, ,CFS
FOL,D,76,INFLOW,19990428 0000,19990428 0000,7102, ,CFS
FOL,D,76,INFLOW,19990429 0000,19990429 0000,6600, ,CFS
FOL,D,76,INFLOW,19990430 0000,19990430 0000,6289, ,CFS
FOL,D,76,INFLOW,19990501 0000,19990501 0000,5819, ,CFS
FOL,D,76,INFLOW,19990502 0000,19990502 0000,6849, ,CFS
FOL,D,76,INFLOW,19990503 0000,19990503 0000,7829, ,CFS
FOL,D,76,INFLOW,19990504 0000,19990504 0000,6757, ,CFS
FOL,D,76,INFLOW,19990505 0000,19990505 0000,6290, ,CFS
FOL,D,76,INFLOW,19990506 0000,19990506 0000,5702, ,CFS
FOL,D,76,INFLOW,19990507 0000,19990507 0000,6937, ,CFS
FOL,D,76,INFLOW,19990508 0000,19990508 0000,7631, ,CFS
FOL,D,76,INFLOW,19990509 0000,19990509 0000,6691, ,CFS
FOL,D,76,INFLOW,19990510 0000,19990510 0000,7236, ,CFS
FOL,D,76,INFLOW,19990511 0000,19990511 0000,6736, ,CFS
FOL,D,76,INFLOW,19990512 0000,19990512 0000,7879, ,CFS
FOL,D,76,INFLOW,19990513 0000,19990513 0000,8069, ,CFS
FOL,D,76,INFLOW,19990514 0000,19990514 0000,7826, ,CFS
FOL,D,76,INFLOW,19990515 0000,19990515 0000,6597, ,CFS
FOL,D,76,INFLOW,19990516 0000,19990516 0000,6486, ,CFS
FOL,D,76,INFLOW,19990517 0000,19990517 0000,6784, ,CFS
FOL,D,76,INFLOW,19990518 0000,19990518 0000,7275, ,CFS
FOL,D,76,INFLOW,19990519 0000,19990519 0000,6556, ,CFS
FOL,D,76,INFLOW,19990520 0000,19990520 0000,5718, ,CFS
FOL,D,76,INFLOW,19990521 0000,19990521 0000,5543, ,CFS
FOL,D,76,INFLOW,19990522 0000,19990522 0000,6180, ,CFS
FOL,D,76,INFLOW,19990523 0000,19990523 0000,7794, ,CFS
FOL,D,76,INFLOW,19990524 0000,19990524 0000,8231, ,CFS
FOL,D,76,INFLOW,19990525 0000,19990525 0000,9267, ,CFS
FOL,D,76,INFLOW,19990526 0000,19990526 0000,9542, ,CFS
FOL,D,76,INFLOW,19990527 0000,19990527 0000,8750, ,CFS
FOL,D,76,INFLOW,19990528 0000,19990528 0000,8329, ,CFS
FOL,D,76,INFLOW,19990529 0000,19990529 0000,7619, ,CFS
FOL,D,76,INFLOW,19990530 0000,19990530 0000,6676, ,CFS
FOL,D,76,INFLOW,19990531 0000,19990531 0000,7006, ,CFS
FOL,D,76,INFLOW,19990601 0000,19990601 0000,7078, ,CFS
FOL,D,76,INFLOW,19990602 0000,19990602 0000,5240, ,CFS
FOL,D,76,INFLOW,19990603 0000,19990603 0000,5590, ,CFS
FOL,D,76,INFLOW,19990604 0000,19990604 0000,5036, ,CFS
FOL,D,76,INFLOW,19990605 0000,19990605 0000,4540, ,CFS
FOL,D,76,INFLOW,19990606 0000,19990606 0000,4402, ,CFS
FOL,D,76,INFLOW,19990607 0000,19990607 0000,4785, ,CFS
FOL,D,76,INFLOW,19990608 0000,19990608 0000,4557, ,CFS
FOL,D,76,INFLOW,19990609 0000,19990609 0000,5334, ,CFS
FOL,D,76,INFLOW,19990610 0000,19990610 0000,5468, ,CFS
FOL,D,76,INFLOW,19990611 0000,19990611 0000,5254, ,CFS
FOL,D,76,INFLOW,19990612 0000,19990612 0000,4692, ,CFS
FOL,D,76,INFLOW,19990613 0000,19990613 0000,4808, ,CFS
FOL,D,76,INFLOW,19990614 0000,19990614 0000,4862, ,CFS
FOL,D,76,INFLOW,19990615 0000,19990615 0000,5686, ,CFS
FOL,D,76,INFLOW,19990616 0000,19990616 0000,5426, ,CFS
FOL,D,76,INFLOW,19990617 0000,19990617 0000,4820, ,CFS
FOL,D,76,INFLOW,19990618 0000,19990618 0000,5046, ,CFS
FOL,D,76,INFLOW,19990619 0000,19990619 0000,4072, ,CFS
FOL,D,76,INFLOW,19990620 0000,19990620 0000,3688, ,CFS
FOL,D,76,INFLOW,19990621 0000,19990621 0000,4264, ,CFS
FOL,D,76,INFLOW,19990622 0000,19990622 0000,4651, ,CFS
FOL,D,76,INFLOW,19990623 0000,19990623 0000,4286, ,CFS
FOL,D,76,INFLOW,19990624 0000,19990624 0000,4361, ,CFS
FOL,D,76,INFLOW,19990625 0000,19990625 0000,4147, ,CFS
FOL,D,76,INFLOW,19990626 0000,19990626 0000,4181, ,CFS
FOL,D,76,INFLOW,19990627 0000,19990627 0000,3318, ,CFS
FOL,D,76,INFLOW,19990628 0000,19990628 0000,3266, ,CFS
FOL,D,76,INFLOW,19990629 0000,19990629 0000,3441, ,CFS
FOL,D,76,INFLOW,19990630 0000,19990630 0000,3327, ,CFS
FOL,D,76,INFLOW,19990701 0000,19990701 0000,3336, ,CFS
FOL,D,76,INFLOW,19990702 0000,19990702 0000,2737, ,CFS
FOL,D,76,INFLOW,19990703 0000,19990703 0000,2383, ,CFS
FOL,D,76,INFLOW,19990704 0000,19990704 0000,1794, ,CFS
FOL,D,76,INFLOW,19990705 0000,19990705 0000,2093, ,CFS
FOL,D,76,INFLOW,19990706 0000,19990706 0000,2609, ,CFS
FOL,D,76,INFLOW,19990707 0000,19990707 0000,2191, ,CFS
FOL,D,76,INFLOW,19990708 0000,19990708 0000,2365, ,CFS
FOL,D,76,INFLOW,19990709 0000,19990709 0000,---, ,CFS
FOL,D,76,INFLOW,19990710 0000,19990710 0000,2537, ,CFS
FOL,D,76,INFLOW,19990711 0000,19990711 0000,2132, ,CFS
FOL,D,76,INFLOW,19990712 0000,19990712 0000,3116, ,CFS
FOL,D,76,INFLOW,19990713 0000,19990713 0000,2749, ,CFS
FOL,D,76,INFLOW,19990714 0000,19990714 0000,2365, ,CFS
FOL,D,76,INFLOW,19990715 0000,19990715 0000,2134, ,CFS
FOL,D,76,INFLOW,19990716 0000,19990716 0000,1491, ,CFS
FOL,D,76,INFLOW,19990717 0000,19990717 0000,1865, ,CFS
FOL,D,76,INFLOW,19990718 0000,19990718 0000,1551, ,CFS
FOL,D,76,INFLOW,19990719 0000,19990719 0000,1731, ,CFS
FOL,D,76,INFLOW,19990720 0000,19990720 0000,1856, ,CFS
FOL,D,76,INFLOW,19990721 0000,19990721 0000,1864, ,CFS
FOL,D,76,INFLOW,19990722 0000,19990722 0000,1849, ,CFS
FOL,D,76,INFLOW,19990723 0000,19990723 0000,2174, ,CFS
FOL,D,76,INFLOW,19990724 0000,19990724 0000,1717, ,CFS
FOL,D,76,INFLOW,19990725 0000,19990725 0000,1589, ,CFS
FOL,D,76,INFLOW,19990726 0000,19990726 0000,2173, ,CFS
FOL,D,76,INFLOW,19990727 0000,19990727 0000,1446, ,CFS
FOL,D,76,INFLOW,19990728 0000,19990728 0000,2073, ,CFS
FOL,D,76,INFLOW,19990729 0000,19990729 0000,2067, ,CFS
FOL,D,76,INFLOW,19990730 0000,19990730 0000,1973, ,CFS
FOL,D,76,INFLOW,19990731 0000,19990731 0000,2187, ,CFS
FOL,D,76,INFLOW,19990801 0000,19990801 0000,1745, ,CFS
FOL,D,76,INFLOW,19990802 0000,19990802 0000,2039, ,CFS
FOL,D,76,INFLOW,19990803 0000,19990803 0000,2088, ,CFS
FOL,D,76,INFLOW,19990804 0000,19990804 0000,2193, ,CFS
FOL,D,76,INFLOW,19990805 0000,19990805 0000,2630, ,CFS
FOL,D,76,INFLOW,19990806 0000,19990806 0000,1766, ,CFS
FOL,D,76,INFLOW,19990807 0000,19990807 0000,2808, ,CFS
FOL,D,76,INFLOW,19990808 0000,19990808 0000,1597, ,CFS
FOL,D,76,INFLOW,19990809 0000,19990809 0000,1594, ,CFS
FOL,D,76,INFLOW,19990810 0000,19990810 0000,2230, ,CFS
FOL,D,76,INFLOW,19990811 0000,19990811 0000,2263, ,CFS
FOL,D,76,INFLOW,19990812 0000,19990812 0000,3117, ,CFS
FOL,D,76,INFLOW,19990813 0000,19990813 0000,2497, ,CFS
FOL,D,76,INFLOW,19990814 0000,19990814 0000,2670, ,CFS
FOL,D,76,INFLOW,19990815 0000,19990815 0000,2547, ,CFS
FOL,D,76,INFLOW,19990816 0000,19990816 0000,2327, ,CFS
FOL,D,76,INFLOW,19990817 0000,19990817 0000,2326, ,CFS
FOL,D,76,INFLOW,19990818 0000,19990818 0000,2270, ,CFS
FOL,D,76,INFLOW,19990819 0000,19990819 0000,3137, ,CFS
FOL,D,76,INFLOW,19990820 0000,19990820 0000,2203, ,CFS
FOL,D,76,INFLOW,19990821 0000,19990821 0000,2765, ,CFS
FOL,D,76,INFLOW,19990822 0000,19990822 0000,1951, ,CFS
FOL,D,76,INFLOW,19990823 0000,19990823 0000,1926, ,CFS
FOL,D,76,INFLOW,19990824 0000,19990824 0000,2250, ,CFS
FOL,D,76,INFLOW,19990825 0000,19990825 0000,2538, ,CFS
FOL,D,76,INFLOW,19990826 0000,19990826 0000,2576, ,CFS
FOL,D,76,INFLOW,19990827 0000,19990827 0000,1953, ,CFS
FOL,D,76,INFLOW,19990828 0000,19990828 0000,2173, ,CFS
FOL,D,76,INFLOW,19990829 0000,19990829 0000,1850, ,CFS
FOL,D,76,INFLOW,19990830 0000,19990830 0000,1811, ,CFS
FOL,D,76,INFLOW,19990831 0000,19990831 0000,2316, ,CFS
FOL,D,76,INFLOW,19990901 0000,19990901 0000,2278, ,CFS
FOL,D,76,INFLOW,19990902 0000,19990902 0000,2332, ,CFS
FOL,D,76,INFLOW,19990903 0000,19990903 0000,2470, ,CFS
FOL,D,76,INFLOW,19990904 0000,19990904 0000,2109, ,CFS
FOL,D,76,INFLOW,19990905 0000,19990905 0000,2298, ,CFS
FOL,D,76,INFLOW,19990906 0000,19990906 0000,1999, ,CFS
FOL,D,76,INFLOW,19990907 0000,19990907 0000,1905, ,CFS
FOL,D,76,INFLOW,19990908 0000,19990908 0000,1968, ,CFS
FOL,D,76,INFLOW,19990909 0000,19990909 0000,1851, ,CFS
FOL,D,76,INFLOW,19990910 0000,19990910 0000,1651, ,CFS
FOL,D,76,INFLOW,19990911 0000,19990911 0000,1853, ,CFS
FOL,D,76,INFLOW,19990912 0000,19990912 0000,1896, ,CFS
FOL,D,76,INFLOW,19990913 0000,19990913 0000,1781, ,CFS
FOL,D,76,INFLOW,19990914 0000,19990914 0000,2269, ,CFS
FOL,D,76,INFLOW,19990915 0000,19990915 0000,2233, ,CFS
FOL,D,76,INFLOW,19990916 0000,19990916 0000,1799, ,CFS
FOL,D,76,INFLOW,19990917 0000,19990917 0000,1919, ,CFS
FOL,D,76,INFLOW,19990918 0000,19990918 0000,2166, ,CFS
FOL,D,76,INFLOW,19990919 0000,19990919 0000,2084, ,CFS
FOL,D,76,INFLOW,19990920 0000,19990920 0000,1813, ,CFS
FOL,D,76,INFLOW,19990921 0000,19990921 0000,1494, ,CFS
FOL,D,76,INFLOW,19990922 0000,19990922 0000,1749, ,CFS
FOL,D,76,INFLOW,19990923 0000,19990923 0000,1684, ,CFS
FOL,D,76,INFLOW,19990924 0000,19990924 0000,1446, ,CFS
FOL,D,76,INFLOW,19990925 0000,19990925 0000,1507, ,CFS
FOL,D,76,INFLOW,19990926 0000,19990926 0000,1384, ,CFS
FOL,D,76,INFLOW,19990927 0000,19990927 0000,1390, ,CFS
FOL,D,76,INFLOW,19990928 0000,19990928 0000,1674, ,CFS
FOL,D,76,INFLOW,19990929 0000,19990929 0000,1554, ,CFS
FOL,D,76,INFLOW,19990930 0000,19990930 0000,1518, ,CFS
FOL,D,76,INFLOW,19991001 0000,19991001 0000,2236, ,CFS
FOL,D,76,INFLOW,19991002 0000,19991002 0000,1680, ,CFS
FOL,D,76,INFLOW,19991003 0000,19991003 0000,718, ,CFS
FOL,D,76,INFLOW,19991004 0000,19991004 0000,1098, ,CFS
FOL,D,76,INFLOW,19991005 0000,19991005 0000,1315, ,CFS
FOL,D,76,INFLOW,19991006 0000,19991006 0000,1495, ,CFS
FOL,D,76,INFLOW,19991007 0000,19991007 0000,1306, ,CFS
FOL,D,76,INFLOW,19991008 0000,19991008 0000,1317, ,CFS
FOL,D,76,INFLOW,19991009 0000,19991009 0000,1328, ,CFS
FOL,D,76,INFLOW,19991010 0000,19991010 0000,1393, ,CFS
FOL,D,76,INFLOW,19991011 0000,19991011 0000,1647, ,CFS
FOL,D,76,INFLOW,19991012 0000,19991012 0000,1348, ,CFS
FOL,D,76,INFLOW,19991013 0000,19991013 0000,1237, ,CFS
FOL,D,76,INFLOW,19991014 0000,19991014 0000,987, ,CFS
FOL,D,76,INFLOW,19991015 0000,19991015 0000,948, ,CFS
FOL,D,76,INFLOW,19991016 0000,19991016 0000,1427, ,CFS
FOL,D,76,INFLOW,19991017 0000,19991017 0000,1529, ,CFS
FOL,D,76,INFLOW,19991018 0000,19991018 0000,1048, ,CFS
FOL,D,76,INFLOW,19991019 0000,19991019 0000,1130, ,CFS
FOL,D,76,INFLOW,19991020 0000,19991020 0000,1075, ,CFS
FOL,D,76,INFLOW,19991021 0000,19991021 0000,1068, ,CFS
FOL,D,76,INFLOW,19991022 0000,19991022 0000,982, ,CFS
FOL,D,76,INFLOW,19991023 0000,19991023 0000,918, ,CFS
FOL,D,76,INFLOW,19991024 0000,19991024 0000,1377, ,CFS
FOL,D,76,INFLOW,19991025 0000,19991025 0000,1059, ,CFS
FOL,D,76,INFLOW,19991026 0000,19991026 0000,990, ,CFS
FOL,D,76,INFLOW,19991027 0000,19991027 0000,1110, ,CFS
FOL,D,76,INFLOW,19991028 0000,19991028 0000,1588, ,CFS
FOL,D,76,INFLOW,19991029 0000,19991029 0000,1395, ,CFS
FOL,D,76,INFLOW,19991030 0000,19991030 0000,1281, ,CFS
FOL,D,76,INFLOW,19991031 0000,19991031 0000,1190, ,CFS
FOL,D,76,INFLOW,19991101 0000,19991101 0000,1166, ,CFS
FOL,D,76,INFLOW,19991102 0000,19991102 0000,1067, ,CFS
FOL,D,76,INFLOW,19991103 0000,19991103 0000,937, ,CFS
FOL,D,76,INFLOW,19991104 0000,19991104 0000,954, ,CFS
FOL,D,76,INFLOW,19991105 0000,19991105 0000,890, ,CFS
FOL,D,76,INFLOW,19991106 0000,19991106 0000,997, ,CFS
FOL,D,76,INFLOW,19991107 0000,19991107 0000,1232, ,CFS
FOL,D,76,INFLOW,19991108 0000,19991108 0000,1203, ,CFS
FOL,D,76,INFLOW,19991109 0000,19991109 0000,784, ,CFS
FOL,D,76,INFLOW,19991110 0000,19991110 0000,1156, ,CFS
FOL,D,76,INFLOW,19991111 0000,19991111 0000,1235, ,CFS
FOL,D,76,INFLOW,19991112 0000,19991112 0000,1120, ,CFS
FOL,D,76,INFLOW,19991113 0000,19991113 0000,1281, ,CFS
FOL,D,76,INFLOW,19991114 0000,19991114 0000,1306, ,CFS
FOL,D,76,INFLOW,19991115 0000,19991115 0000,1583, ,CFS
FOL,D,76,INFLOW,19991116 0000,19991116 0000,2288, ,CFS
FOL,D,76,INFLOW,19991117 0000,19991117 0000,2022, ,CFS
FOL,D,76,INFLOW,19991118 0000,19991118 0000,1552, ,CFS
FOL,D,76,INFLOW,19991119 0000,19991119 0000,2574, ,CFS
FOL,D,76,INFLOW,19991120 0000,19991120 0000,1758, ,CFS
FOL,D,76,INFLOW,19991121 0000,19991121 0000,2505, ,CFS
FOL,D,76,INFLOW,19991122 0000,19991122 0000,2520, ,CFS
FOL,D,76,INFLOW,19991123 0000,19991123 0000,2754, ,CFS
FOL,D,76,INFLOW,19991124 0000,19991124 0000,2076, ,CFS
FOL,D,76,INFLOW,19991125 0000,19991125 0000,1504, ,CFS
FOL,D,76,INFLOW,19991126 0000,19991126 0000,1493, ,CFS
FOL,D,76,INFLOW,19991127 0000,19991127 0000,1444, ,CFS
FOL,D,76,INFLOW,19991128 0000,19991128 0000,1292, ,CFS
FOL,D,76,INFLOW,19991129 0000,19991129 0000,2128, ,CFS
FOL,D,76,INFLOW,19991130 0000,19991130 0000,2280, ,CFS
FOL,D,76,INFLOW,19991201 0000,19991201 0000,1980, ,CFS
FOL,D,76,INFLOW,19991202 0000,19991202 0000,2639, ,CFS
FOL,D,76,INFLOW,19991203 0000,19991203 0000,1930, ,CFS
FOL,D,76,INFLOW,19991204 0000,19991204 0000,2366, ,CFS
FOL,D,76,INFLOW,19991205 0000,19991205 0000,2116, ,CFS
FOL,D,76,INFLOW,19991206 0000,19991206 0000,1905, ,CFS
FOL,D,76,INFLOW,19991207 0000,19991207 0000,1607, ,CFS
FOL,D,76,INFLOW,19991208 0000,19991208 0000,2247, ,CFS
FOL,D,76,INFLOW,19991209 0000,19991209 0000,2119, ,CFS
FOL,D,76,INFLOW,19991210 0000,19991210 0000,2338, ,CFS
FOL,D,76,INFLOW,19991211 0000,19991211 0000,1212, ,CFS
FOL,D,76,INFLOW,19991212 0000,19991212 0000,1571, ,CFS
FOL,D,76,INFLOW,19991213 0000,19991213 0000,1768, ,CFS
FOL,D,76,INFLOW,19991214 0000,19991214 0000,245, ,CFS
FOL,D,76,INFLOW,19991215 0000,19991215 0000,2276, ,CFS
FOL,D,76,INFLOW,19991216 0000,19991216 0000,5767, ,CFS
FOL,D,76,INFLOW,19991217 0000,19991217 0000,2137, ,CFS
FOL,D,76,INFLOW,19991218 0000,19991218 0000,933, ,CFS
FOL,D,76,INFLOW,19991219 0000,19991219 0000,1196, ,CFS
FOL,D,76,INFLOW,19991220 0000,19991220 0000,1482, ,CFS
FOL,D,76,INFLOW,19991221 0000,19991221 0000,1201, ,CFS
FOL,D,76,INFLOW,19991222 0000,19991222 0000,1638, ,CFS
FOL,D,76,INFLOW,19991223 0000,19991223 0000,1155, ,CFS
FOL,D,76,INFLOW,19991224 0000,19991224 0000,976, ,CFS
FOL,D,76,INFLOW,19991225 0000,19991225 0000,837, ,CFS
FOL,D,76,INFLOW,19991226 0000,19991226 0000,708, ,CFS
FOL,D,76,INFLOW,19991227 0000,19991227 0000,701, ,CFS
FOL,D,76,INFLOW,19991228 0000,19991228 0000,1075, ,CFS
FOL,D,76,INFLOW,19991229 0000,19991229 0000,1081, ,CFS
FOL,D,76,INFLOW,19991230 0000,19991230 0000,971, ,CFS
FOL,D,76,INFLOW,19991231 0000,19991231 0000,525, ,CFS
FOL,D,76,INFLOW,20000101 0000,20000101 0000,1450, ,CFS
FOL,D,76,INFLOW,20000102 0000,20000102 0000,789, ,CFS
FOL,D,76,INFLOW,20000103 0000,20000103 0000,1420, ,CFS
FOL,D,76,INFLOW,20000104 0000,20000104 0000,678, ,CFS
FOL,D,76,INFLOW,20000105 0000,20000105 0000,1035, ,CFS
FOL,D,76,INFLOW,20000106 0000,20000106 0000,1231, ,CFS
FOL,D,76,INFLOW,20000107 0000,20000107 0000,508, ,CFS
FOL,D,76,INFLOW,20000108 0000,20000108 0000,1004, ,CFS
FOL,D,76,INFLOW,20000109 0000,20000109 0000,542, ,CFS
FOL,D,76,INFLOW,20000110 0000,20000110 0000,777, ,CFS
FOL,D,76,INFLOW,20000111 0000,20000111 0000,972, ,CFS
FOL,D,76,INFLOW,20000112 0000,20000112 0000,1428, ,CFS
FOL,D,76,INFLOW,20000113 0000,20000113 0000,1332, ,CFS
FOL,D,76,INFLOW,20000114 0000,20000114 0000,1353, ,CFS
FOL,D,76,INFLOW,20000115 0000,20000115 0000,1032, ,CFS
FOL,D,76,INFLOW,20000116 0000,20000116 0000,2136, ,CFS
FOL,D,76,INFLOW,20000117 0000,20000117 0000,2395, ,CFS
FOL,D,76,INFLOW,20000118 0000,20000118 0000,5371, ,CFS
FOL,D,76,INFLOW,20000119 0000,20000119 0000,8126, ,CFS
FOL,D,76,INFLOW,20000120 0000,20000120 0000,6643, ,CFS
FOL,D,76,INFLOW,20000121 0000,20000121 0000,5048, ,CFS
FOL,D,76,INFLOW,20000122 0000,20000122 0000,3352, ,CFS
FOL,D,76,INFLOW,20000123 0000,20000123 0000,3378, ,CFS
FOL,D,76,INFLOW,20000124 0000,20000124 0000,21476, ,CFS
FOL,D,76,INFLOW,20000125 0000,20000125 0000,25370, ,CFS
FOL,D,76,INFLOW,20000126 0000,20000126 0000,11331, ,CFS
FOL,D,76,INFLOW,20000127 0000,20000127 0000,6963, ,CFS
FOL,D,76,INFLOW,20000128 0000,20000128 0000,5003, ,CFS
FOL,D,76,INFLOW,20000129 0000,20000129 0000,3314, ,CFS
FOL,D,76,INFLOW,20000130 0000,20000130 0000,4244, ,CFS
FOL,D,76,INFLOW,20000131 0000,20000131 0000,4616, ,CFS
FOL,D,76,INFLOW,20000201 0000,20000201 0000,4271, ,CFS
FOL,D,76,INFLOW,20000202 0000,20000202 0000,3052, ,CFS
FOL,D,76,INFLOW,20000203 0000,20000203 0000,3293, ,CFS
FOL,D,76,INFLOW,20000204 0000,20000204 0000,4441, ,CFS
FOL,D,76,INFLOW,20000205 0000,20000205 0000,4558, ,CFS
FOL,D,76,INFLOW,20000206 0000,20000206 0000,3488, ,CFS
FOL,D,76,INFLOW,20000207 0000,20000207 0000,3309, ,CFS
FOL,D,76,INFLOW,20000208 0000,20000208 0000,3168, ,CFS
FOL,D,76,INFLOW,20000209 0000,20000209 0000,3578, ,CFS
FOL,D,76,INFLOW,20000210 0000,20000210 0000,3968, ,CFS
FOL,D,76,INFLOW,20000211 0000,20000211 0000,6694, ,CFS
FOL,D,76,INFLOW,20000212 0000,20000212 0000,16322, ,CFS
FOL,D,76,INFLOW,20000213 0000,20000213 0000,19927, ,CFS
FOL,D,76,INFLOW,20000214 0000,20000214 0000,46576, ,CFS
FOL,D,76,INFLOW,20000215 0000,20000215 0000,25213, ,CFS
FOL,D,76,INFLOW,20000216 0000,20000216 0000,16448, ,CFS
FOL,D,76,INFLOW,20000217 0000,20000217 0000,12292, ,CFS
FOL,D,76,INFLOW,20000218 0000,20000218 0000,9344, ,CFS
FOL,D,76,INFLOW,20000219 0000,20000219 0000,8001, ,CFS
FOL,D,76,INFLOW,20000220 0000,20000220 0000,6695, ,CFS
FOL,D,76,INFLOW,20000221 0000,20000221 0000,6840, ,CFS
FOL,D,76,INFLOW,20000222 0000,20000222 0000,9221, ,CFS
FOL,D,76,INFLOW,20000223 0000,20000223 0000,17108, ,CFS
FOL,D,76,INFLOW,20000224 0000,20000224 0000,10563, ,CFS
FOL,D,76,INFLOW,20000225 0000,20000225 0000,7586, ,CFS
FOL,D,76,INFLOW,20000226 0000,20000226 0000,7044, ,CFS
FOL,D,76,INFLOW,20000227 0000,20000227 0000,24442, ,CFS
FOL,D,76,INFLOW,20000228 0000,20000228 0000,19085, ,CFS
FOL,D,76,INFLOW,20000229 0000,20000229 0000,13475, ,CFS
FOL,D,76,INFLOW,20000301 0000,20000301 0000,11561, ,CFS
FOL,D,76,INFLOW,20000302 0000,20000302 0000,10024, ,CFS
FOL,D,76,INFLOW,20000303 0000,20000303 0000,8475, ,CFS
FOL,D,76,INFLOW,20000304 0000,20000304 0000,6586, ,CFS
FOL,D,76,INFLOW,20000305 0000,20000305 0000,8034, ,CFS
FOL,D,76,INFLOW,20000306 0000,20000306 0000,8586, ,CFS
FOL,D,76,INFLOW,20000307 0000,20000307 0000,7634, ,CFS
FOL,D,76,INFLOW,20000308 0000,20000308 0000,8307, ,CFS
FOL,D,76,INFLOW,20000309 0000,20000309 0000,8651, ,CFS
FOL,D,76,INFLOW,20000310 0000,20000310 0000,7928, ,CFS
FOL,D,76,INFLOW,20000311 0000,20000311 0000,7069, ,CFS
FOL,D,76,INFLOW,20000312 0000,20000312 0000,6665, ,CFS
FOL,D,76,INFLOW,20000313 0000,20000313 0000,6517, ,CFS
FOL,D,76,INFLOW,20000314 0000,20000314 0000,6517, ,CFS
FOL,D,76,INFLOW,20000315 0000,20000315 0000,6899, ,CFS
FOL,D,76,INFLOW,20000316 0000,20000316 0000,7141, ,CFS
FOL,D,76,INFLOW,20000317 0000,20000317 0000,6648, ,CFS
FOL,D,76,INFLOW,20000318 0000,20000318 0000,6426, ,CFS
FOL,D,76,INFLOW,20000319 0000,20000319 0000,5810, ,CFS
FOL,D,76,INFLOW,20000320 0000,20000320 0000,6363, ,CFS
FOL,D,76,INFLOW,20000321 0000,20000321 0000,5875, ,CFS
FOL,D,76,INFLOW,20000322 0000,20000322 0000,5762, ,CFS
FOL,D,76,INFLOW,20000323 0000,20000323 0000,5848, ,CFS
FOL,D,76,INFLOW,20000324 0000,20000324 0000,5768, ,CFS
FOL,D,76,INFLOW,20000325 0000,20000325 0000,5603, ,CFS
FOL,D,76,INFLOW,20000326 0000,20000326 0000,4484, ,CFS
FOL,D,76,INFLOW,20000327 0000,20000327 0000,5689, ,CFS
FOL,D,76,INFLOW,20000328 0000,20000328 0000,6042, ,CFS
FOL,D,76,INFLOW,20000329 0000,20000329 0000,5905, ,CFS
FOL,D,76,INFLOW,20000330 0000,20000330 0000,5831, ,CFS
FOL,D,76,INFLOW,20000331 0000,20000331 0000,4933, ,CFS
FOL,D,76,INFLOW,20000401 0000,20000401 0000,4465, ,CFS
FOL,D,76,INFLOW,20000402 0000,20000402 0000,4694, ,CFS
FOL,D,76,INFLOW,20000403 0000,20000403 0000,5558, ,CFS
FOL,D,76,INFLOW,20000404 0000,20000404 0000,5774, ,CFS
FOL,D,76,INFLOW,20000405 0000,20000405 0000,6957, ,CFS
FOL,D,76,INFLOW,20000406 0000,20000406 0000,5170, ,CFS
FOL,D,76,INFLOW,20000407 0000,20000407 0000,5105, ,CFS
FOL,D,76,INFLOW,20000408 0000,20000408 0000,4744, ,CFS
FOL,D,76,INFLOW,20000409 0000,20000409 0000,4579, ,CFS
FOL,D,76,INFLOW,20000410 0000,20000410 0000,5097, ,CFS
FOL,D,76,INFLOW,20000411 0000,20000411 0000,5035, ,CFS
FOL,D,76,INFLOW,20000412 0000,20000412 0000,4689, ,CFS
FOL,D,76,INFLOW,20000413 0000,20000413 0000,5975, ,CFS
FOL,D,76,INFLOW,20000414 0000,20000414 0000,7533, ,CFS
FOL,D,76,INFLOW,20000415 0000,20000415 0000,6088, ,CFS
FOL,D,76,INFLOW,20000416 0000,20000416 0000,4649, ,CFS
FOL,D,76,INFLOW,20000417 0000,20000417 0000,6115, ,CFS
FOL,D,76,INFLOW,20000418 0000,20000418 0000,5289, ,CFS
FOL,D,76,INFLOW,20000419 0000,20000419 0000,4978, ,CFS
FOL,D,76,INFLOW,20000420 0000,20000420 0000,4124, ,CFS
FOL,D,76,INFLOW,20000421 0000,20000421 0000,3946, ,CFS
FOL,D,76,INFLOW,20000422 0000,20000422 0000,3765, ,CFS
FOL,D,76,INFLOW,20000423 0000,20000423 0000,3558, ,CFS
FOL,D,76,INFLOW,20000424 0000,20000424 0000,3772, ,CFS
FOL,D,76,INFLOW,20000425 0000,20000425 0000,4315, ,CFS
FOL,D,76,INFLOW,20000426 0000,20000426 0000,4110, ,CFS
FOL,D,76,INFLOW,20000427 0000,20000427 0000,4315, ,CFS
FOL,D,76,INFLOW,20000428 0000,20000428 0000,4744, ,CFS
FOL,D,76,INFLOW,20000429 0000,20000429 0000,4488, ,CFS
FOL,D,76,INFLOW,20000430 0000,20000430 0000,3700, ,CFS
FOL,D,76,INFLOW,20000501 0000,20000501 0000,3520, ,CFS
FOL,D,76,INFLOW,20000502 0000,20000502 0000,4797, ,CFS
FOL,D,76,INFLOW,20000503 0000,20000503 0000,4392, ,CFS
FOL,D,76,INFLOW,20000504 0000,20000504 0000,4649, ,CFS
FOL,D,76,INFLOW,20000505 0000,20000505 0000,4994, ,CFS
FOL,D,76,INFLOW,20000506 0000,20000506 0000,4552, ,CFS
FOL,D,76,INFLOW,20000507 0000,20000507 0000,4523, ,CFS
FOL,D,76,INFLOW,20000508 0000,20000508 0000,8080, ,CFS
FOL,D,76,INFLOW,20000509 0000,20000509 0000,8620, ,CFS
FOL,D,76,INFLOW,20000510 0000,20000510 0000,6003, ,CFS
FOL,D,76,INFLOW,20000511 0000,20000511 0000,4571, ,CFS
FOL,D,76,INFLOW,20000512 0000,20000512 0000,4606, ,CFS
FOL,D,76,INFLOW,20000513 0000,20000513 0000,4233, ,CFS
FOL,D,76,INFLOW,20000514 0000,20000514 0000,3670, ,CFS
FOL,D,76,INFLOW,20000515 0000,20000515 0000,5035, ,CFS
FOL,D,76,INFLOW,20000516 0000,20000516 0000,5584, ,CFS
FOL,D,76,INFLOW,20000517 0000,20000517 0000,5119, ,CFS
FOL,D,76,INFLOW,20000518 0000,20000518 0000,4602, ,CFS
FOL,D,76,INFLOW,20000519 0000,20000519 0000,4884, ,CFS
FOL,D,76,INFLOW,20000520 0000,20000520 0000,5222, ,CFS
FOL,D,76,INFLOW,20000521 0000,20000521 0000,4738, ,CFS
FOL,D,76,INFLOW,20000522 0000,20000522 0000,5193, ,CFS
FOL,D,76,INFLOW,20000523 0000,20000523 0000,5080, ,CFS
FOL,D,76,INFLOW,20000524 0000,20000524 0000,5719, ,CFS
FOL,D,76,INFLOW,20000525 0000,20000525 0000,5692, ,CFS
FOL,D,76,INFLOW,20000526 0000,20000526 0000,5757, ,CFS
FOL,D,76,INFLOW,20000527 0000,20000527 0000,5237, ,CFS
FOL,D,76,INFLOW,20000528 0000,20000528 0000,5679, ,CFS
FOL,D,76,INFLOW,20000529 0000,20000529 0000,5023, ,CFS
FOL,D,76,INFLOW,20000530 0000,20000530 0000,5138, ,CFS
FOL,D,76,INFLOW,20000531 0000,20000531 0000,4660, ,CFS
FOL,D,76,INFLOW,20000601 0000,20000601 0000,4157, ,CFS
FOL,D,76,INFLOW,20000602 0000,20000602 0000,3799, ,CFS
FOL,D,76,INFLOW,20000603 0000,20000603 0000,3186, ,CFS
FOL,D,76,INFLOW,20000604 0000,20000604 0000,3163, ,CFS
FOL,D,76,INFLOW,20000605 0000,20000605 0000,3128, ,CFS
FOL,D,76,INFLOW,20000606 0000,20000606 0000,3291, ,CFS
FOL,D,76,INFLOW,20000607 0000,20000607 0000,3158, ,CFS
FOL,D,76,INFLOW,20000608 0000,20000608 0000,3706, ,CFS
FOL,D,76,INFLOW,20000609 0000,20000609 0000,3536, ,CFS
FOL,D,76,INFLOW,20000610 0000,20000610 0000,2720, ,CFS
FOL,D,76,INFLOW,20000611 0000,20000611 0000,2635, ,CFS
FOL,D,76,INFLOW,20000612 0000,20000612 0000,2913, ,CFS
FOL,D,76,INFLOW,20000613 0000,20000613 0000,3607, ,CFS
FOL,D,76,INFLOW,20000614 0000,20000614 0000,3521, ,CFS
FOL,D,76,INFLOW,20000615 0000,20000615 0000,4206, ,CFS
FOL,D,76,INFLOW,20000616 0000,20000616 0000,3251, ,CFS
FOL,D,76,INFLOW,20000617 0000,20000617 0000,2915, ,CFS
FOL,D,76,INFLOW,20000618 0000,20000618 0000,2825, ,CFS
FOL,D,76,INFLOW,20000619 0000,20000619 0000,2104, ,CFS
FOL,D,76,INFLOW,20000620 0000,20000620 0000,3643, ,CFS
FOL,D,76,INFLOW,20000621 0000,20000621 0000,3054, ,CFS
FOL,D,76,INFLOW,20000622 0000,20000622 0000,2727, ,CFS
FOL,D,76,INFLOW,20000623 0000,20000623 0000,1936, ,CFS
FOL,D,76,INFLOW,20000624 0000,20000624 0000,1486, ,CFS
FOL,D,76,INFLOW,20000625 0000,20000625 0000,1603, ,CFS
FOL,D,76,INFLOW,20000626 0000,20000626 0000,2652, ,CFS
FOL,D,76,INFLOW,20000627 0000,20000627 0000,3276, ,CFS
FOL,D,76,INFLOW,20000628 0000,20000628 0000,2905, ,CFS
FOL,D,76,INFLOW,20000629 0000,20000629 0000,2462, ,CFS
FOL,D,76,INFLOW,20000630 0000,20000630 0000,1933, ,CFS
FOL,D,76,INFLOW,20000701 0000,20000701 0000,1641, ,CFS
FOL,D,76,INFLOW,20000702 0000,20000702 0000,1198, ,CFS
FOL,D,76,INFLOW,20000703 0000,20000703 0000,1125, ,CFS
FOL,D,76,INFLOW,20000704 0000,20000704 0000,1191, ,CFS
FOL,D,76,INFLOW,20000705 0000,20000705 0000,1503, ,CFS
FOL,D,76,INFLOW,20000706 0000,20000706 0000,1544, ,CFS
FOL,D,76,INFLOW,20000707 0000,20000707 0000,1456, ,CFS
FOL,D,76,INFLOW,20000708 0000,20000708 0000,1348, ,CFS
FOL,D,76,INFLOW,20000709 0000,20000709 0000,1764, ,CFS
FOL,D,76,INFLOW,20000710 0000,20000710 0000,1462, ,CFS
FOL,D,76,INFLOW,20000711 0000,20000711 0000,2021, ,CFS
FOL,D,76,INFLOW,20000712 0000,20000712 0000,1896, ,CFS
FOL,D,76,INFLOW,20000713 0000,20000713 0000,1597, ,CFS
FOL,D,76,INFLOW,20000714 0000,20000714 0000,1702, ,CFS
FOL,D,76,INFLOW,20000715 0000,20000715 0000,1874, ,CFS
FOL,D,76,INFLOW,20000716 0000,20000716 0000,993, ,CFS
FOL,D,76,INFLOW,20000717 0000,20000717 0000,1622, ,CFS
FOL,D,76,INFLOW,20000718 0000,20000718 0000,1877, ,CFS
FOL,D,76,INFLOW,20000719 0000,20000719 0000,2310, ,CFS
FOL,D,76,INFLOW,20000720 0000,20000720 0000,1979, ,CFS
FOL,D,76,INFLOW,20000721 0000,20000721 0000,1524, ,CFS
FOL,D,76,INFLOW,20000722 0000,20000722 0000,1807, ,CFS
FOL,D,76,INFLOW,20000723 0000,20000723 0000,1609, ,CFS
FOL,D,76,INFLOW,20000724 0000,20000724 0000,1920, ,CFS
FOL,D,76,INFLOW,20000725 0000,20000725 0000,2007, ,CFS
FOL,D,76,INFLOW,20000726 0000,20000726 0000,1773, ,CFS
FOL,D,76,INFLOW,20000727 0000,20000727 0000,2450, ,CFS
FOL,D,76,INFLOW,20000728 0000,20000728 0000,2473, ,CFS
FOL,D,76,INFLOW,20000729 0000,20000729 0000,2319, ,CFS
FOL,D,76,INFLOW,20000730 0000,20000730 0000,1396, ,CFS
FOL,D,76,INFLOW,20000731 0000,20000731 0000,2350, ,CFS
FOL,D,76,INFLOW,20000801 0000,20000801 0000,2569, ,CFS
FOL,D,76,INFLOW,20000802 0000,20000802 0000,2996, ,CFS
FOL,D,76,INFLOW,20000803 0000,20000803 0000,2083, ,CFS
FOL,D,76,INFLOW,20000804 0000,20000804 0000,2354, ,CFS
FOL,D,76,INFLOW,20000805 0000,20000805 0000,2194, ,CFS
FOL,D,76,INFLOW,20000806 0000,20000806 0000,1932, ,CFS
FOL,D,76,INFLOW,20000807 0000,20000807 0000,1399, ,CFS
FOL,D,76,INFLOW,20000808 0000,20000808 0000,1373, ,CFS
FOL,D,76,INFLOW,20000809 0000,20000809 0000,2238, ,CFS
FOL,D,76,INFLOW,20000810 0000,20000810 0000,2093, ,CFS
FOL,D,76,INFLOW,20000811 0000,20000811 0000,2400, ,CFS
FOL,D,76,INFLOW,20000812 0000,20000812 0000,2379, ,CFS
FOL,D,76,INFLOW,20000813 0000,20000813 0000,1669, ,CFS
FOL,D,76,INFLOW,20000814 0000,20000814 0000,1914, ,CFS
FOL,D,76,INFLOW,20000815 0000,20000815 0000,2531, ,CFS
FOL,D,76,INFLOW,20000816 0000,20000816 0000,3012, ,CFS
FOL,D,76,INFLOW,20000817 0000,20000817 0000,2814, ,CFS
FOL,D,76,INFLOW,20000818 0000,20000818 0000,1982, ,CFS
FOL,D,76,INFLOW,20000819 0000,20000819 0000,1931, ,CFS
FOL,D,76,INFLOW,20000820 0000,20000820 0000,1451, ,CFS
FOL,D,76,INFLOW,20000821 0000,20000821 0000,2018, ,CFS
FOL,D,76,INFLOW,20000822 0000,20000822 0000,2944, ,CFS
FOL,D,76,INFLOW,20000823 0000,20000823 0000,2456, ,CFS
FOL,D,76,INFLOW,20000824 0000,20000824 0000,2533, ,CFS
FOL,D,76,INFLOW,20000825 0000,20000825 0000,2407, ,CFS
FOL,D,76,INFLOW,20000826 0000,20000826 0000,2212, ,CFS
FOL,D,76,INFLOW,20000827 0000,20000827 0000,1596, ,CFS
FOL,D,76,INFLOW,20000828 0000,20000828 0000,1719, ,CFS
FOL,D,76,INFLOW,20000829 0000,20000829 0000,1909, ,CFS
FOL,D,76,INFLOW,20000830 0000,20000830 0000,1303, ,CFS
FOL,D,76,INFLOW,20000831 0000,20000831 0000,1910, ,CFS
FOL,D,76,INFLOW,20000901 0000,20000901 0000,2007, ,CFS
FOL,D,76,INFLOW,20000902 0000,20000902 0000,2057, ,CFS
FOL,D,76,INFLOW,20000903 0000,20000903 0000,1743, ,CFS
FOL,D,76,INFLOW,20000904 0000,20000904 0000,1663, ,CFS
FOL,D,76,INFLOW,20000905 0000,20000905 0000,1636, ,CFS
FOL,D,76,INFLOW,20000906 0000,20000906 0000,2190, ,CFS
FOL,D,76,INFLOW,20000907 0000,20000907 0000,2268, ,CFS
FOL,D,76,INFLOW,20000908 0000,20000908 0000,3800, ,CFS
FOL,D,76,INFLOW,20000909 0000,20000909 0000,2287, ,CFS
FOL,D,76,INFLOW,20000910 0000,20000910 0000,1785, ,CFS
FOL,D,76,INFLOW,20000911 0000,20000911 0000,2126, ,CFS
FOL,D,76,INFLOW,20000912 0000,20000912 0000,2500, ,CFS
FOL,D,76,INFLOW,20000913 0000,20000913 0000,3306, ,CFS
FOL,D,76,INFLOW,20000914 0000,20000914 0000,2729, ,CFS
FOL,D,76,INFLOW,20000915 0000,20000915 0000,1710, ,CFS
FOL,D,76,INFLOW,20000916 0000,20000916 0000,1320, ,CFS
FOL,D,76,INFLOW,20000917 0000,20000917 0000,1469, ,CFS
FOL,D,76,INFLOW,20000918 0000,20000918 0000,2577, ,CFS
FOL,D,76,INFLOW,20000919 0000,20000919 0000,2396, ,CFS
FOL,D,76,INFLOW,20000920 0000,20000920 0000,2611, ,CFS
FOL,D,76,INFLOW,20000921 0000,20000921 0000,2142, ,CFS
FOL,D,76,INFLOW,20000922 0000,20000922 0000,1300, ,CFS
FOL,D,76,INFLOW,20000923 0000,20000923 0000,1139, ,CFS
FOL,D,76,INFLOW,20000924 0000,20000924 0000,823, ,CFS
FOL,D,76,INFLOW,20000925 0000,20000925 0000,994, ,CFS
FOL,D,76,INFLOW,20000926 0000,20000926 0000,1516, ,CFS
FOL,D,76,INFLOW,20000927 0000,20000927 0000,1026, ,CFS
FOL,D,76,INFLOW,20000928 0000,20000928 0000,769, ,CFS
FOL,D,76,INFLOW,20000929 0000,20000929 0000,864, ,CFS
FOL,D,76,INFLOW,20000930 0000,20000930 0000,772, ,CFS
FOL,D,76,INFLOW,20001001 0000,20001001 0000,1107, ,CFS
FOL,D,76,INFLOW,20001002 0000,20001002 0000,1432, ,CFS
FOL,D,76,INFLOW,20001003 0000,20001003 0000,1357, ,CFS
FOL,D,76,INFLOW,20001004 0000,20001004 0000,631, ,CFS
FOL,D,76,INFLOW,20001005 0000,20001005 0000,908, ,CFS
FOL,D,76,INFLOW,20001006 0000,20001006 0000,1507, ,CFS
FOL,D,76,INFLOW,20001007 0000,20001007 0000,712, ,CFS
FOL,D,76,INFLOW,20001008 0000,20001008 0000,586, ,CFS
FOL,D,76,INFLOW,20001009 0000,20001009 0000,554, ,CFS
FOL,D,76,INFLOW,20001010 0000,20001010 0000,582, ,CFS
FOL,D,76,INFLOW,20001011 0000,20001011 0000,1053, ,CFS
FOL,D,76,INFLOW,20001012 0000,20001012 0000,645, ,CFS
FOL,D,76,INFLOW,20001013 0000,20001013 0000,521, ,CFS
FOL,D,76,INFLOW,20001014 0000,20001014 0000,688, ,CFS
FOL,D,76,INFLOW,20001015 0000,20001015 0000,478, ,CFS
FOL,D,76,INFLOW,20001016 0000,20001016 0000,129, ,CFS
FOL,D,76,INFLOW,20001017 0000,20001017 0000,273, ,CFS
FOL,D,76,INFLOW,20001018 0000,20001018 0000,171, ,CFS
FOL,D,76,INFLOW,20001019 0000,20001019 0000,319, ,CFS
FOL,D,76,INFLOW,20001020 0000,20001020 0000,180, ,CFS
FOL,D,76,INFLOW,20001021 0000,20001021 0000,363, ,CFS
FOL,D,76,INFLOW,20001022 0000,20001022 0000,-112, ,CFS
FOL,D,76,INFLOW,20001023 0000,20001023 0000,118, ,CFS
FOL,D,76,INFLOW,20001024 0000,20001024 0000,673, ,CFS
FOL,D,76,INFLOW,20001025 0000,20001025 0000,1159, ,CFS
FOL,D,76,INFLOW,20001026 0000,20001026 0000,1607, ,CFS
FOL,D,76,INFLOW,20001027 0000,20001027 0000,1339, ,CFS
FOL,D,76,INFLOW,20001028 0000,20001028 0000,1975, ,CFS
FOL,D,76,INFLOW,20001029 0000,20001029 0000,2416, ,CFS
FOL,D,76,INFLOW,20001030 0000,20001030 0000,2098, ,CFS
FOL,D,76,INFLOW,20001031 0000,20001031 0000,2066, ,CFS
FOL,D,76,INFLOW,20001101 0000,20001101 0000,1356, ,CFS
FOL,D,76,INFLOW,20001102 0000,20001102 0000,1934, ,CFS
FOL,D,76,INFLOW,20001103 0000,20001103 0000,1795, ,CFS
FOL,D,76,INFLOW,20001104 0000,20001104 0000,1435, ,CFS
FOL,D,76,INFLOW,20001105 0000,20001105 0000,872, ,CFS
FOL,D,76,INFLOW,20001106 0000,20001106 0000,1185, ,CFS
FOL,D,76,INFLOW,20001107 0000,20001107 0000,1808, ,CFS
FOL,D,76,INFLOW,20001108 0000,20001108 0000,1419, ,CFS
FOL,D,76,INFLOW,20001109 0000,20001109 0000,1856, ,CFS
FOL,D,76,INFLOW,20001110 0000,20001110 0000,1884, ,CFS
FOL,D,76,INFLOW,20001111 0000,20001111 0000,2341, ,CFS
FOL,D,76,INFLOW,20001112 0000,20001112 0000,1313, ,CFS
FOL,D,76,INFLOW,20001113 0000,20001113 0000,2501, ,CFS
FOL,D,76,INFLOW,20001114 0000,20001114 0000,3111, ,CFS
FOL,D,76,INFLOW,20001115 0000,20001115 0000,2265, ,CFS
FOL,D,76,INFLOW,20001116 0000,20001116 0000,2402, ,CFS
FOL,D,76,INFLOW,20001117 0000,20001117 0000,2656, ,CFS
FOL,D,76,INFLOW,20001118 0000,20001118 0000,2966, ,CFS
FOL,D,76,INFLOW,20001119 0000,20001119 0000,2528, ,CFS
FOL,D,76,INFLOW,20001120 0000,20001120 0000,2106, ,CFS
FOL,D,76,INFLOW,20001121 0000,20001121 0000,2120, ,CFS
FOL,D,76,INFLOW,20001122 0000,20001122 0000,2437, ,CFS
FOL,D,76,INFLOW,20001123 0000,20001123 0000,1682, ,CFS
FOL,D,76,INFLOW,20001124 0000,20001124 0000,1153, ,CFS
FOL,D,76,INFLOW,20001125 0000,20001125 0000,1151, ,CFS
FOL,D,76,INFLOW,20001126 0000,20001126 0000,1248, ,CFS
FOL,D,76,INFLOW,20001127 0000,20001127 0000,1687, ,CFS
FOL,D,76,INFLOW,20001128 0000,20001128 0000,2445, ,CFS
FOL,D,76,INFLOW,20001129 0000,20001129 0000,2507, ,CFS
FOL,D,76,INFLOW,20001130 0000,20001130 0000,2200, ,CFS
FOL,D,76,INFLOW,20001201 0000,20001201 0000,2319, ,CFS
FOL,D,76,INFLOW,20001202 0000,20001202 0000,2255, ,CFS
FOL,D,76,INFLOW,20001203 0000,20001203 0000,2127, ,CFS
FOL,D,76,INFLOW,20001204 0000,20001204 0000,2314, ,CFS
FOL,D,76,INFLOW,20001205 0000,20001205 0000,2265, ,CFS
FOL,D,76,INFLOW,20001206 0000,20001206 0000,2690, ,CFS
FOL,D,76,INFLOW,20001207 0000,20001207 0000,2651, ,CFS
FOL,D,76,INFLOW,20001208 0000,20001208 0000,2090, ,CFS
FOL,D,76,INFLOW,20001209 0000,20001209 0000,1354, ,CFS
FOL,D,76,INFLOW,20001210 0000,20001210 0000,1572, ,CFS
FOL,D,76,INFLOW,20001211 0000,20001211 0000,2433, ,CFS
FOL,D,76,INFLOW,20001212 0000,20001212 0000,3604, ,CFS
FOL,D,76,INFLOW,20001213 0000,20001213 0000,2774, ,CFS
FOL,D,76,INFLOW,20001214 0000,20001214 0000,2450, ,CFS
FOL,D,76,INFLOW,20001215 0000,20001215 0000,2820, ,CFS
FOL,D,76,INFLOW,20001216 0000,20001216 0000,2203, ,CFS
FOL,D,76,INFLOW,20001217 0000,20001217 0000,1526, ,CFS
FOL,D,76,INFLOW,20001218 0000,20001218 0000,2452, ,CFS
FOL,D,76,INFLOW,20001219 0000,20001219 0000,3042, ,CFS
FOL,D,76,INFLOW,20001220 0000,20001220 0000,2126, ,CFS
FOL,D,76,INFLOW,20001221 0000,20001221 0000,2045, ,CFS
FOL,D,76,INFLOW,20001222 0000,20001222 0000,1900, ,CFS
FOL,D,76,INFLOW,20001223 0000,20001223 0000,1410, ,CFS
FOL,D,76,INFLOW,20001224 0000,20001224 0000,1876, ,CFS
FOL,D,76,INFLOW,20001225 0000,20001225 0000,1767, ,CFS
FOL,D,76,INFLOW,20001226 0000,20001226 0000,1558, ,CFS
FOL,D,76,INFLOW,20001227 0000,20001227 0000,1682, ,CFS
FOL,D,76,INFLOW,20001228 0000,20001228 0000,1696, ,CFS
FOL,D,76,INFLOW,20001229 0000,20001229 0000,2114, ,CFS
FOL,D,76,INFLOW,20001230 0000,20001230 0000,978, ,CFS
FOL,D,76,INFLOW,20001231 0000,20001231 0000,913, ,CFS
FOL,D,76,INFLOW,20010101 0000,20010101 0000,1548, ,CFS
FOL,D,76,INFLOW,20010102 0000,20010102 0000,1357, ,CFS
FOL,D,76,INFLOW,20010103 0000,20010103 0000,1544, ,CFS
FOL,D,76,INFLOW,20010104 0000,20010104 0000,1199, ,CFS
FOL,D,76,INFLOW,20010105 0000,20010105 0000,1344, ,CFS
FOL,D,76,INFLOW,20010106 0000,20010106 0000,1163, ,CFS
FOL,D,76,INFLOW,20010107 0000,20010107 0000,1010, ,CFS
FOL,D,76,INFLOW,20010108 0000,20010108 0000,1194, ,CFS
FOL,D,76,INFLOW,20010109 0000,20010109 0000,1097, ,CFS
FOL,D,76,INFLOW,20010110 0000,20010110 0000,1970, ,CFS
FOL,D,76,INFLOW,20010111 0000,20010111 0000,2561, ,CFS
FOL,D,76,INFLOW,20010112 0000,20010112 0000,1860, ,CFS
FOL,D,76,INFLOW,20010113 0000,20010113 0000,1156, ,CFS
FOL,D,76,INFLOW,20010114 0000,20010114 0000,1217, ,CFS
FOL,D,76,INFLOW,20010115 0000,20010115 0000,1000, ,CFS
FOL,D,76,INFLOW,20010116 0000,20010116 0000,1163, ,CFS
FOL,D,76,INFLOW,20010117 0000,20010117 0000,1187, ,CFS
FOL,D,76,INFLOW,20010118 0000,20010118 0000,1546, ,CFS
FOL,D,76,INFLOW,20010119 0000,20010119 0000,1185, ,CFS
FOL,D,76,INFLOW,20010120 0000,20010120 0000,1540, ,CFS
FOL,D,76,INFLOW,20010121 0000,20010121 0000,1193, ,CFS
FOL,D,76,INFLOW,20010122 0000,20010122 0000,1722, ,CFS
FOL,D,76,INFLOW,20010123 0000,20010123 0000,1667, ,CFS
FOL,D,76,INFLOW,20010124 0000,20010124 0000,2169, ,CFS
FOL,D,76,INFLOW,20010125 0000,20010125 0000,2332, ,CFS
FOL,D,76,INFLOW,20010126 0000,20010126 0000,2338, ,CFS
FOL,D,76,INFLOW,20010127 0000,20010127 0000,1727, ,CFS
FOL,D,76,INFLOW,20010128 0000,20010128 0000,978, ,CFS
FOL,D,76,INFLOW,20010129 0000,20010129 0000,1267, ,CFS
FOL,D,76,INFLOW,20010130 0000,20010130 0000,1118, ,CFS
FOL,D,76,INFLOW,20010131 0000,20010131 0000,1115, ,CFS
FOL,D,76,INFLOW,20010201 0000,20010201 0000,1167, ,CFS
FOL,D,76,INFLOW,20010202 0000,20010202 0000,861, ,CFS
FOL,D,76,INFLOW,20010203 0000,20010203 0000,740, ,CFS
FOL,D,76,INFLOW,20010204 0000,20010204 0000,906, ,CFS
FOL,D,76,INFLOW,20010205 0000,20010205 0000,884, ,CFS
FOL,D,76,INFLOW,20010206 0000,20010206 0000,1184, ,CFS
FOL,D,76,INFLOW,20010207 0000,20010207 0000,1352, ,CFS
FOL,D,76,INFLOW,20010208 0000,20010208 0000,965, ,CFS
FOL,D,76,INFLOW,20010209 0000,20010209 0000,1028, ,CFS
FOL,D,76,INFLOW,20010210 0000,20010210 0000,2328, ,CFS
FOL,D,76,INFLOW,20010211 0000,20010211 0000,3233, ,CFS
FOL,D,76,INFLOW,20010212 0000,20010212 0000,2799, ,CFS
FOL,D,76,INFLOW,20010213 0000,20010213 0000,2343, ,CFS
FOL,D,76,INFLOW,20010214 0000,20010214 0000,1627, ,CFS
FOL,D,76,INFLOW,20010215 0000,20010215 0000,1746, ,CFS
FOL,D,76,INFLOW,20010216 0000,20010216 0000,2008, ,CFS
FOL,D,76,INFLOW,20010217 0000,20010217 0000,1426, ,CFS
FOL,D,76,INFLOW,20010218 0000,20010218 0000,1520, ,CFS
FOL,D,76,INFLOW,20010219 0000,20010219 0000,2024, ,CFS
FOL,D,76,INFLOW,20010220 0000,20010220 0000,3301, ,CFS
FOL,D,76,INFLOW,20010221 0000,20010221 0000,3063, ,CFS
FOL,D,76,INFLOW,20010222 0000,20010222 0000,3582, ,CFS
FOL,D,76,INFLOW,20010223 0000,20010223 0000,4275, ,CFS
FOL,D,76,INFLOW,20010224 0000,20010224 0000,3857, ,CFS
FOL,D,76,INFLOW,20010225 0000,20010225 0000,3724, ,CFS
FOL,D,76,INFLOW,20010226 0000,20010226 0000,2956, ,CFS
FOL,D,76,INFLOW,20010227 0000,20010227 0000,2537, ,CFS
FOL,D,76,INFLOW,20010228 0000,20010228 0000,2092, ,CFS
FOL,D,76,INFLOW,20010301 0000,20010301 0000,2039, ,CFS
FOL,D,76,INFLOW,20010302 0000,20010302 0000,2334, ,CFS
FOL,D,76,INFLOW,20010303 0000,20010303 0000,2570, ,CFS
FOL,D,76,INFLOW,20010304 0000,20010304 0000,2956, ,CFS
FOL,D,76,INFLOW,20010305 0000,20010305 0000,4765, ,CFS
FOL,D,76,INFLOW,20010306 0000,20010306 0000,3688, ,CFS
FOL,D,76,INFLOW,20010307 0000,20010307 0000,3200, ,CFS
FOL,D,76,INFLOW,20010308 0000,20010308 0000,2987, ,CFS
FOL,D,76,INFLOW,20010309 0000,20010309 0000,2930, ,CFS
FOL,D,76,INFLOW,20010310 0000,20010310 0000,2724, ,CFS
FOL,D,76,INFLOW,20010311 0000,20010311 0000,2661, ,CFS
FOL,D,76,INFLOW,20010312 0000,20010312 0000,2577, ,CFS
FOL,D,76,INFLOW,20010313 0000,20010313 0000,1945, ,CFS
FOL,D,76,INFLOW,20010314 0000,20010314 0000,2045, ,CFS
FOL,D,76,INFLOW,20010315 0000,20010315 0000,2373, ,CFS
FOL,D,76,INFLOW,20010316 0000,20010316 0000,2378, ,CFS
FOL,D,76,INFLOW,20010317 0000,20010317 0000,1689, ,CFS
FOL,D,76,INFLOW,20010318 0000,20010318 0000,1670, ,CFS
FOL,D,76,INFLOW,20010319 0000,20010319 0000,2172, ,CFS
FOL,D,76,INFLOW,20010320 0000,20010320 0000,2702, ,CFS
FOL,D,76,INFLOW,20010321 0000,20010321 0000,3320, ,CFS
FOL,D,76,INFLOW,20010322 0000,20010322 0000,2921, ,CFS
FOL,D,76,INFLOW,20010323 0000,20010323 0000,2624, ,CFS
FOL,D,76,INFLOW,20010324 0000,20010324 0000,2981, ,CFS
FOL,D,76,INFLOW,20010325 0000,20010325 0000,4327, ,CFS
FOL,D,76,INFLOW,20010326 0000,20010326 0000,4563, ,CFS
FOL,D,76,INFLOW,20010327 0000,20010327 0000,3180, ,CFS
FOL,D,76,INFLOW,20010328 0000,20010328 0000,3555, ,CFS
FOL,D,76,INFLOW,20010329 0000,20010329 0000,3486, ,CFS
FOL,D,76,INFLOW,20010330 0000,20010330 0000,3152, ,CFS
FOL,D,76,INFLOW,20010331 0000,20010331 0000,3274, ,CFS
FOL,D,76,INFLOW,20010401 0000,20010401 0000,2859, ,CFS
FOL,D,76,INFLOW,20010402 0000,20010402 0000,3007, ,CFS
FOL,D,76,INFLOW,20010403 0000,20010403 0000,2949, ,CFS
FOL,D,76,INFLOW,20010404 0000,20010404 0000,2444, ,CFS
FOL,D,76,INFLOW,20010405 0000,20010405 0000,2024, ,CFS
FOL,D,76,INFLOW,20010406 0000,20010406 0000,2546, ,CFS
FOL,D,76,INFLOW,20010407 0000,20010407 0000,2507, ,CFS
FOL,D,76,INFLOW,20010408 0000,20010408 0000,2136, ,CFS
FOL,D,76,INFLOW,20010409 0000,20010409 0000,2104, ,CFS
FOL,D,76,INFLOW,20010410 0000,20010410 0000,1620, ,CFS
FOL,D,76,INFLOW,20010411 0000,20010411 0000,2053, ,CFS
FOL,D,76,INFLOW,20010412 0000,20010412 0000,1629, ,CFS
FOL,D,76,INFLOW,20010413 0000,20010413 0000,2052, ,CFS
FOL,D,76,INFLOW,20010414 0000,20010414 0000,1798, ,CFS
FOL,D,76,INFLOW,20010415 0000,20010415 0000,1570, ,CFS
FOL,D,76,INFLOW,20010416 0000,20010416 0000,1773, ,CFS
FOL,D,76,INFLOW,20010417 0000,20010417 0000,2256, ,CFS
FOL,D,76,INFLOW,20010418 0000,20010418 0000,2515, ,CFS
FOL,D,76,INFLOW,20010419 0000,20010419 0000,2793, ,CFS
FOL,D,76,INFLOW,20010420 0000,20010420 0000,4801, ,CFS
FOL,D,76,INFLOW,20010421 0000,20010421 0000,4284, ,CFS
FOL,D,76,INFLOW,20010422 0000,20010422 0000,3367, ,CFS
FOL,D,76,INFLOW,20010423 0000,20010423 0000,3628, ,CFS
FOL,D,76,INFLOW,20010424 0000,20010424 0000,3781, ,CFS
FOL,D,76,INFLOW,20010425 0000,20010425 0000,4387, ,CFS
FOL,D,76,INFLOW,20010426 0000,20010426 0000,4582, ,CFS
FOL,D,76,INFLOW,20010427 0000,20010427 0000,4937, ,CFS
FOL,D,76,INFLOW,20010428 0000,20010428 0000,4083, ,CFS
FOL,D,76,INFLOW,20010429 0000,20010429 0000,3158, ,CFS
FOL,D,76,INFLOW,20010430 0000,20010430 0000,3233, ,CFS
FOL,D,76,INFLOW,20010501 0000,20010501 0000,4384, ,CFS
FOL,D,76,INFLOW,20010502 0000,20010502 0000,3976, ,CFS
FOL,D,76,INFLOW,20010503 0000,20010503 0000,3778, ,CFS
FOL,D,76,INFLOW,20010504 0000,20010504 0000,2894, ,CFS
FOL,D,76,INFLOW,20010505 0000,20010505 0000,2684, ,CFS
FOL,D,76,INFLOW,20010506 0000,20010506 0000,2669, ,CFS
FOL,D,76,INFLOW,20010507 0000,20010507 0000,2775, ,CFS
FOL,D,76,INFLOW,20010508 0000,20010508 0000,3826, ,CFS
FOL,D,76,INFLOW,20010509 0000,20010509 0000,4295, ,CFS
FOL,D,76,INFLOW,20010510 0000,20010510 0000,3325, ,CFS
FOL,D,76,INFLOW,20010511 0000,20010511 0000,2874, ,CFS
FOL,D,76,INFLOW,20010512 0000,20010512 0000,2953, ,CFS
FOL,D,76,INFLOW,20010513 0000,20010513 0000,2771, ,CFS
FOL,D,76,INFLOW,20010514 0000,20010514 0000,2370, ,CFS
FOL,D,76,INFLOW,20010515 0000,20010515 0000,2628, ,CFS
FOL,D,76,INFLOW,20010516 0000,20010516 0000,2938, ,CFS
FOL,D,76,INFLOW,20010517 0000,20010517 0000,2496, ,CFS
FOL,D,76,INFLOW,20010518 0000,20010518 0000,2510, ,CFS
FOL,D,76,INFLOW,20010519 0000,20010519 0000,1997, ,CFS
FOL,D,76,INFLOW,20010520 0000,20010520 0000,2136, ,CFS
FOL,D,76,INFLOW,20010521 0000,20010521 0000,2456, ,CFS
FOL,D,76,INFLOW,20010522 0000,20010522 0000,2381, ,CFS
FOL,D,76,INFLOW,20010523 0000,20010523 0000,2074, ,CFS
FOL,D,76,INFLOW,20010524 0000,20010524 0000,2660, ,CFS
FOL,D,76,INFLOW,20010525 0000,20010525 0000,2088, ,CFS
FOL,D,76,INFLOW,20010526 0000,20010526 0000,1611, ,CFS
FOL,D,76,INFLOW,20010527 0000,20010527 0000,1096, ,CFS
FOL,D,76,INFLOW,20010528 0000,20010528 0000,965, ,CFS
FOL,D,76,INFLOW,20010529 0000,20010529 0000,855, ,CFS
FOL,D,76,INFLOW,20010530 0000,20010530 0000,2215, ,CFS
FOL,D,76,INFLOW,20010531 0000,20010531 0000,2176, ,CFS
FOL,D,76,INFLOW,20010601 0000,20010601 0000,1830, ,CFS
FOL,D,76,INFLOW,20010602 0000,20010602 0000,1274, ,CFS
FOL,D,76,INFLOW,20010603 0000,20010603 0000,874, ,CFS
FOL,D,76,INFLOW,20010604 0000,20010604 0000,636, ,CFS
FOL,D,76,INFLOW,20010605 0000,20010605 0000,1166, ,CFS
FOL,D,76,INFLOW,20010606 0000,20010606 0000,982, ,CFS
FOL,D,76,INFLOW,20010607 0000,20010607 0000,1233, ,CFS
FOL,D,76,INFLOW,20010608 0000,20010608 0000,1026, ,CFS
FOL,D,76,INFLOW,20010609 0000,20010609 0000,1306, ,CFS
FOL,D,76,INFLOW,20010610 0000,20010610 0000,877, ,CFS
FOL,D,76,INFLOW,20010611 0000,20010611 0000,540, ,CFS
FOL,D,76,INFLOW,20010612 0000,20010612 0000,1020, ,CFS
FOL,D,76,INFLOW,20010613 0000,20010613 0000,1101, ,CFS
FOL,D,76,INFLOW,20010614 0000,20010614 0000,1040, ,CFS
FOL,D,76,INFLOW,20010615 0000,20010615 0000,1101, ,CFS
FOL,D,76,INFLOW,20010616 0000,20010616 0000,897, ,CFS
FOL,D,76,INFLOW,20010617 0000,20010617 0000,674, ,CFS
FOL,D,76,INFLOW,20010618 0000,20010618 0000,656, ,CFS
FOL,D,76,INFLOW,20010619 0000,20010619 0000,1786, ,CFS
FOL,D,76,INFLOW,20010620 0000,20010620 0000,1548, ,CFS
FOL,D,76,INFLOW,20010621 0000,20010621 0000,1237, ,CFS
FOL,D,76,INFLOW,20010622 0000,20010622 0000,1454, ,CFS
FOL,D,76,INFLOW,20010623 0000,20010623 0000,1396, ,CFS
FOL,D,76,INFLOW,20010624 0000,20010624 0000,479, ,CFS
FOL,D,76,INFLOW,20010625 0000,20010625 0000,413, ,CFS
FOL,D,76,INFLOW,20010626 0000,20010626 0000,757, ,CFS
FOL,D,76,INFLOW,20010627 0000,20010627 0000,1007, ,CFS
FOL,D,76,INFLOW,20010628 0000,20010628 0000,1005, ,CFS
FOL,D,76,INFLOW,20010629 0000,20010629 0000,986, ,CFS
FOL,D,76,INFLOW,20010630 0000,20010630 0000,1000, ,CFS
FOL,D,76,INFLOW,20010701 0000,20010701 0000,808, ,CFS
FOL,D,76,INFLOW,20010702 0000,20010702 0000,944, ,CFS
FOL,D,76,INFLOW,20010703 0000,20010703 0000,1754, ,CFS
FOL,D,76,INFLOW,20010704 0000,20010704 0000,1851, ,CFS
FOL,D,76,INFLOW,20010705 0000,20010705 0000,958, ,CFS
FOL,D,76,INFLOW,20010706 0000,20010706 0000,1325, ,CFS
FOL,D,76,INFLOW,20010707 0000,20010707 0000,1097, ,CFS
FOL,D,76,INFLOW,20010708 0000,20010708 0000,1143, ,CFS
FOL,D,76,INFLOW,20010709 0000,20010709 0000,551, ,CFS
FOL,D,76,INFLOW,20010710 0000,20010710 0000,903, ,CFS
FOL,D,76,INFLOW,20010711 0000,20010711 0000,759, ,CFS
FOL,D,76,INFLOW,20010712 0000,20010712 0000,749, ,CFS
FOL,D,76,INFLOW,20010713 0000,20010713 0000,844, ,CFS
FOL,D,76,INFLOW,20010714 0000,20010714 0000,930, ,CFS
FOL,D,76,INFLOW,20010715 0000,20010715 0000,596, ,CFS
FOL,D,76,INFLOW,20010716 0000,20010716 0000,499, ,CFS
FOL,D,76,INFLOW,20010717 0000,20010717 0000,969, ,CFS
FOL,D,76,INFLOW,20010718 0000,20010718 0000,743, ,CFS
FOL,D,76,INFLOW,20010719 0000,20010719 0000,966, ,CFS
FOL,D,76,INFLOW,20010720 0000,20010720 0000,1028, ,CFS
FOL,D,76,INFLOW,20010721 0000,20010721 0000,973, ,CFS
FOL,D,76,INFLOW,20010722 0000,20010722 0000,922, ,CFS
FOL,D,76,INFLOW,20010723 0000,20010723 0000,762, ,CFS
FOL,D,76,INFLOW,20010724 0000,20010724 0000,1000, ,CFS
FOL,D,76,INFLOW,20010725 0000,20010725 0000,1079, ,CFS
FOL,D,76,INFLOW,20010726 0000,20010726 0000,786, ,CFS
FOL,D,76,INFLOW,20010727 0000,20010727 0000,955, ,CFS
FOL,D,76,INFLOW,20010728 0000,20010728 0000,977, ,CFS
FOL,D,76,INFLOW,20010729 0000,20010729 0000,719, ,CFS
FOL,D,76,INFLOW,20010730 0000,20010730 0000,758, ,CFS
FOL,D,76,INFLOW,20010731 0000,20010731 0000,981, ,CFS
FOL,D,76,INFLOW,20010801 0000,20010801 0000,684, ,CFS
FOL,D,76,INFLOW,20010802 0000,20010802 0000,876, ,CFS
FOL,D,76,INFLOW,20010803 0000,20010803 0000,927, ,CFS
FOL,D,76,INFLOW,20010804 0000,20010804 0000,1008, ,CFS
FOL,D,76,INFLOW,20010805 0000,20010805 0000,713, ,CFS
FOL,D,76,INFLOW,20010806 0000,20010806 0000,711, ,CFS
FOL,D,76,INFLOW,20010807 0000,20010807 0000,832, ,CFS
FOL,D,76,INFLOW,20010808 0000,20010808 0000,1425, ,CFS
FOL,D,76,INFLOW,20010809 0000,20010809 0000,1357, ,CFS
FOL,D,76,INFLOW,20010810 0000,20010810 0000,1116, ,CFS
FOL,D,76,INFLOW,20010811 0000,20010811 0000,1029, ,CFS
FOL,D,76,INFLOW,20010812 0000,20010812 0000,741, ,CFS
FOL,D,76,INFLOW,20010813 0000,20010813 0000,646, ,CFS
FOL,D,76,INFLOW,20010814 0000,20010814 0000,1043, ,CFS
FOL,D,76,INFLOW,20010815 0000,20010815 0000,830, ,CFS
FOL,D,76,INFLOW,20010816 0000,20010816 0000,850, ,CFS
FOL,D,76,INFLOW,20010817 0000,20010817 0000,1041, ,CFS
FOL,D,76,INFLOW,20010818 0000,20010818 0000,1256, ,CFS
FOL,D,76,INFLOW,20010819 0000,20010819 0000,899, ,CFS
FOL,D,76,INFLOW,20010820 0000,20010820 0000,806, ,CFS
FOL,D,76,INFLOW,20010821 0000,20010821 0000,859, ,CFS
FOL,D,76,INFLOW,20010822 0000,20010822 0000,917, ,CFS
FOL,D,76,INFLOW,20010823 0000,20010823 0000,790, ,CFS
FOL,D,76,INFLOW,20010824 0000,20010824 0000,841, ,CFS
FOL,D,76,INFLOW,20010825 0000,20010825 0000,1021, ,CFS
FOL,D,76,INFLOW,20010826 0000,20010826 0000,970, ,CFS
FOL,D,76,INFLOW,20010827 0000,20010827 0000,1040, ,CFS
FOL,D,76,INFLOW,20010828 0000,20010828 0000,1374, ,CFS
FOL,D,76,INFLOW,20010829 0000,20010829 0000,916, ,CFS
FOL,D,76,INFLOW,20010830 0000,20010830 0000,1013, ,CFS
FOL,D,76,INFLOW,20010831 0000,20010831 0000,982, ,CFS
FOL,D,76,INFLOW,20010901 0000,20010901 0000,942, ,CFS
FOL,D,76,INFLOW,20010902 0000,20010902 0000,847, ,CFS
FOL,D,76,INFLOW,20010903 0000,20010903 0000,897, ,CFS
FOL,D,76,INFLOW,20010904 0000,20010904 0000,713, ,CFS
FOL,D,76,INFLOW,20010905 0000,20010905 0000,689, ,CFS
FOL,D,76,INFLOW,20010906 0000,20010906 0000,861, ,CFS
FOL,D,76,INFLOW,20010907 0000,20010907 0000,930, ,CFS
FOL,D,76,INFLOW,20010908 0000,20010908 0000,697, ,CFS
FOL,D,76,INFLOW,20010909 0000,20010909 0000,651, ,CFS
FOL,D,76,INFLOW,20010910 0000,20010910 0000,688, ,CFS
FOL,D,76,INFLOW,20010911 0000,20010911 0000,854, ,CFS
FOL,D,76,INFLOW,20010912 0000,20010912 0000,869, ,CFS
FOL,D,76,INFLOW,20010913 0000,20010913 0000,644, ,CFS
FOL,D,76,INFLOW,20010914 0000,20010914 0000,835, ,CFS
FOL,D,76,INFLOW,20010915 0000,20010915 0000,852, ,CFS
FOL,D,76,INFLOW,20010916 0000,20010916 0000,767, ,CFS
FOL,D,76,INFLOW,20010917 0000,20010917 0000,965, ,CFS
FOL,D,76,INFLOW,20010918 0000,20010918 0000,1374, ,CFS
FOL,D,76,INFLOW,20010919 0000,20010919 0000,1138, ,CFS
FOL,D,76,INFLOW,20010920 0000,20010920 0000,763, ,CFS
FOL,D,76,INFLOW,20010921 0000,20010921 0000,1001, ,CFS
FOL,D,76,INFLOW,20010922 0000,20010922 0000,622, ,CFS
FOL,D,76,INFLOW,20010923 0000,20010923 0000,527, ,CFS
FOL,D,76,INFLOW,20010924 0000,20010924 0000,592, ,CFS
FOL,D,76,INFLOW,20010925 0000,20010925 0000,652, ,CFS
FOL,D,76,INFLOW,20010926 0000,20010926 0000,686, ,CFS
FOL,D,76,INFLOW,20010927 0000,20010927 0000,761, ,CFS
FOL,D,76,INFLOW,20010928 0000,20010928 0000,754, ,CFS
FOL,D,76,INFLOW,20010929 0000,20010929 0000,1138, ,CFS
FOL,D,76,INFLOW,20010930 0000,20010930 0000,4, ,CFS
FOL,D,76,INFLOW,20011001 0000,20011001 0000,469, ,CFS
FOL,D,76,INFLOW,20011002 0000,20011002 0000,429, ,CFS
FOL,D,76,INFLOW,20011003 0000,20011003 0000,254, ,CFS
FOL,D,76,INFLOW,20011004 0000,20011004 0000,303, ,CFS
FOL,D,76,INFLOW,20011005 0000,20011005 0000,153, ,CFS
FOL,D,76,INFLOW,20011006 0000,20011006 0000,325, ,CFS
FOL,D,76,INFLOW,20011007 0000,20011007 0000,222, ,CFS
FOL,D,76,INFLOW,20011008 0000,20011008 0000,349, ,CFS
FOL,D,76,INFLOW,20011009 0000,20011009 0000,265, ,CFS
FOL,D,76,INFLOW,20011010 0000,20011010 0000,219, ,CFS
FOL,D,76,INFLOW,20011011 0000,20011011 0000,293, ,CFS
FOL,D,76,INFLOW,20011012 0000,20011012 0000,266, ,CFS
FOL,D,76,INFLOW,20011013 0000,20011013 0000,270, ,CFS
FOL,D,76,INFLOW,20011014 0000,20011014 0000,231, ,CFS
FOL,D,76,INFLOW,20011015 0000,20011015 0000,243, ,CFS
FOL,D,76,INFLOW,20011016 0000,20011016 0000,234, ,CFS
FOL,D,76,INFLOW,20011017 0000,20011017 0000,164, ,CFS
FOL,D,76,INFLOW,20011018 0000,20011018 0000,157, ,CFS
FOL,D,76,INFLOW,20011019 0000,20011019 0000,195, ,CFS
FOL,D,76,INFLOW,20011020 0000,20011020 0000,304, ,CFS
FOL,D,76,INFLOW,20011021 0000,20011021 0000,127, ,CFS
FOL,D,76,INFLOW,20011022 0000,20011022 0000,280, ,CFS
FOL,D,76,INFLOW,20011023 0000,20011023 0000,306, ,CFS
FOL,D,76,INFLOW,20011024 0000,20011024 0000,26, ,CFS
FOL,D,76,INFLOW,20011025 0000,20011025 0000,275, ,CFS
FOL,D,76,INFLOW,20011026 0000,20011026 0000,194, ,CFS
FOL,D,76,INFLOW,20011027 0000,20011027 0000,299, ,CFS
FOL,D,76,INFLOW,20011028 0000,20011028 0000,228, ,CFS
FOL,D,76,INFLOW,20011029 0000,20011029 0000,291, ,CFS
FOL,D,76,INFLOW,20011030 0000,20011030 0000,366, ,CFS
FOL,D,76,INFLOW,20011031 0000,20011031 0000,328, ,CFS
FOL,D,76,INFLOW,20011101 0000,20011101 0000,351, ,CFS
FOL,D,76,INFLOW,20011102 0000,20011102 0000,319, ,CFS
FOL,D,76,INFLOW,20011103 0000,20011103 0000,259, ,CFS
FOL,D,76,INFLOW,20011104 0000,20011104 0000,292, ,CFS
FOL,D,76,INFLOW,20011105 0000,20011105 0000,302, ,CFS
FOL,D,76,INFLOW,20011106 0000,20011106 0000,232, ,CFS
FOL,D,76,INFLOW,20011107 0000,20011107 0000,244, ,CFS
FOL,D,76,INFLOW,20011108 0000,20011108 0000,256, ,CFS
FOL,D,76,INFLOW,20011109 0000,20011109 0000,194, ,CFS
FOL,D,76,INFLOW,20011110 0000,20011110 0000,227, ,CFS
FOL,D,76,INFLOW,20011111 0000,20011111 0000,288, ,CFS
FOL,D,76,INFLOW,20011112 0000,20011112 0000,823, ,CFS
FOL,D,76,INFLOW,20011113 0000,20011113 0000,728, ,CFS
FOL,D,76,INFLOW,20011114 0000,20011114 0000,611, ,CFS
FOL,D,76,INFLOW,20011115 0000,20011115 0000,456, ,CFS
FOL,D,76,INFLOW,20011116 0000,20011116 0000,552, ,CFS
FOL,D,76,INFLOW,20011117 0000,20011117 0000,368, ,CFS
FOL,D,76,INFLOW,20011118 0000,20011118 0000,332, ,CFS
FOL,D,76,INFLOW,20011119 0000,20011119 0000,394, ,CFS
FOL,D,76,INFLOW,20011120 0000,20011120 0000,347, ,CFS
FOL,D,76,INFLOW,20011121 0000,20011121 0000,502, ,CFS
FOL,D,76,INFLOW,20011122 0000,20011122 0000,1325, ,CFS
FOL,D,76,INFLOW,20011123 0000,20011123 0000,1533, ,CFS
FOL,D,76,INFLOW,20011124 0000,20011124 0000,1497, ,CFS
FOL,D,76,INFLOW,20011125 0000,20011125 0000,2745, ,CFS
FOL,D,76,INFLOW,20011126 0000,20011126 0000,1552, ,CFS
FOL,D,76,INFLOW,20011127 0000,20011127 0000,1264, ,CFS
FOL,D,76,INFLOW,20011128 0000,20011128 0000,815, ,CFS
FOL,D,76,INFLOW,20011129 0000,20011129 0000,986, ,CFS
FOL,D,76,INFLOW,20011130 0000,20011130 0000,1420, ,CFS
FOL,D,76,INFLOW,20011201 0000,20011201 0000,1172, ,CFS
FOL,D,76,INFLOW,20011202 0000,20011202 0000,3479, ,CFS
FOL,D,76,INFLOW,20011203 0000,20011203 0000,5311, ,CFS
FOL,D,76,INFLOW,20011204 0000,20011204 0000,2773, ,CFS
FOL,D,76,INFLOW,20011205 0000,20011205 0000,2039, ,CFS
FOL,D,76,INFLOW,20011206 0000,20011206 0000,2348, ,CFS
FOL,D,76,INFLOW,20011207 0000,20011207 0000,1993, ,CFS
FOL,D,76,INFLOW,20011208 0000,20011208 0000,1653, ,CFS
FOL,D,76,INFLOW,20011209 0000,20011209 0000,1336, ,CFS
FOL,D,76,INFLOW,20011210 0000,20011210 0000,1642, ,CFS
FOL,D,76,INFLOW,20011211 0000,20011211 0000,1382, ,CFS
FOL,D,76,INFLOW,20011212 0000,20011212 0000,1553, ,CFS
FOL,D,76,INFLOW,20011213 0000,20011213 0000,2101, ,CFS
FOL,D,76,INFLOW,20011214 0000,20011214 0000,2754, ,CFS
FOL,D,76,INFLOW,20011215 0000,20011215 0000,2301, ,CFS
FOL,D,76,INFLOW,20011216 0000,20011216 0000,1785, ,CFS
FOL,D,76,INFLOW,20011217 0000,20011217 0000,2139, ,CFS
FOL,D,76,INFLOW,20011218 0000,20011218 0000,2800, ,CFS
FOL,D,76,INFLOW,20011219 0000,20011219 0000,2810, ,CFS
FOL,D,76,INFLOW,20011220 0000,20011220 0000,3342, ,CFS
FOL,D,76,INFLOW,20011221 0000,20011221 0000,3722, ,CFS
FOL,D,76,INFLOW,20011222 0000,20011222 0000,2871, ,CFS
FOL,D,76,INFLOW,20011223 0000,20011223 0000,3379, ,CFS
FOL,D,76,INFLOW,20011224 0000,20011224 0000,2507, ,CFS
FOL,D,76,INFLOW,20011225 0000,20011225 0000,1897, ,CFS
FOL,D,76,INFLOW,20011226 0000,20011226 0000,1836, ,CFS
FOL,D,76,INFLOW,20011227 0000,20011227 0000,2137, ,CFS
FOL,D,76,INFLOW,20011228 0000,20011228 0000,3912, ,CFS
FOL,D,76,INFLOW,20011229 0000,20011229 0000,4023, ,CFS
FOL,D,76,INFLOW,20011230 0000,20011230 0000,3949, ,CFS
FOL,D,76,INFLOW,20011231 0000,20011231 0000,7815, ,CFS
FOL,D,76,INFLOW,20020101 0000,20020101 0000,6476, ,CFS
FOL,D,76,INFLOW,20020102 0000,20020102 0000,7047, ,CFS
FOL,D,76,INFLOW,20020103 0000,20020103 0000,9362, ,CFS
FOL,D,76,INFLOW,20020104 0000,20020104 0000,5952, ,CFS
FOL,D,76,INFLOW,20020105 0000,20020105 0000,4473, ,CFS
FOL,D,76,INFLOW,20020106 0000,20020106 0000,4783, ,CFS
FOL,D,76,INFLOW,20020107 0000,20020107 0000,5680, ,CFS
FOL,D,76,INFLOW,20020108 0000,20020108 0000,4662, ,CFS
FOL,D,76,INFLOW,20020109 0000,20020109 0000,4534, ,CFS
FOL,D,76,INFLOW,20020110 0000,20020110 0000,4347, ,CFS
FOL,D,76,INFLOW,20020111 0000,20020111 0000,3658, ,CFS
FOL,D,76,INFLOW,20020112 0000,20020112 0000,3240, ,CFS
FOL,D,76,INFLOW,20020113 0000,20020113 0000,2887, ,CFS
FOL,D,76,INFLOW,20020114 0000,20020114 0000,3045, ,CFS
FOL,D,76,INFLOW,20020115 0000,20020115 0000,3477, ,CFS
FOL,D,76,INFLOW,20020116 0000,20020116 0000,3407, ,CFS
FOL,D,76,INFLOW,20020117 0000,20020117 0000,3445, ,CFS
FOL,D,76,INFLOW,20020118 0000,20020118 0000,3251, ,CFS
FOL,D,76,INFLOW,20020119 0000,20020119 0000,2374, ,CFS
FOL,D,76,INFLOW,20020120 0000,20020120 0000,2031, ,CFS
FOL,D,76,INFLOW,20020121 0000,20020121 0000,1997, ,CFS
FOL,D,76,INFLOW,20020122 0000,20020122 0000,2976, ,CFS
FOL,D,76,INFLOW,20020123 0000,20020123 0000,2794, ,CFS
FOL,D,76,INFLOW,20020124 0000,20020124 0000,2715, ,CFS
FOL,D,76,INFLOW,20020125 0000,20020125 0000,2670, ,CFS
FOL,D,76,INFLOW,20020126 0000,20020126 0000,3515, ,CFS
FOL,D,76,INFLOW,20020127 0000,20020127 0000,4102, ,CFS
FOL,D,76,INFLOW,20020128 0000,20020128 0000,3423, ,CFS
FOL,D,76,INFLOW,20020129 0000,20020129 0000,3481, ,CFS
FOL,D,76,INFLOW,20020130 0000,20020130 0000,2813, ,CFS
FOL,D,76,INFLOW,20020131 0000,20020131 0000,2328, ,CFS
FOL,D,76,INFLOW,20020201 0000,20020201 0000,3553, ,CFS
FOL,D,76,INFLOW,20020202 0000,20020202 0000,2549, ,CFS
FOL,D,76,INFLOW,20020203 0000,20020203 0000,2527, ,CFS
FOL,D,76,INFLOW,20020204 0000,20020204 0000,2323, ,CFS
FOL,D,76,INFLOW,20020205 0000,20020205 0000,2429, ,CFS
FOL,D,76,INFLOW,20020206 0000,20020206 0000,1885, ,CFS
FOL,D,76,INFLOW,20020207 0000,20020207 0000,2284, ,CFS
FOL,D,76,INFLOW,20020208 0000,20020208 0000,3403, ,CFS
FOL,D,76,INFLOW,20020209 0000,20020209 0000,2884, ,CFS
FOL,D,76,INFLOW,20020210 0000,20020210 0000,2688, ,CFS
FOL,D,76,INFLOW,20020211 0000,20020211 0000,3502, ,CFS
FOL,D,76,INFLOW,20020212 0000,20020212 0000,2999, ,CFS
FOL,D,76,INFLOW,20020213 0000,20020213 0000,3124, ,CFS
FOL,D,76,INFLOW,20020214 0000,20020214 0000,2556, ,CFS
FOL,D,76,INFLOW,20020215 0000,20020215 0000,2830, ,CFS
FOL,D,76,INFLOW,20020216 0000,20020216 0000,3004, ,CFS
FOL,D,76,INFLOW,20020217 0000,20020217 0000,3517, ,CFS
FOL,D,76,INFLOW,20020218 0000,20020218 0000,3416, ,CFS
FOL,D,76,INFLOW,20020219 0000,20020219 0000,3786, ,CFS
FOL,D,76,INFLOW,20020220 0000,20020220 0000,11558, ,CFS
FOL,D,76,INFLOW,20020221 0000,20020221 0000,7822, ,CFS
FOL,D,76,INFLOW,20020222 0000,20020222 0000,5750, ,CFS
FOL,D,76,INFLOW,20020223 0000,20020223 0000,5228, ,CFS
FOL,D,76,INFLOW,20020224 0000,20020224 0000,5045, ,CFS
FOL,D,76,INFLOW,20020225 0000,20020225 0000,4433, ,CFS
FOL,D,76,INFLOW,20020226 0000,20020226 0000,4238, ,CFS
FOL,D,76,INFLOW,20020227 0000,20020227 0000,4411, ,CFS
FOL,D,76,INFLOW,20020228 0000,20020228 0000,3492, ,CFS
FOL,D,76,INFLOW,20020301 0000,20020301 0000,4334, ,CFS
FOL,D,76,INFLOW,20020302 0000,20020302 0000,3435, ,CFS
FOL,D,76,INFLOW,20020303 0000,20020303 0000,2399, ,CFS
FOL,D,76,INFLOW,20020304 0000,20020304 0000,2105, ,CFS
FOL,D,76,INFLOW,20020305 0000,20020305 0000,3076, ,CFS
FOL,D,76,INFLOW,20020306 0000,20020306 0000,6421, ,CFS
FOL,D,76,INFLOW,20020307 0000,20020307 0000,12886, ,CFS
FOL,D,76,INFLOW,20020308 0000,20020308 0000,10186, ,CFS
FOL,D,76,INFLOW,20020309 0000,20020309 0000,6197, ,CFS
FOL,D,76,INFLOW,20020310 0000,20020310 0000,5686, ,CFS
FOL,D,76,INFLOW,20020311 0000,20020311 0000,5730, ,CFS
FOL,D,76,INFLOW,20020312 0000,20020312 0000,4506, ,CFS
FOL,D,76,INFLOW,20020313 0000,20020313 0000,4164, ,CFS
FOL,D,76,INFLOW,20020314 0000,20020314 0000,4530, ,CFS
FOL,D,76,INFLOW,20020315 0000,20020315 0000,4912, ,CFS
FOL,D,76,INFLOW,20020316 0000,20020316 0000,3817, ,CFS
FOL,D,76,INFLOW,20020317 0000,20020317 0000,3305, ,CFS
FOL,D,76,INFLOW,20020318 0000,20020318 0000,3089, ,CFS
FOL,D,76,INFLOW,20020319 0000,20020319 0000,3492, ,CFS
FOL,D,76,INFLOW,20020320 0000,20020320 0000,3569, ,CFS
FOL,D,76,INFLOW,20020321 0000,20020321 0000,3583, ,CFS
FOL,D,76,INFLOW,20020322 0000,20020322 0000,4497, ,CFS
FOL,D,76,INFLOW,20020323 0000,20020323 0000,5783, ,CFS
FOL,D,76,INFLOW,20020324 0000,20020324 0000,6761, ,CFS
FOL,D,76,INFLOW,20020325 0000,20020325 0000,5992, ,CFS
FOL,D,76,INFLOW,20020326 0000,20020326 0000,4613, ,CFS
FOL,D,76,INFLOW,20020327 0000,20020327 0000,4796, ,CFS
FOL,D,76,INFLOW,20020328 0000,20020328 0000,5918, ,CFS
FOL,D,76,INFLOW,20020329 0000,20020329 0000,4700, ,CFS
FOL,D,76,INFLOW,20020330 0000,20020330 0000,4688, ,CFS
FOL,D,76,INFLOW,20020331 0000,20020331 0000,3852, ,CFS
FOL,D,76,INFLOW,20020401 0000,20020401 0000,4797, ,CFS
FOL,D,76,INFLOW,20020402 0000,20020402 0000,5508, ,CFS
FOL,D,76,INFLOW,20020403 0000,20020403 0000,6381, ,CFS
FOL,D,76,INFLOW,20020404 0000,20020404 0000,6338, ,CFS
FOL,D,76,INFLOW,20020405 0000,20020405 0000,7173, ,CFS
FOL,D,76,INFLOW,20020406 0000,20020406 0000,4892, ,CFS
FOL,D,76,INFLOW,20020407 0000,20020407 0000,4580, ,CFS
FOL,D,76,INFLOW,20020408 0000,20020408 0000,5330, ,CFS
FOL,D,76,INFLOW,20020409 0000,20020409 0000,6134, ,CFS
FOL,D,76,INFLOW,20020410 0000,20020410 0000,5211, ,CFS
FOL,D,76,INFLOW,20020411 0000,20020411 0000,5594, ,CFS
FOL,D,76,INFLOW,20020412 0000,20020412 0000,4554, ,CFS
FOL,D,76,INFLOW,20020413 0000,20020413 0000,4754, ,CFS
FOL,D,76,INFLOW,20020414 0000,20020414 0000,5051, ,CFS
FOL,D,76,INFLOW,20020415 0000,20020415 0000,6416, ,CFS
FOL,D,76,INFLOW,20020416 0000,20020416 0000,5491, ,CFS
FOL,D,76,INFLOW,20020417 0000,20020417 0000,4134, ,CFS
FOL,D,76,INFLOW,20020418 0000,20020418 0000,3778, ,CFS
FOL,D,76,INFLOW,20020419 0000,20020419 0000,3491, ,CFS
FOL,D,76,INFLOW,20020420 0000,20020420 0000,2909, ,CFS
FOL,D,76,INFLOW,20020421 0000,20020421 0000,2552, ,CFS
FOL,D,76,INFLOW,20020422 0000,20020422 0000,2763, ,CFS
FOL,D,76,INFLOW,20020423 0000,20020423 0000,4293, ,CFS
FOL,D,76,INFLOW,20020424 0000,20020424 0000,4117, ,CFS
FOL,D,76,INFLOW,20020425 0000,20020425 0000,3916, ,CFS
FOL,D,76,INFLOW,20020426 0000,20020426 0000,3674, ,CFS
FOL,D,76,INFLOW,20020427 0000,20020427 0000,3685, ,CFS
FOL,D,76,INFLOW,20020428 0000,20020428 0000,3306, ,CFS
FOL,D,76,INFLOW,20020429 0000,20020429 0000,2806, ,CFS
FOL,D,76,INFLOW,20020430 0000,20020430 0000,3573, ,CFS
FOL,D,76,INFLOW,20020501 0000,20020501 0000,4218, ,CFS
FOL,D,76,INFLOW,20020502 0000,20020502 0000,3978, ,CFS
FOL,D,76,INFLOW,20020503 0000,20020503 0000,3121, ,CFS
FOL,D,76,INFLOW,20020504 0000,20020504 0000,2663, ,CFS
FOL,D,76,INFLOW,20020505 0000,20020505 0000,3723, ,CFS
FOL,D,76,INFLOW,20020506 0000,20020506 0000,4320, ,CFS
FOL,D,76,INFLOW,20020507 0000,20020507 0000,4426, ,CFS
FOL,D,76,INFLOW,20020508 0000,20020508 0000,4320, ,CFS
FOL,D,76,INFLOW,20020509 0000,20020509 0000,4160, ,CFS
FOL,D,76,INFLOW,20020510 0000,20020510 0000,4084, ,CFS
FOL,D,76,INFLOW,20020511 0000,20020511 0000,2908, ,CFS
FOL,D,76,INFLOW,20020512 0000,20020512 0000,2366, ,CFS
FOL,D,76,INFLOW,20020513 0000,20020513 0000,2996, ,CFS
FOL,D,76,INFLOW,20020514 0000,20020514 0000,3821, ,CFS
FOL,D,76,INFLOW,20020515 0000,20020515 0000,3971, ,CFS
FOL,D,76,INFLOW,20020516 0000,20020516 0000,4144, ,CFS
FOL,D,76,INFLOW,20020517 0000,20020517 0000,4394, ,CFS
FOL,D,76,INFLOW,20020518 0000,20020518 0000,3721, ,CFS
FOL,D,76,INFLOW,20020519 0000,20020519 0000,3553, ,CFS
FOL,D,76,INFLOW,20020520 0000,20020520 0000,4894, ,CFS
FOL,D,76,INFLOW,20020521 0000,20020521 0000,5641, ,CFS
FOL,D,76,INFLOW,20020522 0000,20020522 0000,4400, ,CFS
FOL,D,76,INFLOW,20020523 0000,20020523 0000,4472, ,CFS
FOL,D,76,INFLOW,20020524 0000,20020524 0000,4612, ,CFS
FOL,D,76,INFLOW,20020525 0000,20020525 0000,4500, ,CFS
FOL,D,76,INFLOW,20020526 0000,20020526 0000,3604, ,CFS
FOL,D,76,INFLOW,20020527 0000,20020527 0000,3566, ,CFS
FOL,D,76,INFLOW,20020528 0000,20020528 0000,4246, ,CFS
FOL,D,76,INFLOW,20020529 0000,20020529 0000,4146, ,CFS
FOL,D,76,INFLOW,20020530 0000,20020530 0000,4920, ,CFS
FOL,D,76,INFLOW,20020531 0000,20020531 0000,4058, ,CFS
FOL,D,76,INFLOW,20020601 0000,20020601 0000,3451, ,CFS
FOL,D,76,INFLOW,20020602 0000,20020602 0000,3624, ,CFS
FOL,D,76,INFLOW,20020603 0000,20020603 0000,3140, ,CFS
FOL,D,76,INFLOW,20020604 0000,20020604 0000,3363, ,CFS
FOL,D,76,INFLOW,20020605 0000,20020605 0000,3970, ,CFS
FOL,D,76,INFLOW,20020606 0000,20020606 0000,3757, ,CFS
FOL,D,76,INFLOW,20020607 0000,20020607 0000,3625, ,CFS
FOL,D,76,INFLOW,20020608 0000,20020608 0000,2461, ,CFS
FOL,D,76,INFLOW,20020609 0000,20020609 0000,1775, ,CFS
FOL,D,76,INFLOW,20020610 0000,20020610 0000,2714, ,CFS
FOL,D,76,INFLOW,20020611 0000,20020611 0000,2277, ,CFS
FOL,D,76,INFLOW,20020612 0000,20020612 0000,2842, ,CFS
FOL,D,76,INFLOW,20020613 0000,20020613 0000,2928, ,CFS
FOL,D,76,INFLOW,20020614 0000,20020614 0000,2555, ,CFS
FOL,D,76,INFLOW,20020615 0000,20020615 0000,1948, ,CFS
FOL,D,76,INFLOW,20020616 0000,20020616 0000,1629, ,CFS
FOL,D,76,INFLOW,20020617 0000,20020617 0000,1207, ,CFS
FOL,D,76,INFLOW,20020618 0000,20020618 0000,1403, ,CFS
FOL,D,76,INFLOW,20020619 0000,20020619 0000,1455, ,CFS
FOL,D,76,INFLOW,20020620 0000,20020620 0000,1614, ,CFS
FOL,D,76,INFLOW,20020621 0000,20020621 0000,1546, ,CFS
FOL,D,76,INFLOW,20020622 0000,20020622 0000,1300, ,CFS
FOL,D,76,INFLOW,20020623 0000,20020623 0000,1307, ,CFS
FOL,D,76,INFLOW,20020624 0000,20020624 0000,1082, ,CFS
FOL,D,76,INFLOW,20020625 0000,20020625 0000,1547, ,CFS
FOL,D,76,INFLOW,20020626 0000,20020626 0000,1980, ,CFS
FOL,D,76,INFLOW,20020627 0000,20020627 0000,1453, ,CFS
FOL,D,76,INFLOW,20020628 0000,20020628 0000,1280, ,CFS
FOL,D,76,INFLOW,20020629 0000,20020629 0000,1535, ,CFS
FOL,D,76,INFLOW,20020630 0000,20020630 0000,1546, ,CFS
FOL,D,76,INFLOW,20020701 0000,20020701 0000,1976, ,CFS
FOL,D,76,INFLOW,20020702 0000,20020702 0000,1709, ,CFS
FOL,D,76,INFLOW,20020703 0000,20020703 0000,1367, ,CFS
FOL,D,76,INFLOW,20020704 0000,20020704 0000,1141, ,CFS
FOL,D,76,INFLOW,20020705 0000,20020705 0000,1210, ,CFS
FOL,D,76,INFLOW,20020706 0000,20020706 0000,1048, ,CFS
FOL,D,76,INFLOW,20020707 0000,20020707 0000,1176, ,CFS
FOL,D,76,INFLOW,20020708 0000,20020708 0000,1030,,CFS
FOL,D,76,INFLOW,20020709 0000,20020709 0000,1459,,CFS
FOL,D,76,INFLOW,20020710 0000,20020710 0000,1951, ,CFS
FOL,D,76,INFLOW,20020711 0000,20020711 0000,1363, ,CFS
FOL,D,76,INFLOW,20020712 0000,20020712 0000,1146, ,CFS
FOL,D,76,INFLOW,20020713 0000,20020713 0000,1174, ,CFS
FOL,D,76,INFLOW,20020714 0000,20020714 0000,804, ,CFS
FOL,D,76,INFLOW,20020715 0000,20020715 0000,1078, ,CFS
FOL,D,76,INFLOW,20020716 0000,20020716 0000,871, ,CFS
FOL,D,76,INFLOW,20020717 0000,20020717 0000,1061, ,CFS
FOL,D,76,INFLOW,20020718 0000,20020718 0000,1329, ,CFS
FOL,D,76,INFLOW,20020719 0000,20020719 0000,1403, ,CFS
FOL,D,76,INFLOW,20020720 0000,20020720 0000,1469, ,CFS
FOL,D,76,INFLOW,20020721 0000,20020721 0000,1222, ,CFS
FOL,D,76,INFLOW,20020722 0000,20020722 0000,900, ,CFS
FOL,D,76,INFLOW,20020723 0000,20020723 0000,1017, ,CFS
FOL,D,76,INFLOW,20020724 0000,20020724 0000,1600, ,CFS
FOL,D,76,INFLOW,20020725 0000,20020725 0000,1508, ,CFS
FOL,D,76,INFLOW,20020726 0000,20020726 0000,1207, ,CFS
FOL,D,76,INFLOW,20020727 0000,20020727 0000,1216, ,CFS
FOL,D,76,INFLOW,20020728 0000,20020728 0000,1118, ,CFS
FOL,D,76,INFLOW,20020729 0000,20020729 0000,501, ,CFS
FOL,D,76,INFLOW,20020730 0000,20020730 0000,995, ,CFS
FOL,D,76,INFLOW,20020731 0000,20020731 0000,1545, ,CFS
FOL,D,76,INFLOW,20020801 0000,20020801 0000,1527, ,CFS
FOL,D,76,INFLOW,20020802 0000,20020802 0000,1628, ,CFS
FOL,D,76,INFLOW,20020803 0000,20020803 0000,1635, ,CFS
FOL,D,76,INFLOW,20020804 0000,20020804 0000,980, ,CFS
FOL,D,76,INFLOW,20020805 0000,20020805 0000,904, ,CFS
FOL,D,76,INFLOW,20020806 0000,20020806 0000,1347, ,CFS
FOL,D,76,INFLOW,20020807 0000,20020807 0000,978, ,CFS
FOL,D,76,INFLOW,20020808 0000,20020808 0000,1055, ,CFS
FOL,D,76,INFLOW,20020809 0000,20020809 0000,1467, ,CFS
FOL,D,76,INFLOW,20020810 0000,20020810 0000,1329, ,CFS
FOL,D,76,INFLOW,20020811 0000,20020811 0000,1326, ,CFS
FOL,D,76,INFLOW,20020812 0000,20020812 0000,1468, ,CFS
FOL,D,76,INFLOW,20020813 0000,20020813 0000,1547, ,CFS
FOL,D,76,INFLOW,20020814 0000,20020814 0000,1308, ,CFS
FOL,D,76,INFLOW,20020815 0000,20020815 0000,1216, ,CFS
FOL,D,76,INFLOW,20020816 0000,20020816 0000,1317, ,CFS
FOL,D,76,INFLOW,20020817 0000,20020817 0000,1040, ,CFS
FOL,D,76,INFLOW,20020818 0000,20020818 0000,994, ,CFS
FOL,D,76,INFLOW,20020819 0000,20020819 0000,955, ,CFS
FOL,D,76,INFLOW,20020820 0000,20020820 0000,893, ,CFS
FOL,D,76,INFLOW,20020821 0000,20020821 0000,1018, ,CFS
FOL,D,76,INFLOW,20020822 0000,20020822 0000,1114, ,CFS
FOL,D,76,INFLOW,20020823 0000,20020823 0000,1151, ,CFS
FOL,D,76,INFLOW,20020824 0000,20020824 0000,1069, ,CFS
FOL,D,76,INFLOW,20020825 0000,20020825 0000,1172, ,CFS
FOL,D,76,INFLOW,20020826 0000,20020826 0000,769, ,CFS
FOL,D,76,INFLOW,20020827 0000,20020827 0000,1310, ,CFS
FOL,D,76,INFLOW,20020828 0000,20020828 0000,1977, ,CFS
FOL,D,76,INFLOW,20020829 0000,20020829 0000,1815, ,CFS
FOL,D,76,INFLOW,20020830 0000,20020830 0000,1930, ,CFS
FOL,D,76,INFLOW,20020831 0000,20020831 0000,1960, ,CFS
FOL,D,76,INFLOW,20020901 0000,20020901 0000,1292, ,CFS
FOL,D,76,INFLOW,20020902 0000,20020902 0000,1815, ,CFS
FOL,D,76,INFLOW,20020903 0000,20020903 0000,1759, ,CFS
FOL,D,76,INFLOW,20020904 0000,20020904 0000,1360, ,CFS
FOL,D,76,INFLOW,20020905 0000,20020905 0000,1664, ,CFS
FOL,D,76,INFLOW,20020906 0000,20020906 0000,2689, ,CFS
FOL,D,76,INFLOW,20020907 0000,20020907 0000,1645, ,CFS
FOL,D,76,INFLOW,20020908 0000,20020908 0000,1256, ,CFS
FOL,D,76,INFLOW,20020909 0000,20020909 0000,772, ,CFS
FOL,D,76,INFLOW,20020910 0000,20020910 0000,1284, ,CFS
FOL,D,76,INFLOW,20020911 0000,20020911 0000,1680, ,CFS
FOL,D,76,INFLOW,20020912 0000,20020912 0000,1894, ,CFS
FOL,D,76,INFLOW,20020913 0000,20020913 0000,1374, ,CFS
FOL,D,76,INFLOW,20020914 0000,20020914 0000,1563, ,CFS
FOL,D,76,INFLOW,20020915 0000,20020915 0000,1382, ,CFS
FOL,D,76,INFLOW,20020916 0000,20020916 0000,878, ,CFS
FOL,D,76,INFLOW,20020917 0000,20020917 0000,1206, ,CFS
FOL,D,76,INFLOW,20020918 0000,20020918 0000,1115, ,CFS
FOL,D,76,INFLOW,20020919 0000,20020919 0000,1607, ,CFS
FOL,D,76,INFLOW,20020920 0000,20020920 0000,1442, ,CFS
FOL,D,76,INFLOW,20020921 0000,20020921 0000,1175, ,CFS
FOL,D,76,INFLOW,20020922 0000,20020922 0000,633, ,CFS
FOL,D,76,INFLOW,20020923 0000,20020923 0000,1113, ,CFS
FOL,D,76,INFLOW,20020924 0000,20020924 0000,1543, ,CFS
FOL,D,76,INFLOW,20020925 0000,20020925 0000,1122, ,CFS
FOL,D,76,INFLOW,20020926 0000,20020926 0000,1110, ,CFS
FOL,D,76,INFLOW,20020927 0000,20020927 0000,462, ,CFS
FOL,D,76,INFLOW,20020928 0000,20020928 0000,453, ,CFS
FOL,D,76,INFLOW,20020929 0000,20020929 0000,352, ,CFS
FOL,D,76,INFLOW,20020930 0000,20020930 0000,433, ,CFS
FOL,D,76,INFLOW,20021001 0000,20021001 0000,533, ,CFS
FOL,D,76,INFLOW,20021002 0000,20021002 0000,708, ,CFS
FOL,D,76,INFLOW,20021003 0000,20021003 0000,659, ,CFS
FOL,D,76,INFLOW,20021004 0000,20021004 0000,834, ,CFS
FOL,D,76,INFLOW,20021005 0000,20021005 0000,865, ,CFS
FOL,D,76,INFLOW,20021006 0000,20021006 0000,949, ,CFS
FOL,D,76,INFLOW,20021007 0000,20021007 0000,830, ,CFS
FOL,D,76,INFLOW,20021008 0000,20021008 0000,1404, ,CFS
FOL,D,76,INFLOW,20021009 0000,20021009 0000,1554, ,CFS
FOL,D,76,INFLOW,20021010 0000,20021010 0000,1225, ,CFS
FOL,D,76,INFLOW,20021011 0000,20021011 0000,852, ,CFS
FOL,D,76,INFLOW,20021012 0000,20021012 0000,786, ,CFS
FOL,D,76,INFLOW,20021013 0000,20021013 0000,665, ,CFS
FOL,D,76,INFLOW,20021014 0000,20021014 0000,605, ,CFS
FOL,D,76,INFLOW,20021015 0000,20021015 0000,1296, ,CFS
FOL,D,76,INFLOW,20021016 0000,20021016 0000,927, ,CFS
FOL,D,76,INFLOW,20021017 0000,20021017 0000,1002, ,CFS
FOL,D,76,INFLOW,20021018 0000,20021018 0000,874, ,CFS
FOL,D,76,INFLOW,20021019 0000,20021019 0000,589, ,CFS
FOL,D,76,INFLOW,20021020 0000,20021020 0000,215, ,CFS
FOL,D,76,INFLOW,20021021 0000,20021021 0000,623, ,CFS
FOL,D,76,INFLOW,20021022 0000,20021022 0000,1020, ,CFS
FOL,D,76,INFLOW,20021023 0000,20021023 0000,605, ,CFS
FOL,D,76,INFLOW,20021024 0000,20021024 0000,1297, ,CFS
FOL,D,76,INFLOW,20021025 0000,20021025 0000,1732, ,CFS
FOL,D,76,INFLOW,20021026 0000,20021026 0000,1165, ,CFS
FOL,D,76,INFLOW,20021027 0000,20021027 0000,807, ,CFS
FOL,D,76,INFLOW,20021028 0000,20021028 0000,1297, ,CFS
FOL,D,76,INFLOW,20021029 0000,20021029 0000,1186, ,CFS
FOL,D,76,INFLOW,20021030 0000,20021030 0000,1195, ,CFS
FOL,D,76,INFLOW,20021031 0000,20021031 0000,1389, ,CFS
FOL,D,76,INFLOW,20021101 0000,20021101 0000,1691, ,CFS
FOL,D,76,INFLOW,20021102 0000,20021102 0000,1137, ,CFS
FOL,D,76,INFLOW,20021103 0000,20021103 0000,913, ,CFS
FOL,D,76,INFLOW,20021104 0000,20021104 0000,1564, ,CFS
FOL,D,76,INFLOW,20021105 0000,20021105 0000,1195, ,CFS
FOL,D,76,INFLOW,20021106 0000,20021106 0000,998, ,CFS
FOL,D,76,INFLOW,20021107 0000,20021107 0000,1638, ,CFS
FOL,D,76,INFLOW,20021108 0000,20021108 0000,1981, ,CFS
FOL,D,76,INFLOW,20021109 0000,20021109 0000,3765, ,CFS
FOL,D,76,INFLOW,20021110 0000,20021110 0000,1938, ,CFS
FOL,D,76,INFLOW,20021111 0000,20021111 0000,2774, ,CFS
FOL,D,76,INFLOW,20021112 0000,20021112 0000,2449, ,CFS
FOL,D,76,INFLOW,20021113 0000,20021113 0000,1935, ,CFS
FOL,D,76,INFLOW,20021114 0000,20021114 0000,1903, ,CFS
FOL,D,76,INFLOW,20021115 0000,20021115 0000,2059, ,CFS
FOL,D,76,INFLOW,20021116 0000,20021116 0000,1729, ,CFS
FOL,D,76,INFLOW,20021117 0000,20021117 0000,1093, ,CFS
FOL,D,76,INFLOW,20021118 0000,20021118 0000,1215, ,CFS
FOL,D,76,INFLOW,20021119 0000,20021119 0000,1509, ,CFS
FOL,D,76,INFLOW,20021120 0000,20021120 0000,1155, ,CFS
FOL,D,76,INFLOW,20021121 0000,20021121 0000,1389, ,CFS
FOL,D,76,INFLOW,20021122 0000,20021122 0000,1262, ,CFS
FOL,D,76,INFLOW,20021123 0000,20021123 0000,1251, ,CFS
FOL,D,76,INFLOW,20021124 0000,20021124 0000,1156, ,CFS
FOL,D,76,INFLOW,20021125 0000,20021125 0000,1431, ,CFS
FOL,D,76,INFLOW,20021126 0000,20021126 0000,2029, ,CFS
FOL,D,76,INFLOW,20021127 0000,20021127 0000,1621, ,CFS
FOL,D,76,INFLOW,20021128 0000,20021128 0000,1273, ,CFS
FOL,D,76,INFLOW,20021129 0000,20021129 0000,930, ,CFS
FOL,D,76,INFLOW,20021130 0000,20021130 0000,1286, ,CFS
FOL,D,76,INFLOW,20021201 0000,20021201 0000,1098, ,CFS
FOL,D,76,INFLOW,20021202 0000,20021202 0000,1357, ,CFS
FOL,D,76,INFLOW,20021203 0000,20021203 0000,1482, ,CFS
FOL,D,76,INFLOW,20021204 0000,20021204 0000,1449, ,CFS
FOL,D,76,INFLOW,20021205 0000,20021205 0000,1513, ,CFS
FOL,D,76,INFLOW,20021206 0000,20021206 0000,1666, ,CFS
FOL,D,76,INFLOW,20021207 0000,20021207 0000,1272, ,CFS
FOL,D,76,INFLOW,20021208 0000,20021208 0000,838, ,CFS
FOL,D,76,INFLOW,20021209 0000,20021209 0000,1830, ,CFS
FOL,D,76,INFLOW,20021210 0000,20021210 0000,1642, ,CFS
FOL,D,76,INFLOW,20021211 0000,20021211 0000,1491, ,CFS
FOL,D,76,INFLOW,20021212 0000,20021212 0000,1372, ,CFS
FOL,D,76,INFLOW,20021213 0000,20021213 0000,2764, ,CFS
FOL,D,76,INFLOW,20021214 0000,20021214 0000,7173, ,CFS
FOL,D,76,INFLOW,20021215 0000,20021215 0000,5820, ,CFS
FOL,D,76,INFLOW,20021216 0000,20021216 0000,9495, ,CFS
FOL,D,76,INFLOW,20021217 0000,20021217 0000,6746, ,CFS
FOL,D,76,INFLOW,20021218 0000,20021218 0000,4566, ,CFS
FOL,D,76,INFLOW,20021219 0000,20021219 0000,4540, ,CFS
FOL,D,76,INFLOW,20021220 0000,20021220 0000,4186, ,CFS
FOL,D,76,INFLOW,20021221 0000,20021221 0000,4513, ,CFS
FOL,D,76,INFLOW,20021222 0000,20021222 0000,2970, ,CFS
FOL,D,76,INFLOW,20021223 0000,20021223 0000,2942, ,CFS
FOL,D,76,INFLOW,20021224 0000,20021224 0000,2365, ,CFS
FOL,D,76,INFLOW,20021225 0000,20021225 0000,1812, ,CFS
FOL,D,76,INFLOW,20021226 0000,20021226 0000,1693, ,CFS
FOL,D,76,INFLOW,20021227 0000,20021227 0000,2595, ,CFS
FOL,D,76,INFLOW,20021228 0000,20021228 0000,4322, ,CFS
FOL,D,76,INFLOW,20021229 0000,20021229 0000,6944, ,CFS
FOL,D,76,INFLOW,20021230 0000,20021230 0000,4817, ,CFS
FOL,D,76,INFLOW,20021231 0000,20021231 0000,5136, ,CFS
FOL,D,76,INFLOW,20030101 0000,20030101 0000,3729, ,CFS
FOL,D,76,INFLOW,20030102 0000,20030102 0000,2898, ,CFS
FOL,D,76,INFLOW,20030103 0000,20030103 0000,3344, ,CFS
FOL,D,76,INFLOW,20030104 0000,20030104 0000,2702, ,CFS
FOL,D,76,INFLOW,20030105 0000,20030105 0000,2772, ,CFS
FOL,D,76,INFLOW,20030106 0000,20030106 0000,3271, ,CFS
FOL,D,76,INFLOW,20030107 0000,20030107 0000,3558, ,CFS
FOL,D,76,INFLOW,20030108 0000,20030108 0000,3555, ,CFS
FOL,D,76,INFLOW,20030109 0000,20030109 0000,3633, ,CFS
FOL,D,76,INFLOW,20030110 0000,20030110 0000,4236, ,CFS
FOL,D,76,INFLOW,20030111 0000,20030111 0000,4341, ,CFS
FOL,D,76,INFLOW,20030112 0000,20030112 0000,3883, ,CFS
FOL,D,76,INFLOW,20030113 0000,20030113 0000,3639, ,CFS
FOL,D,76,INFLOW,20030114 0000,20030114 0000,3721, ,CFS
FOL,D,76,INFLOW,20030115 0000,20030115 0000,3722, ,CFS
FOL,D,76,INFLOW,20030116 0000,20030116 0000,3738, ,CFS
FOL,D,76,INFLOW,20030117 0000,20030117 0000,3111, ,CFS
FOL,D,76,INFLOW,20030118 0000,20030118 0000,2585, ,CFS
FOL,D,76,INFLOW,20030119 0000,20030119 0000,3068, ,CFS
FOL,D,76,INFLOW,20030120 0000,20030120 0000,4033, ,CFS
FOL,D,76,INFLOW,20030121 0000,20030121 0000,4193, ,CFS
FOL,D,76,INFLOW,20030122 0000,20030122 0000,4461, ,CFS
FOL,D,76,INFLOW,20030123 0000,20030123 0000,5916, ,CFS
FOL,D,76,INFLOW,20030124 0000,20030124 0000,6597, ,CFS
FOL,D,76,INFLOW,20030125 0000,20030125 0000,5139, ,CFS
FOL,D,76,INFLOW,20030126 0000,20030126 0000,4276, ,CFS
FOL,D,76,INFLOW,20030127 0000,20030127 0000,4499, ,CFS
FOL,D,76,INFLOW,20030128 0000,20030128 0000,4923, ,CFS
FOL,D,76,INFLOW,20030129 0000,20030129 0000,4708, ,CFS
FOL,D,76,INFLOW,20030130 0000,20030130 0000,4544, ,CFS
FOL,D,76,INFLOW,20030131 0000,20030131 0000,3398, ,CFS
FOL,D,76,INFLOW,20030201 0000,20030201 0000,3168, ,CFS
FOL,D,76,INFLOW,20030202 0000,20030202 0000,3225, ,CFS
FOL,D,76,INFLOW,20030203 0000,20030203 0000,3532, ,CFS
FOL,D,76,INFLOW,20030204 0000,20030204 0000,3609, ,CFS
FOL,D,76,INFLOW,20030205 0000,20030205 0000,4331, ,CFS
FOL,D,76,INFLOW,20030206 0000,20030206 0000,3536, ,CFS
FOL,D,76,INFLOW,20030207 0000,20030207 0000,3292, ,CFS
FOL,D,76,INFLOW,20030208 0000,20030208 0000,2768, ,CFS
FOL,D,76,INFLOW,20030209 0000,20030209 0000,2977, ,CFS
FOL,D,76,INFLOW,20030210 0000,20030210 0000,3914, ,CFS
FOL,D,76,INFLOW,20030211 0000,20030211 0000,3690, ,CFS
FOL,D,76,INFLOW,20030212 0000,20030212 0000,3257, ,CFS
FOL,D,76,INFLOW,20030213 0000,20030213 0000,3501, ,CFS
FOL,D,76,INFLOW,20030214 0000,20030214 0000,3480, ,CFS
FOL,D,76,INFLOW,20030215 0000,20030215 0000,2676, ,CFS
FOL,D,76,INFLOW,20030216 0000,20030216 0000,4016, ,CFS
FOL,D,76,INFLOW,20030217 0000,20030217 0000,3550, ,CFS
FOL,D,76,INFLOW,20030218 0000,20030218 0000,3847, ,CFS
FOL,D,76,INFLOW,20030219 0000,20030219 0000,3698, ,CFS
FOL,D,76,INFLOW,20030220 0000,20030220 0000,3013, ,CFS
FOL,D,76,INFLOW,20030221 0000,20030221 0000,2278, ,CFS
FOL,D,76,INFLOW,20030222 0000,20030222 0000,2382, ,CFS
FOL,D,76,INFLOW,20030223 0000,20030223 0000,2778, ,CFS
FOL,D,76,INFLOW,20030224 0000,20030224 0000,2675, ,CFS
FOL,D,76,INFLOW,20030225 0000,20030225 0000,3356, ,CFS
FOL,D,76,INFLOW,20030226 0000,20030226 0000,2613, ,CFS
FOL,D,76,INFLOW,20030227 0000,20030227 0000,2824, ,CFS
FOL,D,76,INFLOW,20030228 0000,20030228 0000,2359, ,CFS
FOL,D,76,INFLOW,20030301 0000,20030301 0000,2201, ,CFS
FOL,D,76,INFLOW,20030302 0000,20030302 0000,2021, ,CFS
FOL,D,76,INFLOW,20030303 0000,20030303 0000,2117, ,CFS
FOL,D,76,INFLOW,20030304 0000,20030304 0000,3237, ,CFS
FOL,D,76,INFLOW,20030305 0000,20030305 0000,2621, ,CFS
FOL,D,76,INFLOW,20030306 0000,20030306 0000,2244, ,CFS
FOL,D,76,INFLOW,20030307 0000,20030307 0000,3176, ,CFS
FOL,D,76,INFLOW,20030308 0000,20030308 0000,2586, ,CFS
FOL,D,76,INFLOW,20030309 0000,20030309 0000,1660, ,CFS
FOL,D,76,INFLOW,20030310 0000,20030310 0000,2351, ,CFS
FOL,D,76,INFLOW,20030311 0000,20030311 0000,2425, ,CFS
FOL,D,76,INFLOW,20030312 0000,20030312 0000,2321, ,CFS
FOL,D,76,INFLOW,20030313 0000,20030313 0000,3207, ,CFS
FOL,D,76,INFLOW,20030314 0000,20030314 0000,3643, ,CFS
FOL,D,76,INFLOW,20030315 0000,20030315 0000,6471, ,CFS
FOL,D,76,INFLOW,20030316 0000,20030316 0000,5306, ,CFS
FOL,D,76,INFLOW,20030317 0000,20030317 0000,4048, ,CFS
FOL,D,76,INFLOW,20030318 0000,20030318 0000,3534, ,CFS
FOL,D,76,INFLOW,20030319 0000,20030319 0000,3367, ,CFS
FOL,D,76,INFLOW,20030320 0000,20030320 0000,4248, ,CFS
FOL,D,76,INFLOW,20030321 0000,20030321 0000,3636, ,CFS
FOL,D,76,INFLOW,20030322 0000,20030322 0000,3034, ,CFS
FOL,D,76,INFLOW,20030323 0000,20030323 0000,4724, ,CFS
FOL,D,76,INFLOW,20030324 0000,20030324 0000,5494, ,CFS
FOL,D,76,INFLOW,20030325 0000,20030325 0000,5424, ,CFS
FOL,D,76,INFLOW,20030326 0000,20030326 0000,5533, ,CFS
FOL,D,76,INFLOW,20030327 0000,20030327 0000,6297, ,CFS
FOL,D,76,INFLOW,20030328 0000,20030328 0000,5771, ,CFS
FOL,D,76,INFLOW,20030329 0000,20030329 0000,4172, ,CFS
FOL,D,76,INFLOW,20030330 0000,20030330 0000,3308, ,CFS
FOL,D,76,INFLOW,20030331 0000,20030331 0000,3993, ,CFS
FOL,D,76,INFLOW,20030401 0000,20030401 0000,4442, ,CFS
FOL,D,76,INFLOW,20030402 0000,20030402 0000,4768, ,CFS
FOL,D,76,INFLOW,20030403 0000,20030403 0000,4139, ,CFS
FOL,D,76,INFLOW,20030404 0000,20030404 0000,4227, ,CFS
FOL,D,76,INFLOW,20030405 0000,20030405 0000,3717, ,CFS
FOL,D,76,INFLOW,20030406 0000,20030406 0000,3444, ,CFS
FOL,D,76,INFLOW,20030407 0000,20030407 0000,4423, ,CFS
FOL,D,76,INFLOW,20030408 0000,20030408 0000,4083, ,CFS
FOL,D,76,INFLOW,20030409 0000,20030409 0000,4543, ,CFS
FOL,D,76,INFLOW,20030410 0000,20030410 0000,4491, ,CFS
FOL,D,76,INFLOW,20030411 0000,20030411 0000,4345, ,CFS
FOL,D,76,INFLOW,20030412 0000,20030412 0000,5696, ,CFS
FOL,D,76,INFLOW,20030413 0000,20030413 0000,12968, ,CFS
FOL,D,76,INFLOW,20030414 0000,20030414 0000,10079, ,CFS
FOL,D,76,INFLOW,20030415 0000,20030415 0000,6347, ,CFS
FOL,D,76,INFLOW,20030416 0000,20030416 0000,5535, ,CFS
FOL,D,76,INFLOW,20030417 0000,20030417 0000,5453, ,CFS
FOL,D,76,INFLOW,20030418 0000,20030418 0000,4914, ,CFS
FOL,D,76,INFLOW,20030419 0000,20030419 0000,4482, ,CFS
FOL,D,76,INFLOW,20030420 0000,20030420 0000,4532, ,CFS
FOL,D,76,INFLOW,20030421 0000,20030421 0000,5430, ,CFS
FOL,D,76,INFLOW,20030422 0000,20030422 0000,5026, ,CFS
FOL,D,76,INFLOW,20030423 0000,20030423 0000,4957, ,CFS
FOL,D,76,INFLOW,20030424 0000,20030424 0000,6237, ,CFS
FOL,D,76,INFLOW,20030425 0000,20030425 0000,7723, ,CFS
FOL,D,76,INFLOW,20030426 0000,20030426 0000,8217, ,CFS
FOL,D,76,INFLOW,20030427 0000,20030427 0000,7052, ,CFS
FOL,D,76,INFLOW,20030428 0000,20030428 0000,8614, ,CFS
FOL,D,76,INFLOW,20030429 0000,20030429 0000,8321, ,CFS
FOL,D,76,INFLOW,20030430 0000,20030430 0000,7311, ,CFS
FOL,D,76,INFLOW,20030501 0000,20030501 0000,6882, ,CFS
FOL,D,76,INFLOW,20030502 0000,20030502 0000,6953, ,CFS
FOL,D,76,INFLOW,20030503 0000,20030503 0000,7313, ,CFS
FOL,D,76,INFLOW,20030504 0000,20030504 0000,9410, ,CFS
FOL,D,76,INFLOW,20030505 0000,20030505 0000,8901, ,CFS
FOL,D,76,INFLOW,20030506 0000,20030506 0000,8539, ,CFS
FOL,D,76,INFLOW,20030507 0000,20030507 0000,7734, ,CFS
FOL,D,76,INFLOW,20030508 0000,20030508 0000,8320, ,CFS
FOL,D,76,INFLOW,20030509 0000,20030509 0000,8837, ,CFS
FOL,D,76,INFLOW,20030510 0000,20030510 0000,7914, ,CFS
FOL,D,76,INFLOW,20030511 0000,20030511 0000,6874, ,CFS
FOL,D,76,INFLOW,20030512 0000,20030512 0000,7439, ,CFS
FOL,D,76,INFLOW,20030513 0000,20030513 0000,8306, ,CFS
FOL,D,76,INFLOW,20030514 0000,20030514 0000,8671, ,CFS
FOL,D,76,INFLOW,20030515 0000,20030515 0000,9121, ,CFS
FOL,D,76,INFLOW,20030516 0000,20030516 0000,9096, ,CFS
FOL,D,76,INFLOW,20030517 0000,20030517 0000,7969, ,CFS
FOL,D,76,INFLOW,20030518 0000,20030518 0000,7774, ,CFS
FOL,D,76,INFLOW,20030519 0000,20030519 0000,7715, ,CFS
FOL,D,76,INFLOW,20030520 0000,20030520 0000,7808, ,CFS
FOL,D,76,INFLOW,20030521 0000,20030521 0000,7766, ,CFS
FOL,D,76,INFLOW,20030522 0000,20030522 0000,8081, ,CFS
FOL,D,76,INFLOW,20030523 0000,20030523 0000,8713, ,CFS
FOL,D,76,INFLOW,20030524 0000,20030524 0000,8588, ,CFS
FOL,D,76,INFLOW,20030525 0000,20030525 0000,8269, ,CFS
FOL,D,76,INFLOW,20030526 0000,20030526 0000,7261, ,CFS
FOL,D,76,INFLOW,20030527 0000,20030527 0000,7642, ,CFS
FOL,D,76,INFLOW,20030528 0000,20030528 0000,8152, ,CFS
FOL,D,76,INFLOW,20030529 0000,20030529 0000,7394, ,CFS
FOL,D,76,INFLOW,20030530 0000,20030530 0000,7339, ,CFS
FOL,D,76,INFLOW,20030531 0000,20030531 0000,8159, ,CFS
FOL,D,76,INFLOW,20030601 0000,20030601 0000,7710, ,CFS
FOL,D,76,INFLOW,20030602 0000,20030602 0000,7395, ,CFS
FOL,D,76,INFLOW,20030603 0000,20030603 0000,6954, ,CFS
FOL,D,76,INFLOW,20030604 0000,20030604 0000,7186, ,CFS
FOL,D,76,INFLOW,20030605 0000,20030605 0000,6783, ,CFS
FOL,D,76,INFLOW,20030606 0000,20030606 0000,6379, ,CFS
FOL,D,76,INFLOW,20030607 0000,20030607 0000,6157, ,CFS
FOL,D,76,INFLOW,20030608 0000,20030608 0000,6319, ,CFS
FOL,D,76,INFLOW,20030609 0000,20030609 0000,5805, ,CFS
FOL,D,76,INFLOW,20030610 0000,20030610 0000,5547, ,CFS
FOL,D,76,INFLOW,20030611 0000,20030611 0000,5767, ,CFS
FOL,D,76,INFLOW,20030612 0000,20030612 0000,3949, ,CFS
FOL,D,76,INFLOW,20030613 0000,20030613 0000,3678, ,CFS
FOL,D,76,INFLOW,20030614 0000,20030614 0000,3661, ,CFS
FOL,D,76,INFLOW,20030615 0000,20030615 0000,3352, ,CFS
FOL,D,76,INFLOW,20030616 0000,20030616 0000,3356, ,CFS
FOL,D,76,INFLOW,20030617 0000,20030617 0000,3695, ,CFS
FOL,D,76,INFLOW,20030618 0000,20030618 0000,2946, ,CFS
FOL,D,76,INFLOW,20030619 0000,20030619 0000,2789, ,CFS
FOL,D,76,INFLOW,20030620 0000,20030620 0000,2296, ,CFS
FOL,D,76,INFLOW,20030621 0000,20030621 0000,1817, ,CFS
FOL,D,76,INFLOW,20030622 0000,20030622 0000,2037, ,CFS
FOL,D,76,INFLOW,20030623 0000,20030623 0000,1974, ,CFS
FOL,D,76,INFLOW,20030624 0000,20030624 0000,2278, ,CFS
FOL,D,76,INFLOW,20030625 0000,20030625 0000,2210, ,CFS
FOL,D,76,INFLOW,20030626 0000,20030626 0000,2372, ,CFS
FOL,D,76,INFLOW,20030627 0000,20030627 0000,3181, ,CFS
FOL,D,76,INFLOW,20030628 0000,20030628 0000,2319, ,CFS
FOL,D,76,INFLOW,20030629 0000,20030629 0000,1714, ,CFS
FOL,D,76,INFLOW,20030630 0000,20030630 0000,2284, ,CFS
FOL,D,76,INFLOW,20030701 0000,20030701 0000,2227, ,CFS
FOL,D,76,INFLOW,20030702 0000,20030702 0000,2062, ,CFS
FOL,D,76,INFLOW,20030703 0000,20030703 0000,2200, ,CFS
FOL,D,76,INFLOW,20030704 0000,20030704 0000,1900, ,CFS
FOL,D,76,INFLOW,20030705 0000,20030705 0000,2062, ,CFS
FOL,D,76,INFLOW,20030706 0000,20030706 0000,1672, ,CFS
FOL,D,76,INFLOW,20030707 0000,20030707 0000,1135, ,CFS
FOL,D,76,INFLOW,20030708 0000,20030708 0000,1368, ,CFS
FOL,D,76,INFLOW,20030709 0000,20030709 0000,2087, ,CFS
FOL,D,76,INFLOW,20030710 0000,20030710 0000,2586, ,CFS
FOL,D,76,INFLOW,20030711 0000,20030711 0000,1793, ,CFS
FOL,D,76,INFLOW,20030712 0000,20030712 0000,2175, ,CFS
FOL,D,76,INFLOW,20030713 0000,20030713 0000,1677, ,CFS
FOL,D,76,INFLOW,20030714 0000,20030714 0000,2517, ,CFS
FOL,D,76,INFLOW,20030715 0000,20030715 0000,2238, ,CFS
FOL,D,76,INFLOW,20030716 0000,20030716 0000,1527, ,CFS
FOL,D,76,INFLOW,20030717 0000,20030717 0000,2441, ,CFS
FOL,D,76,INFLOW,20030718 0000,20030718 0000,2259, ,CFS
FOL,D,76,INFLOW,20030719 0000,20030719 0000,1964, ,CFS
FOL,D,76,INFLOW,20030720 0000,20030720 0000,2147, ,CFS
FOL,D,76,INFLOW,20030721 0000,20030721 0000,1389, ,CFS
FOL,D,76,INFLOW,20030722 0000,20030722 0000,1997, ,CFS
FOL,D,76,INFLOW,20030723 0000,20030723 0000,2095, ,CFS
FOL,D,76,INFLOW,20030724 0000,20030724 0000,1805, ,CFS
FOL,D,76,INFLOW,20030725 0000,20030725 0000,1971, ,CFS
FOL,D,76,INFLOW,20030726 0000,20030726 0000,2126, ,CFS
FOL,D,76,INFLOW,20030727 0000,20030727 0000,2132, ,CFS
FOL,D,76,INFLOW,20030728 0000,20030728 0000,1877, ,CFS
FOL,D,76,INFLOW,20030729 0000,20030729 0000,1795, ,CFS
FOL,D,76,INFLOW,20030730 0000,20030730 0000,1460, ,CFS
FOL,D,76,INFLOW,20030731 0000,20030731 0000,1526, ,CFS
FOL,D,76,INFLOW,20030801 0000,20030801 0000,1393, ,CFS
FOL,D,76,INFLOW,20030802 0000,20030802 0000,1471, ,CFS
FOL,D,76,INFLOW,20030803 0000,20030803 0000,1360, ,CFS
FOL,D,76,INFLOW,20030804 0000,20030804 0000,1420, ,CFS
FOL,D,76,INFLOW,20030805 0000,20030805 0000,2047, ,CFS
FOL,D,76,INFLOW,20030806 0000,20030806 0000,2063, ,CFS
FOL,D,76,INFLOW,20030807 0000,20030807 0000,1993, ,CFS
FOL,D,76,INFLOW,20030808 0000,20030808 0000,1557, ,CFS
FOL,D,76,INFLOW,20030809 0000,20030809 0000,1483, ,CFS
FOL,D,76,INFLOW,20030810 0000,20030810 0000,1415, ,CFS
FOL,D,76,INFLOW,20030811 0000,20030811 0000,1865, ,CFS
FOL,D,76,INFLOW,20030812 0000,20030812 0000,1824, ,CFS
FOL,D,76,INFLOW,20030813 0000,20030813 0000,1746, ,CFS
FOL,D,76,INFLOW,20030814 0000,20030814 0000,1386, ,CFS
FOL,D,76,INFLOW,20030815 0000,20030815 0000,1444, ,CFS
FOL,D,76,INFLOW,20030816 0000,20030816 0000,1353, ,CFS
FOL,D,76,INFLOW,20030817 0000,20030817 0000,1296, ,CFS
FOL,D,76,INFLOW,20030818 0000,20030818 0000,1012, ,CFS
FOL,D,76,INFLOW,20030819 0000,20030819 0000,1232, ,CFS
FOL,D,76,INFLOW,20030820 0000,20030820 0000,1100, ,CFS
FOL,D,76,INFLOW,20030821 0000,20030821 0000,1606, ,CFS
FOL,D,76,INFLOW,20030822 0000,20030822 0000,1420, ,CFS
FOL,D,76,INFLOW,20030823 0000,20030823 0000,1387, ,CFS
FOL,D,76,INFLOW,20030824 0000,20030824 0000,1475, ,CFS
FOL,D,76,INFLOW,20030825 0000,20030825 0000,1613, ,CFS
FOL,D,76,INFLOW,20030826 0000,20030826 0000,1993, ,CFS
FOL,D,76,INFLOW,20030827 0000,20030827 0000,1853, ,CFS
FOL,D,76,INFLOW,20030828 0000,20030828 0000,1595, ,CFS
FOL,D,76,INFLOW,20030829 0000,20030829 0000,1863, ,CFS
FOL,D,76,INFLOW,20030830 0000,20030830 0000,1542, ,CFS
FOL,D,76,INFLOW,20030831 0000,20030831 0000,1458, ,CFS
FOL,D,76,INFLOW,20030901 0000,20030901 0000,1653, ,CFS
FOL,D,76,INFLOW,20030902 0000,20030902 0000,1687, ,CFS
FOL,D,76,INFLOW,20030903 0000,20030903 0000,2010, ,CFS
FOL,D,76,INFLOW,20030904 0000,20030904 0000,1639, ,CFS
FOL,D,76,INFLOW,20030905 0000,20030905 0000,1584, ,CFS
FOL,D,76,INFLOW,20030906 0000,20030906 0000,1473, ,CFS
FOL,D,76,INFLOW,20030907 0000,20030907 0000,1450, ,CFS
FOL,D,76,INFLOW,20030908 0000,20030908 0000,1577, ,CFS
FOL,D,76,INFLOW,20030909 0000,20030909 0000,1650, ,CFS
FOL,D,76,INFLOW,20030910 0000,20030910 0000,1652, ,CFS
FOL,D,76,INFLOW,20030911 0000,20030911 0000,1798, ,CFS
FOL,D,76,INFLOW,20030912 0000,20030912 0000,1716, ,CFS
FOL,D,76,INFLOW,20030913 0000,20030913 0000,1587, ,CFS
FOL,D,76,INFLOW,20030914 0000,20030914 0000,1550, ,CFS
FOL,D,76,INFLOW,20030915 0000,20030915 0000,1493, ,CFS
FOL,D,76,INFLOW,20030916 0000,20030916 0000,1186, ,CFS
FOL,D,76,INFLOW,20030917 0000,20030917 0000,1317, ,CFS
FOL,D,76,INFLOW,20030918 0000,20030918 0000,1379, ,CFS
FOL,D,76,INFLOW,20030919 0000,20030919 0000,1307, ,CFS
FOL,D,76,INFLOW,20030920 0000,20030920 0000,1379, ,CFS
FOL,D,76,INFLOW,20030921 0000,20030921 0000,1220, ,CFS
FOL,D,76,INFLOW,20030922 0000,20030922 0000,1518, ,CFS
FOL,D,76,INFLOW,20030923 0000,20030923 0000,1825, ,CFS
FOL,D,76,INFLOW,20030924 0000,20030924 0000,1778, ,CFS
FOL,D,76,INFLOW,20030925 0000,20030925 0000,1619, ,CFS
FOL,D,76,INFLOW,20030926 0000,20030926 0000,1620, ,CFS
FOL,D,76,INFLOW,20030927 0000,20030927 0000,1444, ,CFS
FOL,D,76,INFLOW,20030928 0000,20030928 0000,1491, ,CFS
FOL,D,76,INFLOW,20030929 0000,20030929 0000,1846, ,CFS
FOL,D,76,INFLOW,20030930 0000,20030930 0000,1578, ,CFS
FOL,D,76,INFLOW,20031001 0000,20031001 0000,1856, ,CFS
FOL,D,76,INFLOW,20031002 0000,20031002 0000,1505, ,CFS
FOL,D,76,INFLOW,20031003 0000,20031003 0000,1536, ,CFS
FOL,D,76,INFLOW,20031004 0000,20031004 0000,1355, ,CFS
FOL,D,76,INFLOW,20031005 0000,20031005 0000,1355, ,CFS
FOL,D,76,INFLOW,20031006 0000,20031006 0000,721, ,CFS
FOL,D,76,INFLOW,20031007 0000,20031007 0000,813, ,CFS
FOL,D,76,INFLOW,20031008 0000,20031008 0000,896, ,CFS
FOL,D,76,INFLOW,20031009 0000,20031009 0000,780, ,CFS
FOL,D,76,INFLOW,20031010 0000,20031010 0000,934, ,CFS
FOL,D,76,INFLOW,20031011 0000,20031011 0000,596, ,CFS
FOL,D,76,INFLOW,20031012 0000,20031012 0000,797, ,CFS
FOL,D,76,INFLOW,20031013 0000,20031013 0000,958, ,CFS
FOL,D,76,INFLOW,20031014 0000,20031014 0000,761, ,CFS
FOL,D,76,INFLOW,20031015 0000,20031015 0000,808, ,CFS
FOL,D,76,INFLOW,20031016 0000,20031016 0000,765, ,CFS
FOL,D,76,INFLOW,20031017 0000,20031017 0000,1018, ,CFS
FOL,D,76,INFLOW,20031018 0000,20031018 0000,912, ,CFS
FOL,D,76,INFLOW,20031019 0000,20031019 0000,762, ,CFS
FOL,D,76,INFLOW,20031020 0000,20031020 0000,634, ,CFS
FOL,D,76,INFLOW,20031021 0000,20031021 0000,1080, ,CFS
FOL,D,76,INFLOW,20031022 0000,20031022 0000,342, ,CFS
FOL,D,76,INFLOW,20031023 0000,20031023 0000,433, ,CFS
FOL,D,76,INFLOW,20031024 0000,20031024 0000,310, ,CFS
FOL,D,76,INFLOW,20031025 0000,20031025 0000,381, ,CFS
FOL,D,76,INFLOW,20031026 0000,20031026 0000,354, ,CFS
FOL,D,76,INFLOW,20031027 0000,20031027 0000,525, ,CFS
FOL,D,76,INFLOW,20031028 0000,20031028 0000,757, ,CFS
FOL,D,76,INFLOW,20031029 0000,20031029 0000,608, ,CFS
FOL,D,76,INFLOW,20031030 0000,20031030 0000,706, ,CFS
FOL,D,76,INFLOW,20031031 0000,20031031 0000,898, ,CFS
FOL,D,76,INFLOW,20031101 0000,20031101 0000,917, ,CFS
FOL,D,76,INFLOW,20031102 0000,20031102 0000,1206, ,CFS
FOL,D,76,INFLOW,20031103 0000,20031103 0000,1840, ,CFS
FOL,D,76,INFLOW,20031104 0000,20031104 0000,1571, ,CFS
FOL,D,76,INFLOW,20031105 0000,20031105 0000,934, ,CFS
FOL,D,76,INFLOW,20031106 0000,20031106 0000,1456, ,CFS
FOL,D,76,INFLOW,20031107 0000,20031107 0000,1793, ,CFS
FOL,D,76,INFLOW,20031108 0000,20031108 0000,1466, ,CFS
FOL,D,76,INFLOW,20031109 0000,20031109 0000,1023, ,CFS
FOL,D,76,INFLOW,20031110 0000,20031110 0000,1259, ,CFS
FOL,D,76,INFLOW,20031111 0000,20031111 0000,1224, ,CFS
FOL,D,76,INFLOW,20031112 0000,20031112 0000,1086, ,CFS
FOL,D,76,INFLOW,20031113 0000,20031113 0000,1420, ,CFS
FOL,D,76,INFLOW,20031114 0000,20031114 0000,1864, ,CFS
FOL,D,76,INFLOW,20031115 0000,20031115 0000,1515, ,CFS
FOL,D,76,INFLOW,20031116 0000,20031116 0000,1001, ,CFS
FOL,D,76,INFLOW,20031117 0000,20031117 0000,1041, ,CFS
FOL,D,76,INFLOW,20031118 0000,20031118 0000,1200, ,CFS
FOL,D,76,INFLOW,20031119 0000,20031119 0000,1372, ,CFS
FOL,D,76,INFLOW,20031120 0000,20031120 0000,1268, ,CFS
FOL,D,76,INFLOW,20031121 0000,20031121 0000,1283, ,CFS
FOL,D,76,INFLOW,20031122 0000,20031122 0000,1442, ,CFS
FOL,D,76,INFLOW,20031123 0000,20031123 0000,1054, ,CFS
FOL,D,76,INFLOW,20031124 0000,20031124 0000,1380, ,CFS
FOL,D,76,INFLOW,20031125 0000,20031125 0000,1587, ,CFS
FOL,D,76,INFLOW,20031126 0000,20031126 0000,1186, ,CFS
FOL,D,76,INFLOW,20031127 0000,20031127 0000,1107, ,CFS
FOL,D,76,INFLOW,20031128 0000,20031128 0000,988, ,CFS
FOL,D,76,INFLOW,20031129 0000,20031129 0000,678, ,CFS
FOL,D,76,INFLOW,20031130 0000,20031130 0000,836, ,CFS
FOL,D,76,INFLOW,20031201 0000,20031201 0000,1205, ,CFS
FOL,D,76,INFLOW,20031202 0000,20031202 0000,899, ,CFS
FOL,D,76,INFLOW,20031203 0000,20031203 0000,1051, ,CFS
FOL,D,76,INFLOW,20031204 0000,20031204 0000,910, ,CFS
FOL,D,76,INFLOW,20031205 0000,20031205 0000,1097, ,CFS
FOL,D,76,INFLOW,20031206 0000,20031206 0000,1455, ,CFS
FOL,D,76,INFLOW,20031207 0000,20031207 0000,3715, ,CFS
FOL,D,76,INFLOW,20031208 0000,20031208 0000,2194, ,CFS
FOL,D,76,INFLOW,20031209 0000,20031209 0000,1876, ,CFS
FOL,D,76,INFLOW,20031210 0000,20031210 0000,2416, ,CFS
FOL,D,76,INFLOW,20031211 0000,20031211 0000,3593, ,CFS
FOL,D,76,INFLOW,20031212 0000,20031212 0000,2839, ,CFS
FOL,D,76,INFLOW,20031213 0000,20031213 0000,3229, ,CFS
FOL,D,76,INFLOW,20031214 0000,20031214 0000,4482, ,CFS
FOL,D,76,INFLOW,20031215 0000,20031215 0000,4072, ,CFS
FOL,D,76,INFLOW,20031216 0000,20031216 0000,3084, ,CFS
FOL,D,76,INFLOW,20031217 0000,20031217 0000,2295, ,CFS
FOL,D,76,INFLOW,20031218 0000,20031218 0000,1774, ,CFS
FOL,D,76,INFLOW,20031219 0000,20031219 0000,2433, ,CFS
FOL,D,76,INFLOW,20031220 0000,20031220 0000,2080, ,CFS
FOL,D,76,INFLOW,20031221 0000,20031221 0000,2549, ,CFS
FOL,D,76,INFLOW,20031222 0000,20031222 0000,2462, ,CFS
FOL,D,76,INFLOW,20031223 0000,20031223 0000,2651, ,CFS
FOL,D,76,INFLOW,20031224 0000,20031224 0000,4341, ,CFS
FOL,D,76,INFLOW,20031225 0000,20031225 0000,6844, ,CFS
FOL,D,76,INFLOW,20031226 0000,20031226 0000,4190, ,CFS
FOL,D,76,INFLOW,20031227 0000,20031227 0000,2701, ,CFS
FOL,D,76,INFLOW,20031228 0000,20031228 0000,2463, ,CFS
FOL,D,76,INFLOW,20031229 0000,20031229 0000,3634, ,CFS
FOL,D,76,INFLOW,20031230 0000,20031230 0000,3874, ,CFS
FOL,D,76,INFLOW,20031231 0000,20031231 0000,3277, ,CFS
FOL,D,76,INFLOW,20040101 0000,20040101 0000,6911, ,CFS
FOL,D,76,INFLOW,20040102 0000,20040102 0000,5957, ,CFS
FOL,D,76,INFLOW,20040103 0000,20040103 0000,4035, ,CFS
FOL,D,76,INFLOW,20040104 0000,20040104 0000,3740, ,CFS
FOL,D,76,INFLOW,20040105 0000,20040105 0000,3227, ,CFS
FOL,D,76,INFLOW,20040106 0000,20040106 0000,2445, ,CFS
FOL,D,76,INFLOW,20040107 0000,20040107 0000,3271, ,CFS
FOL,D,76,INFLOW,20040108 0000,20040108 0000,3677, ,CFS
FOL,D,76,INFLOW,20040109 0000,20040109 0000,3128, ,CFS
FOL,D,76,INFLOW,20040110 0000,20040110 0000,3044, ,CFS
FOL,D,76,INFLOW,20040111 0000,20040111 0000,3062, ,CFS
FOL,D,76,INFLOW,20040112 0000,20040112 0000,3321, ,CFS
FOL,D,76,INFLOW,20040113 0000,20040113 0000,2763, ,CFS
FOL,D,76,INFLOW,20040114 0000,20040114 0000,3137, ,CFS
FOL,D,76,INFLOW,20040115 0000,20040115 0000,2687, ,CFS
FOL,D,76,INFLOW,20040116 0000,20040116 0000,2328, ,CFS
FOL,D,76,INFLOW,20040117 0000,20040117 0000,2520, ,CFS
FOL,D,76,INFLOW,20040118 0000,20040118 0000,2697, ,CFS
FOL,D,76,INFLOW,20040119 0000,20040119 0000,2753, ,CFS
FOL,D,76,INFLOW,20040120 0000,20040120 0000,2878, ,CFS
FOL,D,76,INFLOW,20040121 0000,20040121 0000,2762, ,CFS
FOL,D,76,INFLOW,20040122 0000,20040122 0000,2362, ,CFS
FOL,D,76,INFLOW,20040123 0000,20040123 0000,2519, ,CFS
FOL,D,76,INFLOW,20040124 0000,20040124 0000,2836, ,CFS
FOL,D,76,INFLOW,20040125 0000,20040125 0000,2587, ,CFS
FOL,D,76,INFLOW,20040126 0000,20040126 0000,2309, ,CFS
FOL,D,76,INFLOW,20040127 0000,20040127 0000,3270, ,CFS
FOL,D,76,INFLOW,20040128 0000,20040128 0000,3115, ,CFS
FOL,D,76,INFLOW,20040129 0000,20040129 0000,1930, ,CFS
FOL,D,76,INFLOW,20040130 0000,20040130 0000,2188, ,CFS
FOL,D,76,INFLOW,20040131 0000,20040131 0000,1919, ,CFS
FOL,D,76,INFLOW,20040201 0000,20040201 0000,2269, ,CFS
FOL,D,76,INFLOW,20040202 0000,20040202 0000,2745, ,CFS
FOL,D,76,INFLOW,20040203 0000,20040203 0000,4006, ,CFS
FOL,D,76,INFLOW,20040204 0000,20040204 0000,3733, ,CFS
FOL,D,76,INFLOW,20040205 0000,20040205 0000,3043, ,CFS
FOL,D,76,INFLOW,20040206 0000,20040206 0000,3118, ,CFS
FOL,D,76,INFLOW,20040207 0000,20040207 0000,2690, ,CFS
FOL,D,76,INFLOW,20040208 0000,20040208 0000,2136, ,CFS
FOL,D,76,INFLOW,20040209 0000,20040209 0000,2665, ,CFS
FOL,D,76,INFLOW,20040210 0000,20040210 0000,2283, ,CFS
FOL,D,76,INFLOW,20040211 0000,20040211 0000,2610, ,CFS
FOL,D,76,INFLOW,20040212 0000,20040212 0000,2282, ,CFS
FOL,D,76,INFLOW,20040213 0000,20040213 0000,2437, ,CFS
FOL,D,76,INFLOW,20040214 0000,20040214 0000,2172, ,CFS
FOL,D,76,INFLOW,20040215 0000,20040215 0000,2313, ,CFS
FOL,D,76,INFLOW,20040216 0000,20040216 0000,2954, ,CFS
FOL,D,76,INFLOW,20040217 0000,20040217 0000,8196, ,CFS
FOL,D,76,INFLOW,20040218 0000,20040218 0000,9201, ,CFS
FOL,D,76,INFLOW,20040219 0000,20040219 0000,7568, ,CFS
FOL,D,76,INFLOW,20040220 0000,20040220 0000,6080, ,CFS
FOL,D,76,INFLOW,20040221 0000,20040221 0000,4825, ,CFS
FOL,D,76,INFLOW,20040222 0000,20040222 0000,4098, ,CFS
FOL,D,76,INFLOW,20040223 0000,20040223 0000,4345, ,CFS
FOL,D,76,INFLOW,20040224 0000,20040224 0000,4450, ,CFS
FOL,D,76,INFLOW,20040225 0000,20040225 0000,7533, ,CFS
FOL,D,76,INFLOW,20040226 0000,20040226 0000,15034, ,CFS
FOL,D,76,INFLOW,20040227 0000,20040227 0000,10973, ,CFS
FOL,D,76,INFLOW,20040228 0000,20040228 0000,7303, ,CFS
FOL,D,76,INFLOW,20040229 0000,20040229 0000,5809, ,CFS
FOL,D,76,INFLOW,20040301 0000,20040301 0000,6063, ,CFS
FOL,D,76,INFLOW,20040302 0000,20040302 0000,5605, ,CFS
FOL,D,76,INFLOW,20040303 0000,20040303 0000,4802, ,CFS
FOL,D,76,INFLOW,20040304 0000,20040304 0000,4696, ,CFS
FOL,D,76,INFLOW,20040305 0000,20040305 0000,4160, ,CFS
FOL,D,76,INFLOW,20040306 0000,20040306 0000,3907, ,CFS
FOL,D,76,INFLOW,20040307 0000,20040307 0000,3839, ,CFS
FOL,D,76,INFLOW,20040308 0000,20040308 0000,4209, ,CFS
FOL,D,76,INFLOW,20040309 0000,20040309 0000,5163, ,CFS
FOL,D,76,INFLOW,20040310 0000,20040310 0000,5298, ,CFS
FOL,D,76,INFLOW,20040311 0000,20040311 0000,5295, ,CFS
FOL,D,76,INFLOW,20040312 0000,20040312 0000,5391, ,CFS
FOL,D,76,INFLOW,20040313 0000,20040313 0000,5079, ,CFS
FOL,D,76,INFLOW,20040314 0000,20040314 0000,4879, ,CFS
FOL,D,76,INFLOW,20040315 0000,20040315 0000,5618, ,CFS
FOL,D,76,INFLOW,20040316 0000,20040316 0000,6246, ,CFS
FOL,D,76,INFLOW,20040317 0000,20040317 0000,5832, ,CFS
FOL,D,76,INFLOW,20040318 0000,20040318 0000,5543, ,CFS
FOL,D,76,INFLOW,20040319 0000,20040319 0000,5776, ,CFS
FOL,D,76,INFLOW,20040320 0000,20040320 0000,5783, ,CFS
FOL,D,76,INFLOW,20040321 0000,20040321 0000,5190, ,CFS
FOL,D,76,INFLOW,20040322 0000,20040322 0000,6244, ,CFS
FOL,D,76,INFLOW,20040323 0000,20040323 0000,6137, ,CFS
FOL,D,76,INFLOW,20040324 0000,20040324 0000,6022, ,CFS
FOL,D,76,INFLOW,20040325 0000,20040325 0000,5290, ,CFS
FOL,D,76,INFLOW,20040326 0000,20040326 0000,4736, ,CFS
FOL,D,76,INFLOW,20040327 0000,20040327 0000,4253, ,CFS
FOL,D,76,INFLOW,20040328 0000,20040328 0000,3613, ,CFS
FOL,D,76,INFLOW,20040329 0000,20040329 0000,4062, ,CFS
FOL,D,76,INFLOW,20040330 0000,20040330 0000,4153, ,CFS
FOL,D,76,INFLOW,20040331 0000,20040331 0000,4232, ,CFS
FOL,D,76,INFLOW,20040401 0000,20040401 0000,3613, ,CFS
FOL,D,76,INFLOW,20040402 0000,20040402 0000,3833, ,CFS
FOL,D,76,INFLOW,20040403 0000,20040403 0000,3902, ,CFS
FOL,D,76,INFLOW,20040404 0000,20040404 0000,3877, ,CFS
FOL,D,76,INFLOW,20040405 0000,20040405 0000,4661, ,CFS
FOL,D,76,INFLOW,20040406 0000,20040406 0000,3907, ,CFS
FOL,D,76,INFLOW,20040407 0000,20040407 0000,3868, ,CFS
FOL,D,76,INFLOW,20040408 0000,20040408 0000,3708, ,CFS
FOL,D,76,INFLOW,20040409 0000,20040409 0000,3668, ,CFS
FOL,D,76,INFLOW,20040410 0000,20040410 0000,3486, ,CFS
FOL,D,76,INFLOW,20040411 0000,20040411 0000,3603, ,CFS
FOL,D,76,INFLOW,20040412 0000,20040412 0000,3844, ,CFS
FOL,D,76,INFLOW,20040413 0000,20040413 0000,3441, ,CFS
FOL,D,76,INFLOW,20040414 0000,20040414 0000,3312, ,CFS
FOL,D,76,INFLOW,20040415 0000,20040415 0000,2892, ,CFS
FOL,D,76,INFLOW,20040416 0000,20040416 0000,3060, ,CFS
FOL,D,76,INFLOW,20040417 0000,20040417 0000,2758, ,CFS
FOL,D,76,INFLOW,20040418 0000,20040418 0000,2377, ,CFS
FOL,D,76,INFLOW,20040419 0000,20040419 0000,2370, ,CFS
FOL,D,76,INFLOW,20040420 0000,20040420 0000,2455, ,CFS
FOL,D,76,INFLOW,20040421 0000,20040421 0000,2689, ,CFS
FOL,D,76,INFLOW,20040422 0000,20040422 0000,3285, ,CFS
FOL,D,76,INFLOW,20040423 0000,20040423 0000,2507, ,CFS
FOL,D,76,INFLOW,20040424 0000,20040424 0000,2630, ,CFS
FOL,D,76,INFLOW,20040425 0000,20040425 0000,2754, ,CFS
FOL,D,76,INFLOW,20040426 0000,20040426 0000,3331, ,CFS
FOL,D,76,INFLOW,20040427 0000,20040427 0000,3585, ,CFS
FOL,D,76,INFLOW,20040428 0000,20040428 0000,3410, ,CFS
FOL,D,76,INFLOW,20040429 0000,20040429 0000,3640, ,CFS
FOL,D,76,INFLOW,20040430 0000,20040430 0000,2873, ,CFS
FOL,D,76,INFLOW,20040501 0000,20040501 0000,2907, ,CFS
FOL,D,76,INFLOW,20040502 0000,20040502 0000,3245, ,CFS
FOL,D,76,INFLOW,20040503 0000,20040503 0000,3246, ,CFS
FOL,D,76,INFLOW,20040504 0000,20040504 0000,4247, ,CFS
FOL,D,76,INFLOW,20040505 0000,20040505 0000,3899, ,CFS
FOL,D,76,INFLOW,20040506 0000,20040506 0000,3710, ,CFS
FOL,D,76,INFLOW,20040507 0000,20040507 0000,---, ,CFS
FOL,D,76,INFLOW,20040508 0000,20040508 0000,---, ,CFS
FOL,D,76,INFLOW,20040509 0000,20040509 0000,2511, ,CFS
FOL,D,76,INFLOW,20040510 0000,20040510 0000,3109, ,CFS
FOL,D,76,INFLOW,20040511 0000,20040511 0000,2731, ,CFS
FOL,D,76,INFLOW,20040512 0000,20040512 0000,2351, ,CFS
FOL,D,76,INFLOW,20040513 0000,20040513 0000,2624, ,CFS
FOL,D,76,INFLOW,20040514 0000,20040514 0000,2699, ,CFS
FOL,D,76,INFLOW,20040515 0000,20040515 0000,2623, ,CFS
FOL,D,76,INFLOW,20040516 0000,20040516 0000,2813, ,CFS
FOL,D,76,INFLOW,20040517 0000,20040517 0000,2438, ,CFS
FOL,D,76,INFLOW,20040518 0000,20040518 0000,2321, ,CFS
FOL,D,76,INFLOW,20040519 0000,20040519 0000,2294, ,CFS
FOL,D,76,INFLOW,20040520 0000,20040520 0000,2360, ,CFS
FOL,D,76,INFLOW,20040521 0000,20040521 0000,2206, ,CFS
FOL,D,76,INFLOW,20040522 0000,20040522 0000,2071, ,CFS
FOL,D,76,INFLOW,20040523 0000,20040523 0000,1759, ,CFS
FOL,D,76,INFLOW,20040524 0000,20040524 0000,1424, ,CFS
FOL,D,76,INFLOW,20040525 0000,20040525 0000,1932, ,CFS
FOL,D,76,INFLOW,20040526 0000,20040526 0000,1975, ,CFS
FOL,D,76,INFLOW,20040527 0000,20040527 0000,1890, ,CFS
FOL,D,76,INFLOW,20040528 0000,20040528 0000,2102, ,CFS
FOL,D,76,INFLOW,20040529 0000,20040529 0000,2244, ,CFS
FOL,D,76,INFLOW,20040530 0000,20040530 0000,2086, ,CFS
FOL,D,76,INFLOW,20040531 0000,20040531 0000,2451, ,CFS
FOL,D,76,INFLOW,20040601 0000,20040601 0000,2225, ,CFS
FOL,D,76,INFLOW,20040602 0000,20040602 0000,2223, ,CFS
FOL,D,76,INFLOW,20040603 0000,20040603 0000,2112, ,CFS
FOL,D,76,INFLOW,20040604 0000,20040604 0000,1573, ,CFS
FOL,D,76,INFLOW,20040605 0000,20040605 0000,2089, ,CFS
FOL,D,76,INFLOW,20040606 0000,20040606 0000,2556, ,CFS
FOL,D,76,INFLOW,20040607 0000,20040607 0000,1451, ,CFS
FOL,D,76,INFLOW,20040608 0000,20040608 0000,1403, ,CFS
FOL,D,76,INFLOW,20040609 0000,20040609 0000,1904, ,CFS
FOL,D,76,INFLOW,20040610 0000,20040610 0000,1617, ,CFS
FOL,D,76,INFLOW,20040611 0000,20040611 0000,1883, ,CFS
FOL,D,76,INFLOW,20040612 0000,20040612 0000,1861, ,CFS
FOL,D,76,INFLOW,20040613 0000,20040613 0000,1673, ,CFS
FOL,D,76,INFLOW,20040614 0000,20040614 0000,1230, ,CFS
FOL,D,76,INFLOW,20040615 0000,20040615 0000,1695, ,CFS
FOL,D,76,INFLOW,20040616 0000,20040616 0000,2084, ,CFS
FOL,D,76,INFLOW,20040617 0000,20040617 0000,1418, ,CFS
FOL,D,76,INFLOW,20040618 0000,20040618 0000,1239, ,CFS
FOL,D,76,INFLOW,20040619 0000,20040619 0000,1192, ,CFS
FOL,D,76,INFLOW,20040620 0000,20040620 0000,1010, ,CFS
FOL,D,76,INFLOW,20040621 0000,20040621 0000,406, ,CFS
FOL,D,76,INFLOW,20040622 0000,20040622 0000,1197, ,CFS
FOL,D,76,INFLOW,20040623 0000,20040623 0000,1369, ,CFS
FOL,D,76,INFLOW,20040624 0000,20040624 0000,1303, ,CFS
FOL,D,76,INFLOW,20040625 0000,20040625 0000,1342, ,CFS
FOL,D,76,INFLOW,20040626 0000,20040626 0000,1052, ,CFS
FOL,D,76,INFLOW,20040627 0000,20040627 0000,1115, ,CFS
FOL,D,76,INFLOW,20040628 0000,20040628 0000,1233, ,CFS
FOL,D,76,INFLOW,20040629 0000,20040629 0000,969, ,CFS
FOL,D,76,INFLOW,20040630 0000,20040630 0000,997, ,CFS
FOL,D,76,INFLOW,20040701 0000,20040701 0000,842, ,CFS
FOL,D,76,INFLOW,20040702 0000,20040702 0000,1276, ,CFS
FOL,D,76,INFLOW,20040703 0000,20040703 0000,1205, ,CFS
FOL,D,76,INFLOW,20040704 0000,20040704 0000,1255, ,CFS
FOL,D,76,INFLOW,20040705 0000,20040705 0000,1062, ,CFS
FOL,D,76,INFLOW,20040706 0000,20040706 0000,1234, ,CFS
FOL,D,76,INFLOW,20040707 0000,20040707 0000,1448, ,CFS
FOL,D,76,INFLOW,20040708 0000,20040708 0000,1178, ,CFS
FOL,D,76,INFLOW,20040709 0000,20040709 0000,1070, ,CFS
FOL,D,76,INFLOW,20040710 0000,20040710 0000,1101, ,CFS
FOL,D,76,INFLOW,20040711 0000,20040711 0000,1376, ,CFS
FOL,D,76,INFLOW,20040712 0000,20040712 0000,1275, ,CFS
FOL,D,76,INFLOW,20040713 0000,20040713 0000,1088, ,CFS
FOL,D,76,INFLOW,20040714 0000,20040714 0000,1024, ,CFS
FOL,D,76,INFLOW,20040715 0000,20040715 0000,1350, ,CFS
FOL,D,76,INFLOW,20040716 0000,20040716 0000,2029, ,CFS
FOL,D,76,INFLOW,20040717 0000,20040717 0000,1978, ,CFS
FOL,D,76,INFLOW,20040718 0000,20040718 0000,1573, ,CFS
FOL,D,76,INFLOW,20040719 0000,20040719 0000,1662, ,CFS
FOL,D,76,INFLOW,20040720 0000,20040720 0000,1528, ,CFS
FOL,D,76,INFLOW,20040721 0000,20040721 0000,1725, ,CFS
FOL,D,76,INFLOW,20040722 0000,20040722 0000,1727, ,CFS
FOL,D,76,INFLOW,20040723 0000,20040723 0000,1353, ,CFS
FOL,D,76,INFLOW,20040724 0000,20040724 0000,1761, ,CFS
FOL,D,76,INFLOW,20040725 0000,20040725 0000,1452, ,CFS
FOL,D,76,INFLOW,20040726 0000,20040726 0000,1652, ,CFS
FOL,D,76,INFLOW,20040727 0000,20040727 0000,1357, ,CFS
FOL,D,76,INFLOW,20040728 0000,20040728 0000,1077, ,CFS
FOL,D,76,INFLOW,20040729 0000,20040729 0000,1338, ,CFS
FOL,D,76,INFLOW,20040730 0000,20040730 0000,1641, ,CFS
FOL,D,76,INFLOW,20040731 0000,20040731 0000,1528, ,CFS
FOL,D,76,INFLOW,20040801 0000,20040801 0000,1082, ,CFS
FOL,D,76,INFLOW,20040802 0000,20040802 0000,1068, ,CFS
FOL,D,76,INFLOW,20040803 0000,20040803 0000,1389, ,CFS
FOL,D,76,INFLOW,20040804 0000,20040804 0000,1920, ,CFS
FOL,D,76,INFLOW,20040805 0000,20040805 0000,2222, ,CFS
FOL,D,76,INFLOW,20040806 0000,20040806 0000,985, ,CFS
FOL,D,76,INFLOW,20040807 0000,20040807 0000,1797, ,CFS
FOL,D,76,INFLOW,20040808 0000,20040808 0000,1888, ,CFS
FOL,D,76,INFLOW,20040809 0000,20040809 0000,1523, ,CFS
FOL,D,76,INFLOW,20040810 0000,20040810 0000,1405, ,CFS
FOL,D,76,INFLOW,20040811 0000,20040811 0000,1655, ,CFS
FOL,D,76,INFLOW,20040812 0000,20040812 0000,2088, ,CFS
FOL,D,76,INFLOW,20040813 0000,20040813 0000,1647, ,CFS
FOL,D,76,INFLOW,20040814 0000,20040814 0000,1532, ,CFS
FOL,D,76,INFLOW,20040815 0000,20040815 0000,1123, ,CFS
FOL,D,76,INFLOW,20040816 0000,20040816 0000,1241, ,CFS
FOL,D,76,INFLOW,20040817 0000,20040817 0000,1885, ,CFS
FOL,D,76,INFLOW,20040818 0000,20040818 0000,1973, ,CFS
FOL,D,76,INFLOW,20040819 0000,20040819 0000,1383, ,CFS
FOL,D,76,INFLOW,20040820 0000,20040820 0000,1663, ,CFS
FOL,D,76,INFLOW,20040821 0000,20040821 0000,1953, ,CFS
FOL,D,76,INFLOW,20040822 0000,20040822 0000,1404, ,CFS
FOL,D,76,INFLOW,20040823 0000,20040823 0000,1105, ,CFS
FOL,D,76,INFLOW,20040824 0000,20040824 0000,1402, ,CFS
FOL,D,76,INFLOW,20040825 0000,20040825 0000,1218, ,CFS
FOL,D,76,INFLOW,20040826 0000,20040826 0000,1866, ,CFS
FOL,D,76,INFLOW,20040827 0000,20040827 0000,1239, ,CFS
FOL,D,76,INFLOW,20040828 0000,20040828 0000,1826, ,CFS
FOL,D,76,INFLOW,20040829 0000,20040829 0000,1247, ,CFS
FOL,D,76,INFLOW,20040830 0000,20040830 0000,1437, ,CFS
FOL,D,76,INFLOW,20040831 0000,20040831 0000,1485, ,CFS
FOL,D,76,INFLOW,20040901 0000,20040901 0000,1725, ,CFS
FOL,D,76,INFLOW,20040902 0000,20040902 0000,1626, ,CFS
FOL,D,76,INFLOW,20040903 0000,20040903 0000,1043, ,CFS
FOL,D,76,INFLOW,20040904 0000,20040904 0000,2293, ,CFS
FOL,D,76,INFLOW,20040905 0000,20040905 0000,1861, ,CFS
FOL,D,76,INFLOW,20040906 0000,20040906 0000,2004, ,CFS
FOL,D,76,INFLOW,20040907 0000,20040907 0000,1774, ,CFS
FOL,D,76,INFLOW,20040908 0000,20040908 0000,1474, ,CFS
FOL,D,76,INFLOW,20040909 0000,20040909 0000,1522, ,CFS
FOL,D,76,INFLOW,20040910 0000,20040910 0000,1495, ,CFS
FOL,D,76,INFLOW,20040911 0000,20040911 0000,1462, ,CFS
FOL,D,76,INFLOW,20040912 0000,20040912 0000,1746, ,CFS
FOL,D,76,INFLOW,20040913 0000,20040913 0000,1036, ,CFS
FOL,D,76,INFLOW,20040914 0000,20040914 0000,1401, ,CFS
FOL,D,76,INFLOW,20040915 0000,20040915 0000,1165, ,CFS
FOL,D,76,INFLOW,20040916 0000,20040916 0000,1910, ,CFS
FOL,D,76,INFLOW,20040917 0000,20040917 0000,1359, ,CFS
FOL,D,76,INFLOW,20040918 0000,20040918 0000,1215, ,CFS
FOL,D,76,INFLOW,20040919 0000,20040919 0000,1280, ,CFS
FOL,D,76,INFLOW,20040920 0000,20040920 0000,975, ,CFS
FOL,D,76,INFLOW,20040921 0000,20040921 0000,1531, ,CFS
FOL,D,76,INFLOW,20040922 0000,20040922 0000,2042, ,CFS
FOL,D,76,INFLOW,20040923 0000,20040923 0000,2259, ,CFS
FOL,D,76,INFLOW,20040924 0000,20040924 0000,1792, ,CFS
FOL,D,76,INFLOW,20040925 0000,20040925 0000,1719, ,CFS
FOL,D,76,INFLOW,20040926 0000,20040926 0000,1692, ,CFS
FOL,D,76,INFLOW,20040927 0000,20040927 0000,1356, ,CFS
FOL,D,76,INFLOW,20040928 0000,20040928 0000,1774, ,CFS
FOL,D,76,INFLOW,20040929 0000,20040929 0000,1526, ,CFS
FOL,D,76,INFLOW,20040930 0000,20040930 0000,1140, ,CFS
FOL,D,76,INFLOW,20041001 0000,20041001 0000,1242, ,CFS
FOL,D,76,INFLOW,20041002 0000,20041002 0000,1115, ,CFS
FOL,D,76,INFLOW,20041003 0000,20041003 0000,977, ,CFS
FOL,D,76,INFLOW,20041004 0000,20041004 0000,1020, ,CFS
FOL,D,76,INFLOW,20041005 0000,20041005 0000,824, ,CFS
FOL,D,76,INFLOW,20041006 0000,20041006 0000,844, ,CFS
FOL,D,76,INFLOW,20041007 0000,20041007 0000,1123, ,CFS
FOL,D,76,INFLOW,20041008 0000,20041008 0000,1067, ,CFS
FOL,D,76,INFLOW,20041009 0000,20041009 0000,259, ,CFS
FOL,D,76,INFLOW,20041010 0000,20041010 0000,435, ,CFS
FOL,D,76,INFLOW,20041011 0000,20041011 0000,766, ,CFS
FOL,D,76,INFLOW,20041012 0000,20041012 0000,754, ,CFS
FOL,D,76,INFLOW,20041013 0000,20041013 0000,613, ,CFS
FOL,D,76,INFLOW,20041014 0000,20041014 0000,400, ,CFS
FOL,D,76,INFLOW,20041015 0000,20041015 0000,287, ,CFS
FOL,D,76,INFLOW,20041016 0000,20041016 0000,1630, ,CFS
FOL,D,76,INFLOW,20041017 0000,20041017 0000,925, ,CFS
FOL,D,76,INFLOW,20041018 0000,20041018 0000,957, ,CFS
FOL,D,76,INFLOW,20041019 0000,20041019 0000,2202, ,CFS
FOL,D,76,INFLOW,20041020 0000,20041020 0000,2375, ,CFS
FOL,D,76,INFLOW,20041021 0000,20041021 0000,2067, ,CFS
FOL,D,76,INFLOW,20041022 0000,20041022 0000,1873, ,CFS
FOL,D,76,INFLOW,20041023 0000,20041023 0000,1628, ,CFS
FOL,D,76,INFLOW,20041024 0000,20041024 0000,1362, ,CFS
FOL,D,76,INFLOW,20041025 0000,20041025 0000,1723, ,CFS
FOL,D,76,INFLOW,20041026 0000,20041026 0000,2679, ,CFS
FOL,D,76,INFLOW,20041027 0000,20041027 0000,2367, ,CFS
FOL,D,76,INFLOW,20041028 0000,20041028 0000,2060, ,CFS
FOL,D,76,INFLOW,20041029 0000,20041029 0000,1712, ,CFS
FOL,D,76,INFLOW,20041030 0000,20041030 0000,1438, ,CFS
FOL,D,76,INFLOW,20041031 0000,20041031 0000,1099, ,CFS
FOL,D,76,INFLOW,20041101 0000,20041101 0000,1125, ,CFS
FOL,D,76,INFLOW,20041102 0000,20041102 0000,731, ,CFS
FOL,D,76,INFLOW,20041103 0000,20041103 0000,966, ,CFS
FOL,D,76,INFLOW,20041104 0000,20041104 0000,987, ,CFS
FOL,D,76,INFLOW,20041105 0000,20041105 0000,839, ,CFS
FOL,D,76,INFLOW,20041106 0000,20041106 0000,833, ,CFS
FOL,D,76,INFLOW,20041107 0000,20041107 0000,536, ,CFS
FOL,D,76,INFLOW,20041108 0000,20041108 0000,527, ,CFS
FOL,D,76,INFLOW,20041109 0000,20041109 0000,1110, ,CFS
FOL,D,76,INFLOW,20041110 0000,20041110 0000,1297, ,CFS
FOL,D,76,INFLOW,20041111 0000,20041111 0000,1874, ,CFS
FOL,D,76,INFLOW,20041112 0000,20041112 0000,1870, ,CFS
FOL,D,76,INFLOW,20041113 0000,20041113 0000,1653, ,CFS
FOL,D,76,INFLOW,20041114 0000,20041114 0000,1471, ,CFS
FOL,D,76,INFLOW,20041115 0000,20041115 0000,1356, ,CFS
FOL,D,76,INFLOW,20041116 0000,20041116 0000,1338, ,CFS
FOL,D,76,INFLOW,20041117 0000,20041117 0000,1176, ,CFS
FOL,D,76,INFLOW,20041118 0000,20041118 0000,1213, ,CFS
FOL,D,76,INFLOW,20041119 0000,20041119 0000,1336, ,CFS
FOL,D,76,INFLOW,20041120 0000,20041120 0000,1190, ,CFS
FOL,D,76,INFLOW,20041121 0000,20041121 0000,1166, ,CFS
FOL,D,76,INFLOW,20041122 0000,20041122 0000,1441, ,CFS
FOL,D,76,INFLOW,20041123 0000,20041123 0000,1332, ,CFS
FOL,D,76,INFLOW,20041124 0000,20041124 0000,1259, ,CFS
FOL,D,76,INFLOW,20041125 0000,20041125 0000,1290, ,CFS
FOL,D,76,INFLOW,20041126 0000,20041126 0000,1175, ,CFS
FOL,D,76,INFLOW,20041127 0000,20041127 0000,2327, ,CFS
FOL,D,76,INFLOW,20041128 0000,20041128 0000,1669, ,CFS
FOL,D,76,INFLOW,20041129 0000,20041129 0000,1636, ,CFS
FOL,D,76,INFLOW,20041130 0000,20041130 0000,1684, ,CFS
FOL,D,76,INFLOW,20041201 0000,20041201 0000,1660, ,CFS
FOL,D,76,INFLOW,20041202 0000,20041202 0000,1741, ,CFS
FOL,D,76,INFLOW,20041203 0000,20041203 0000,1695, ,CFS
FOL,D,76,INFLOW,20041204 0000,20041204 0000,1754, ,CFS
FOL,D,76,INFLOW,20041205 0000,20041205 0000,1534, ,CFS
FOL,D,76,INFLOW,20041206 0000,20041206 0000,1701, ,CFS
FOL,D,76,INFLOW,20041207 0000,20041207 0000,2075, ,CFS
FOL,D,76,INFLOW,20041208 0000,20041208 0000,4653, ,CFS
FOL,D,76,INFLOW,20041209 0000,20041209 0000,4878, ,CFS
FOL,D,76,INFLOW,20041210 0000,20041210 0000,3774, ,CFS
FOL,D,76,INFLOW,20041211 0000,20041211 0000,2727, ,CFS
FOL,D,76,INFLOW,20041212 0000,20041212 0000,2501, ,CFS
FOL,D,76,INFLOW,20041213 0000,20041213 0000,2288, ,CFS
FOL,D,76,INFLOW,20041214 0000,20041214 0000,2720, ,CFS
FOL,D,76,INFLOW,20041215 0000,20041215 0000,2331, ,CFS
FOL,D,76,INFLOW,20041216 0000,20041216 0000,2030, ,CFS
FOL,D,76,INFLOW,20041217 0000,20041217 0000,2128, ,CFS
FOL,D,76,INFLOW,20041218 0000,20041218 0000,2482, ,CFS
FOL,D,76,INFLOW,20041219 0000,20041219 0000,2580, ,CFS
FOL,D,76,INFLOW,20041220 0000,20041220 0000,2840, ,CFS
FOL,D,76,INFLOW,20041221 0000,20041221 0000,1949, ,CFS
FOL,D,76,INFLOW,20041222 0000,20041222 0000,1477, ,CFS
FOL,D,76,INFLOW,20041223 0000,20041223 0000,1723, ,CFS
FOL,D,76,INFLOW,20041224 0000,20041224 0000,1689, ,CFS
FOL,D,76,INFLOW,20041225 0000,20041225 0000,1458, ,CFS
FOL,D,76,INFLOW,20041226 0000,20041226 0000,1148, ,CFS
FOL,D,76,INFLOW,20041227 0000,20041227 0000,1662, ,CFS
FOL,D,76,INFLOW,20041228 0000,20041228 0000,1927, ,CFS
FOL,D,76,INFLOW,20041229 0000,20041229 0000,2660, ,CFS
FOL,D,76,INFLOW,20041230 0000,20041230 0000,8660, ,CFS
FOL,D,76,INFLOW,20041231 0000,20041231 0000,11966, ,CFS
FOL,D,76,INFLOW,20050101 0000,20050101 0000,7343, ,CFS
FOL,D,76,INFLOW,20050102 0000,20050102 0000,5183, ,CFS
FOL,D,76,INFLOW,20050103 0000,20050103 0000,4464, ,CFS
FOL,D,76,INFLOW,20050104 0000,20050104 0000,2828, ,CFS
FOL,D,76,INFLOW,20050105 0000,20050105 0000,2627, ,CFS
FOL,D,76,INFLOW,20050106 0000,20050106 0000,2783, ,CFS
FOL,D,76,INFLOW,20050107 0000,20050107 0000,3351, ,CFS
FOL,D,76,INFLOW,20050108 0000,20050108 0000,8953, ,CFS
FOL,D,76,INFLOW,20050109 0000,20050109 0000,8866, ,CFS
FOL,D,76,INFLOW,20050110 0000,20050110 0000,7082, ,CFS
FOL,D,76,INFLOW,20050111 0000,20050111 0000,10760, ,CFS
FOL,D,76,INFLOW,20050112 0000,20050112 0000,6647, ,CFS
FOL,D,76,INFLOW,20050113 0000,20050113 0000,4777, ,CFS
FOL,D,76,INFLOW,20050114 0000,20050114 0000,4232, ,CFS
FOL,D,76,INFLOW,20050115 0000,20050115 0000,3798, ,CFS
FOL,D,76,INFLOW,20050116 0000,20050116 0000,2557, ,CFS
FOL,D,76,INFLOW,20050117 0000,20050117 0000,3149, ,CFS
FOL,D,76,INFLOW,20050118 0000,20050118 0000,2871, ,CFS
FOL,D,76,INFLOW,20050119 0000,20050119 0000,2888, ,CFS
FOL,D,76,INFLOW,20050120 0000,20050120 0000,3070, ,CFS
FOL,D,76,INFLOW,20050121 0000,20050121 0000,3114, ,CFS
FOL,D,76,INFLOW,20050122 0000,20050122 0000,3230, ,CFS
FOL,D,76,INFLOW,20050123 0000,20050123 0000,3394, ,CFS
FOL,D,76,INFLOW,20050124 0000,20050124 0000,3738, ,CFS
FOL,D,76,INFLOW,20050125 0000,20050125 0000,3604, ,CFS
FOL,D,76,INFLOW,20050126 0000,20050126 0000,4562, ,CFS
FOL,D,76,INFLOW,20050127 0000,20050127 0000,5464, ,CFS
FOL,D,76,INFLOW,20050128 0000,20050128 0000,6744, ,CFS
FOL,D,76,INFLOW,20050129 0000,20050129 0000,4915, ,CFS
FOL,D,76,INFLOW,20050130 0000,20050130 0000,3589, ,CFS
FOL,D,76,INFLOW,20050131 0000,20050131 0000,4075, ,CFS
FOL,D,76,INFLOW,20050201 0000,20050201 0000,3611, ,CFS
FOL,D,76,INFLOW,20050202 0000,20050202 0000,3720, ,CFS
FOL,D,76,INFLOW,20050203 0000,20050203 0000,3842, ,CFS
FOL,D,76,INFLOW,20050204 0000,20050204 0000,3822, ,CFS
FOL,D,76,INFLOW,20050205 0000,20050205 0000,3611, ,CFS
FOL,D,76,INFLOW,20050206 0000,20050206 0000,3536, ,CFS
FOL,D,76,INFLOW,20050207 0000,20050207 0000,3544, ,CFS
FOL,D,76,INFLOW,20050208 0000,20050208 0000,3349, ,CFS
FOL,D,76,INFLOW,20050209 0000,20050209 0000,3813, ,CFS
FOL,D,76,INFLOW,20050210 0000,20050210 0000,3345, ,CFS
FOL,D,76,INFLOW,20050211 0000,20050211 0000,3836, ,CFS
FOL,D,76,INFLOW,20050212 0000,20050212 0000,3400, ,CFS
FOL,D,76,INFLOW,20050213 0000,20050213 0000,2991, ,CFS
FOL,D,76,INFLOW,20050214 0000,20050214 0000,3704, ,CFS
FOL,D,76,INFLOW,20050215 0000,20050215 0000,4681, ,CFS
FOL,D,76,INFLOW,20050216 0000,20050216 0000,4501, ,CFS
FOL,D,76,INFLOW,20050217 0000,20050217 0000,5395, ,CFS
FOL,D,76,INFLOW,20050218 0000,20050218 0000,4721, ,CFS
FOL,D,76,INFLOW,20050219 0000,20050219 0000,3728, ,CFS
FOL,D,76,INFLOW,20050220 0000,20050220 0000,5960, ,CFS
FOL,D,76,INFLOW,20050221 0000,20050221 0000,5068, ,CFS
FOL,D,76,INFLOW,20050222 0000,20050222 0000,6795, ,CFS
FOL,D,76,INFLOW,20050223 0000,20050223 0000,6130, ,CFS
FOL,D,76,INFLOW,20050224 0000,20050224 0000,5658, ,CFS
FOL,D,76,INFLOW,20050225 0000,20050225 0000,4428, ,CFS
FOL,D,76,INFLOW,20050226 0000,20050226 0000,3957, ,CFS
FOL,D,76,INFLOW,20050227 0000,20050227 0000,4013, ,CFS
FOL,D,76,INFLOW,20050228 0000,20050228 0000,5005, ,CFS
FOL,D,76,INFLOW,20050301 0000,20050301 0000,5009, ,CFS
FOL,D,76,INFLOW,20050302 0000,20050302 0000,7306, ,CFS
FOL,D,76,INFLOW,20050303 0000,20050303 0000,6126, ,CFS
FOL,D,76,INFLOW,20050304 0000,20050304 0000,5970, ,CFS
FOL,D,76,INFLOW,20050305 0000,20050305 0000,5107, ,CFS
FOL,D,76,INFLOW,20050306 0000,20050306 0000,4398, ,CFS
FOL,D,76,INFLOW,20050307 0000,20050307 0000,4267, ,CFS
FOL,D,76,INFLOW,20050308 0000,20050308 0000,4856, ,CFS
FOL,D,76,INFLOW,20050309 0000,20050309 0000,4474, ,CFS
FOL,D,76,INFLOW,20050310 0000,20050310 0000,5200, ,CFS
FOL,D,76,INFLOW,20050311 0000,20050311 0000,4703, ,CFS
FOL,D,76,INFLOW,20050312 0000,20050312 0000,4560, ,CFS
FOL,D,76,INFLOW,20050313 0000,20050313 0000,4752, ,CFS
FOL,D,76,INFLOW,20050314 0000,20050314 0000,4539, ,CFS
FOL,D,76,INFLOW,20050315 0000,20050315 0000,4452, ,CFS
FOL,D,76,INFLOW,20050316 0000,20050316 0000,3974, ,CFS
FOL,D,76,INFLOW,20050317 0000,20050317 0000,3879, ,CFS
FOL,D,76,INFLOW,20050318 0000,20050318 0000,3890, ,CFS
FOL,D,76,INFLOW,20050319 0000,20050319 0000,3985, ,CFS
FOL,D,76,INFLOW,20050320 0000,20050320 0000,6101, ,CFS
FOL,D,76,INFLOW,20050321 0000,20050321 0000,6846, ,CFS
FOL,D,76,INFLOW,20050322 0000,20050322 0000,14376, ,CFS
FOL,D,76,INFLOW,20050323 0000,20050323 0000,25860, ,CFS
FOL,D,76,INFLOW,20050324 0000,20050324 0000,16553, ,CFS
FOL,D,76,INFLOW,20050325 0000,20050325 0000,9883, ,CFS
FOL,D,76,INFLOW,20050326 0000,20050326 0000,7256, ,CFS
FOL,D,76,INFLOW,20050327 0000,20050327 0000,6441, ,CFS
FOL,D,76,INFLOW,20050328 0000,20050328 0000,11990, ,CFS
FOL,D,76,INFLOW,20050329 0000,20050329 0000,12228, ,CFS
FOL,D,76,INFLOW,20050330 0000,20050330 0000,10629, ,CFS
FOL,D,76,INFLOW,20050331 0000,20050331 0000,9496, ,CFS
FOL,D,76,INFLOW,20050401 0000,20050401 0000,8478, ,CFS
FOL,D,76,INFLOW,20050402 0000,20050402 0000,7392, ,CFS
FOL,D,76,INFLOW,20050403 0000,20050403 0000,7214, ,CFS
FOL,D,76,INFLOW,20050404 0000,20050404 0000,7762, ,CFS
FOL,D,76,INFLOW,20050405 0000,20050405 0000,7644, ,CFS
FOL,D,76,INFLOW,20050406 0000,20050406 0000,6881, ,CFS
FOL,D,76,INFLOW,20050407 0000,20050407 0000,7628, ,CFS
FOL,D,76,INFLOW,20050408 0000,20050408 0000,9174, ,CFS
FOL,D,76,INFLOW,20050409 0000,20050409 0000,7296, ,CFS
FOL,D,76,INFLOW,20050410 0000,20050410 0000,6400, ,CFS
FOL,D,76,INFLOW,20050411 0000,20050411 0000,7590, ,CFS
FOL,D,76,INFLOW,20050412 0000,20050412 0000,7465, ,CFS
FOL,D,76,INFLOW,20050413 0000,20050413 0000,6857, ,CFS
FOL,D,76,INFLOW,20050414 0000,20050414 0000,6906, ,CFS
FOL,D,76,INFLOW,20050415 0000,20050415 0000,6639, ,CFS
FOL,D,76,INFLOW,20050416 0000,20050416 0000,5943, ,CFS
FOL,D,76,INFLOW,20050417 0000,20050417 0000,6275, ,CFS
FOL,D,76,INFLOW,20050418 0000,20050418 0000,7831, ,CFS
FOL,D,76,INFLOW,20050419 0000,20050419 0000,7012, ,CFS
FOL,D,76,INFLOW,20050420 0000,20050420 0000,6419, ,CFS
FOL,D,76,INFLOW,20050421 0000,20050421 0000,6274, ,CFS
FOL,D,76,INFLOW,20050422 0000,20050422 0000,5468, ,CFS
FOL,D,76,INFLOW,20050423 0000,20050423 0000,5449, ,CFS
FOL,D,76,INFLOW,20050424 0000,20050424 0000,5396, ,CFS
FOL,D,76,INFLOW,20050425 0000,20050425 0000,6362, ,CFS
FOL,D,76,INFLOW,20050426 0000,20050426 0000,6173, ,CFS
FOL,D,76,INFLOW,20050427 0000,20050427 0000,6495, ,CFS
FOL,D,76,INFLOW,20050428 0000,20050428 0000,6778, ,CFS
FOL,D,76,INFLOW,20050429 0000,20050429 0000,6622, ,CFS
FOL,D,76,INFLOW,20050430 0000,20050430 0000,6517, ,CFS
FOL,D,76,INFLOW,20050501 0000,20050501 0000,6606, ,CFS
FOL,D,76,INFLOW,20050502 0000,20050502 0000,6706, ,CFS
FOL,D,76,INFLOW,20050503 0000,20050503 0000,6336, ,CFS
FOL,D,76,INFLOW,20050504 0000,20050504 0000,5947, ,CFS
FOL,D,76,INFLOW,20050505 0000,20050505 0000,7198, ,CFS
FOL,D,76,INFLOW,20050506 0000,20050506 0000,7557, ,CFS
FOL,D,76,INFLOW,20050507 0000,20050507 0000,7240, ,CFS
FOL,D,76,INFLOW,20050508 0000,20050508 0000,6692, ,CFS
FOL,D,76,INFLOW,20050509 0000,20050509 0000,11797, ,CFS
FOL,D,76,INFLOW,20050510 0000,20050510 0000,10320, ,CFS
FOL,D,76,INFLOW,20050511 0000,20050511 0000,8794, ,CFS
FOL,D,76,INFLOW,20050512 0000,20050512 0000,7147, ,CFS
FOL,D,76,INFLOW,20050513 0000,20050513 0000,7951, ,CFS
FOL,D,76,INFLOW,20050514 0000,20050514 0000,8356, ,CFS
FOL,D,76,INFLOW,20050515 0000,20050515 0000,9047, ,CFS
FOL,D,76,INFLOW,20050516 0000,20050516 0000,11819, ,CFS
FOL,D,76,INFLOW,20050517 0000,20050517 0000,12881, ,CFS
FOL,D,76,INFLOW,20050518 0000,20050518 0000,10917, ,CFS
FOL,D,76,INFLOW,20050519 0000,20050519 0000,28175, ,CFS
FOL,D,76,INFLOW,20050520 0000,20050520 0000,21882, ,CFS
FOL,D,76,INFLOW,20050521 0000,20050521 0000,16289, ,CFS
FOL,D,76,INFLOW,20050522 0000,20050522 0000,13554, ,CFS
FOL,D,76,INFLOW,20050523 0000,20050523 0000,13257, ,CFS
FOL,D,76,INFLOW,20050524 0000,20050524 0000,13139, ,CFS
FOL,D,76,INFLOW,20050525 0000,20050525 0000,12397, ,CFS
FOL,D,76,INFLOW,20050526 0000,20050526 0000,13761, ,CFS
FOL,D,76,INFLOW,20050527 0000,20050527 0000,14474, ,CFS
FOL,D,76,INFLOW,20050528 0000,20050528 0000,14906, ,CFS
FOL,D,76,INFLOW,20050529 0000,20050529 0000,13245, ,CFS
FOL,D,76,INFLOW,20050530 0000,20050530 0000,11293, ,CFS
FOL,D,76,INFLOW,20050531 0000,20050531 0000,10922, ,CFS
FOL,D,76,INFLOW,20050601 0000,20050601 0000,11032, ,CFS
FOL,D,76,INFLOW,20050602 0000,20050602 0000,11263, ,CFS
FOL,D,76,INFLOW,20050603 0000,20050603 0000,9970, ,CFS
FOL,D,76,INFLOW,20050604 0000,20050604 0000,9117, ,CFS
FOL,D,76,INFLOW,20050605 0000,20050605 0000,9078, ,CFS
FOL,D,76,INFLOW,20050606 0000,20050606 0000,8669, ,CFS
FOL,D,76,INFLOW,20050607 0000,20050607 0000,7560, ,CFS
FOL,D,76,INFLOW,20050608 0000,20050608 0000,7357, ,CFS
FOL,D,76,INFLOW,20050609 0000,20050609 0000,10846, ,CFS
FOL,D,76,INFLOW,20050610 0000,20050610 0000,10549, ,CFS
FOL,D,76,INFLOW,20050611 0000,20050611 0000,9140, ,CFS
FOL,D,76,INFLOW,20050612 0000,20050612 0000,8423, ,CFS
FOL,D,76,INFLOW,20050613 0000,20050613 0000,8334, ,CFS
FOL,D,76,INFLOW,20050614 0000,20050614 0000,7580, ,CFS
FOL,D,76,INFLOW,20050615 0000,20050615 0000,7524, ,CFS
FOL,D,76,INFLOW,20050616 0000,20050616 0000,7336, ,CFS
FOL,D,76,INFLOW,20050617 0000,20050617 0000,7748, ,CFS
FOL,D,76,INFLOW,20050618 0000,20050618 0000,7500, ,CFS
FOL,D,76,INFLOW,20050619 0000,20050619 0000,6591, ,CFS
FOL,D,76,INFLOW,20050620 0000,20050620 0000,6390, ,CFS
FOL,D,76,INFLOW,20050621 0000,20050621 0000,5588, ,CFS
FOL,D,76,INFLOW,20050622 0000,20050622 0000,4939, ,CFS
FOL,D,76,INFLOW,20050623 0000,20050623 0000,5164, ,CFS
FOL,D,76,INFLOW,20050624 0000,20050624 0000,4651, ,CFS
FOL,D,76,INFLOW,20050625 0000,20050625 0000,4654, ,CFS
FOL,D,76,INFLOW,20050626 0000,20050626 0000,4220, ,CFS
FOL,D,76,INFLOW,20050627 0000,20050627 0000,3917, ,CFS
FOL,D,76,INFLOW,20050628 0000,20050628 0000,3559, ,CFS
FOL,D,76,INFLOW,20050629 0000,20050629 0000,4182, ,CFS
FOL,D,76,INFLOW,20050630 0000,20050630 0000,4261, ,CFS
FOL,D,76,INFLOW,20050701 0000,20050701 0000,3580, ,CFS
FOL,D,76,INFLOW,20050702 0000,20050702 0000,4122, ,CFS
FOL,D,76,INFLOW,20050703 0000,20050703 0000,3645, ,CFS
FOL,D,76,INFLOW,20050704 0000,20050704 0000,3727, ,CFS
FOL,D,76,INFLOW,20050705 0000,20050705 0000,3256, ,CFS
FOL,D,76,INFLOW,20050706 0000,20050706 0000,3900, ,CFS
FOL,D,76,INFLOW,20050707 0000,20050707 0000,2945, ,CFS
FOL,D,76,INFLOW,20050708 0000,20050708 0000,2122, ,CFS
FOL,D,76,INFLOW,20050709 0000,20050709 0000,2545, ,CFS
FOL,D,76,INFLOW,20050710 0000,20050710 0000,2522, ,CFS
FOL,D,76,INFLOW,20050711 0000,20050711 0000,2250, ,CFS
FOL,D,76,INFLOW,20050712 0000,20050712 0000,2784, ,CFS
FOL,D,76,INFLOW,20050713 0000,20050713 0000,3005, ,CFS
FOL,D,76,INFLOW,20050714 0000,20050714 0000,2875, ,CFS
FOL,D,76,INFLOW,20050715 0000,20050715 0000,3045, ,CFS
FOL,D,76,INFLOW,20050716 0000,20050716 0000,2391, ,CFS
FOL,D,76,INFLOW,20050717 0000,20050717 0000,2507, ,CFS
FOL,D,76,INFLOW,20050718 0000,20050718 0000,2384, ,CFS
FOL,D,76,INFLOW,20050719 0000,20050719 0000,2564, ,CFS
FOL,D,76,INFLOW,20050720 0000,20050720 0000,2901, ,CFS
FOL,D,76,INFLOW,20050721 0000,20050721 0000,1871, ,CFS
FOL,D,76,INFLOW,20050722 0000,20050722 0000,1700, ,CFS
FOL,D,76,INFLOW,20050723 0000,20050723 0000,1961, ,CFS
FOL,D,76,INFLOW,20050724 0000,20050724 0000,2084, ,CFS
FOL,D,76,INFLOW,20050725 0000,20050725 0000,2381, ,CFS
FOL,D,76,INFLOW,20050726 0000,20050726 0000,1918, ,CFS
FOL,D,76,INFLOW,20050727 0000,20050727 0000,1648, ,CFS
FOL,D,76,INFLOW,20050728 0000,20050728 0000,1678, ,CFS
FOL,D,76,INFLOW,20050729 0000,20050729 0000,1754, ,CFS
FOL,D,76,INFLOW,20050730 0000,20050730 0000,1659, ,CFS
FOL,D,76,INFLOW,20050731 0000,20050731 0000,1835, ,CFS
FOL,D,76,INFLOW,20050801 0000,20050801 0000,1341, ,CFS
FOL,D,76,INFLOW,20050802 0000,20050802 0000,1773, ,CFS
FOL,D,76,INFLOW,20050803 0000,20050803 0000,2066, ,CFS
FOL,D,76,INFLOW,20050804 0000,20050804 0000,2037, ,CFS
FOL,D,76,INFLOW,20050805 0000,20050805 0000,2510, ,CFS
FOL,D,76,INFLOW,20050806 0000,20050806 0000,2150, ,CFS
FOL,D,76,INFLOW,20050807 0000,20050807 0000,2404, ,CFS
FOL,D,76,INFLOW,20050808 0000,20050808 0000,2340, ,CFS
FOL,D,76,INFLOW,20050809 0000,20050809 0000,1977, ,CFS
FOL,D,76,INFLOW,20050810 0000,20050810 0000,1701, ,CFS
FOL,D,76,INFLOW,20050811 0000,20050811 0000,1612, ,CFS
FOL,D,76,INFLOW,20050812 0000,20050812 0000,2357, ,CFS
FOL,D,76,INFLOW,20050813 0000,20050813 0000,---, ,CFS
FOL,D,76,INFLOW,20050814 0000,20050814 0000,1139, ,CFS
FOL,D,76,INFLOW,20050815 0000,20050815 0000,1274, ,CFS
FOL,D,76,INFLOW,20050816 0000,20050816 0000,2074, ,CFS
FOL,D,76,INFLOW,20050817 0000,20050817 0000,2396, ,CFS
FOL,D,76,INFLOW,20050818 0000,20050818 0000,1511, ,CFS
FOL,D,76,INFLOW,20050819 0000,20050819 0000,1339, ,CFS
FOL,D,76,INFLOW,20050820 0000,20050820 0000,1417, ,CFS
FOL,D,76,INFLOW,20050821 0000,20050821 0000,1556, ,CFS
FOL,D,76,INFLOW,20050822 0000,20050822 0000,1917, ,CFS
FOL,D,76,INFLOW,20050823 0000,20050823 0000,2468, ,CFS
FOL,D,76,INFLOW,20050824 0000,20050824 0000,1914, ,CFS
FOL,D,76,INFLOW,20050825 0000,20050825 0000,1884, ,CFS
FOL,D,76,INFLOW,20050826 0000,20050826 0000,2220, ,CFS
FOL,D,76,INFLOW,20050827 0000,20050827 0000,1740, ,CFS
FOL,D,76,INFLOW,20050828 0000,20050828 0000,1985, ,CFS
FOL,D,76,INFLOW,20050829 0000,20050829 0000,2150, ,CFS
FOL,D,76,INFLOW,20050830 0000,20050830 0000,1498, ,CFS
FOL,D,76,INFLOW,20050831 0000,20050831 0000,2133, ,CFS
FOL,D,76,INFLOW,20050901 0000,20050901 0000,2135, ,CFS
FOL,D,76,INFLOW,20050902 0000,20050902 0000,1821, ,CFS
FOL,D,76,INFLOW,20050903 0000,20050903 0000,1496, ,CFS
FOL,D,76,INFLOW,20050904 0000,20050904 0000,1448, ,CFS
FOL,D,76,INFLOW,20050905 0000,20050905 0000,1446, ,CFS
FOL,D,76,INFLOW,20050906 0000,20050906 0000,1787, ,CFS
FOL,D,76,INFLOW,20050907 0000,20050907 0000,1680, ,CFS
FOL,D,76,INFLOW,20050908 0000,20050908 0000,1438, ,CFS
FOL,D,76,INFLOW,20050909 0000,20050909 0000,1338, ,CFS
FOL,D,76,INFLOW,20050910 0000,20050910 0000,1377, ,CFS
FOL,D,76,INFLOW,20050911 0000,20050911 0000,1185, ,CFS
FOL,D,76,INFLOW,20050912 0000,20050912 0000,1250, ,CFS
FOL,D,76,INFLOW,20050913 0000,20050913 0000,1427, ,CFS
FOL,D,76,INFLOW,20050914 0000,20050914 0000,1331, ,CFS
FOL,D,76,INFLOW,20050915 0000,20050915 0000,1498, ,CFS
FOL,D,76,INFLOW,20050916 0000,20050916 0000,1294, ,CFS
FOL,D,76,INFLOW,20050917 0000,20050917 0000,1581, ,CFS
FOL,D,76,INFLOW,20050918 0000,20050918 0000,1637, ,CFS
FOL,D,76,INFLOW,20050919 0000,20050919 0000,1614, ,CFS
FOL,D,76,INFLOW,20050920 0000,20050920 0000,1569, ,CFS
FOL,D,76,INFLOW,20050921 0000,20050921 0000,993, ,CFS
FOL,D,76,INFLOW,20050922 0000,20050922 0000,1028, ,CFS
FOL,D,76,INFLOW,20050923 0000,20050923 0000,1033, ,CFS
FOL,D,76,INFLOW,20050924 0000,20050924 0000,925, ,CFS
FOL,D,76,INFLOW,20050925 0000,20050925 0000,1018, ,CFS
FOL,D,76,INFLOW,20050926 0000,20050926 0000,1985, ,CFS
FOL,D,76,INFLOW,20050927 0000,20050927 0000,1310, ,CFS
FOL,D,76,INFLOW,20050928 0000,20050928 0000,1117, ,CFS
FOL,D,76,INFLOW,20050929 0000,20050929 0000,1554, ,CFS
FOL,D,76,INFLOW,20050930 0000,20050930 0000,2014, ,CFS
FOL,D,76,INFLOW,20051001 0000,20051001 0000,2023, ,CFS
FOL,D,76,INFLOW,20051002 0000,20051002 0000,1823, ,CFS
FOL,D,76,INFLOW,20051003 0000,20051003 0000,1916, ,CFS
FOL,D,76,INFLOW,20051004 0000,20051004 0000,1443, ,CFS
FOL,D,76,INFLOW,20051005 0000,20051005 0000,1812, ,CFS
FOL,D,76,INFLOW,20051006 0000,20051006 0000,1839, ,CFS
FOL,D,76,INFLOW,20051007 0000,20051007 0000,1521, ,CFS
FOL,D,76,INFLOW,20051008 0000,20051008 0000,1374, ,CFS
FOL,D,76,INFLOW,20051009 0000,20051009 0000,910, ,CFS
FOL,D,76,INFLOW,20051010 0000,20051010 0000,974, ,CFS
FOL,D,76,INFLOW,20051011 0000,20051011 0000,1771, ,CFS
FOL,D,76,INFLOW,20051012 0000,20051012 0000,1609, ,CFS
FOL,D,76,INFLOW,20051013 0000,20051013 0000,1174, ,CFS
FOL,D,76,INFLOW,20051014 0000,20051014 0000,1059, ,CFS
FOL,D,76,INFLOW,20051015 0000,20051015 0000,905, ,CFS
FOL,D,76,INFLOW,20051016 0000,20051016 0000,539, ,CFS
FOL,D,76,INFLOW,20051017 0000,20051017 0000,298, ,CFS
FOL,D,76,INFLOW,20051018 0000,20051018 0000,720, ,CFS
FOL,D,76,INFLOW,20051019 0000,20051019 0000,470, ,CFS
FOL,D,76,INFLOW,20051020 0000,20051020 0000,714, ,CFS
FOL,D,76,INFLOW,20051021 0000,20051021 0000,685, ,CFS
FOL,D,76,INFLOW,20051022 0000,20051022 0000,789, ,CFS
FOL,D,76,INFLOW,20051023 0000,20051023 0000,937, ,CFS
FOL,D,76,INFLOW,20051024 0000,20051024 0000,872, ,CFS
FOL,D,76,INFLOW,20051025 0000,20051025 0000,1293, ,CFS
FOL,D,76,INFLOW,20051026 0000,20051026 0000,1709, ,CFS
FOL,D,76,INFLOW,20051027 0000,20051027 0000,1040, ,CFS
FOL,D,76,INFLOW,20051028 0000,20051028 0000,665, ,CFS
FOL,D,76,INFLOW,20051029 0000,20051029 0000,713, ,CFS
FOL,D,76,INFLOW,20051030 0000,20051030 0000,1341, ,CFS
FOL,D,76,INFLOW,20051031 0000,20051031 0000,1512, ,CFS
FOL,D,76,INFLOW,20051101 0000,20051101 0000,1446, ,CFS
FOL,D,76,INFLOW,20051102 0000,20051102 0000,1914, ,CFS
FOL,D,76,INFLOW,20051103 0000,20051103 0000,1508, ,CFS
FOL,D,76,INFLOW,20051104 0000,20051104 0000,1357, ,CFS
FOL,D,76,INFLOW,20051105 0000,20051105 0000,1410, ,CFS
FOL,D,76,INFLOW,20051106 0000,20051106 0000,1051, ,CFS
FOL,D,76,INFLOW,20051107 0000,20051107 0000,1056, ,CFS
FOL,D,76,INFLOW,20051108 0000,20051108 0000,938, ,CFS
FOL,D,76,INFLOW,20051109 0000,20051109 0000,1204, ,CFS
FOL,D,76,INFLOW,20051110 0000,20051110 0000,1183, ,CFS
FOL,D,76,INFLOW,20051111 0000,20051111 0000,1524, ,CFS
FOL,D,76,INFLOW,20051112 0000,20051112 0000,1560, ,CFS
FOL,D,76,INFLOW,20051113 0000,20051113 0000,1596, ,CFS
FOL,D,76,INFLOW,20051114 0000,20051114 0000,1501, ,CFS
FOL,D,76,INFLOW,20051115 0000,20051115 0000,1711, ,CFS
FOL,D,76,INFLOW,20051116 0000,20051116 0000,1515, ,CFS
FOL,D,76,INFLOW,20051117 0000,20051117 0000,1883, ,CFS
FOL,D,76,INFLOW,20051118 0000,20051118 0000,2040, ,CFS
FOL,D,76,INFLOW,20051119 0000,20051119 0000,1652, ,CFS
FOL,D,76,INFLOW,20051120 0000,20051120 0000,1264, ,CFS
FOL,D,76,INFLOW,20051121 0000,20051121 0000,1553, ,CFS
FOL,D,76,INFLOW,20051122 0000,20051122 0000,1864, ,CFS
FOL,D,76,INFLOW,20051123 0000,20051123 0000,1658, ,CFS
FOL,D,76,INFLOW,20051124 0000,20051124 0000,1614, ,CFS
FOL,D,76,INFLOW,20051125 0000,20051125 0000,1325, ,CFS
FOL,D,76,INFLOW,20051126 0000,20051126 0000,967, ,CFS
FOL,D,76,INFLOW,20051127 0000,20051127 0000,1315, ,CFS
FOL,D,76,INFLOW,20051128 0000,20051128 0000,2053, ,CFS
FOL,D,76,INFLOW,20051129 0000,20051129 0000,2231, ,CFS
FOL,D,76,INFLOW,20051130 0000,20051130 0000,3144, ,CFS
FOL,D,76,INFLOW,20051201 0000,20051201 0000,5267, ,CFS
FOL,D,76,INFLOW,20051202 0000,20051202 0000,12989, ,CFS
FOL,D,76,INFLOW,20051203 0000,20051203 0000,4605, ,CFS
FOL,D,76,INFLOW,20051204 0000,20051204 0000,2992, ,CFS
FOL,D,76,INFLOW,20051205 0000,20051205 0000,2896, ,CFS
FOL,D,76,INFLOW,20051206 0000,20051206 0000,2403, ,CFS
FOL,D,76,INFLOW,20051207 0000,20051207 0000,3275, ,CFS
FOL,D,76,INFLOW,20051208 0000,20051208 0000,2843, ,CFS
FOL,D,76,INFLOW,20051209 0000,20051209 0000,2838, ,CFS
FOL,D,76,INFLOW,20051210 0000,20051210 0000,2469, ,CFS
FOL,D,76,INFLOW,20051211 0000,20051211 0000,1868, ,CFS
FOL,D,76,INFLOW,20051212 0000,20051212 0000,2330, ,CFS
FOL,D,76,INFLOW,20051213 0000,20051213 0000,2679, ,CFS
FOL,D,76,INFLOW,20051214 0000,20051214 0000,3146, ,CFS
FOL,D,76,INFLOW,20051215 0000,20051215 0000,2579, ,CFS
FOL,D,76,INFLOW,20051216 0000,20051216 0000,2421, ,CFS
FOL,D,76,INFLOW,20051217 0000,20051217 0000,1823, ,CFS
FOL,D,76,INFLOW,20051218 0000,20051218 0000,3794, ,CFS
FOL,D,76,INFLOW,20051219 0000,20051219 0000,7976, ,CFS
FOL,D,76,INFLOW,20051220 0000,20051220 0000,5759, ,CFS
FOL,D,76,INFLOW,20051221 0000,20051221 0000,5339, ,CFS
FOL,D,76,INFLOW,20051222 0000,20051222 0000,19113, ,CFS
FOL,D,76,INFLOW,20051223 0000,20051223 0000,19128, ,CFS
FOL,D,76,INFLOW,20051224 0000,20051224 0000,7613, ,CFS
FOL,D,76,INFLOW,20051225 0000,20051225 0000,6952, ,CFS
FOL,D,76,INFLOW,20051226 0000,20051226 0000,14304, ,CFS
FOL,D,76,INFLOW,20051227 0000,20051227 0000,10385, ,CFS
FOL,D,76,INFLOW,20051228 0000,20051228 0000,26074, ,CFS
FOL,D,76,INFLOW,20051229 0000,20051229 0000,19761, ,CFS
FOL,D,76,INFLOW,20051230 0000,20051230 0000,16216, ,CFS
FOL,D,76,INFLOW,20051231 0000,20051231 0000,127617, ,CFS
FOL,D,76,INFLOW,20060101 0000,20060101 0000,38651, ,CFS
FOL,D,76,INFLOW,20060102 0000,20060102 0000,35430, ,CFS
FOL,D,76,INFLOW,20060103 0000,20060103 0000,23759, ,CFS
FOL,D,76,INFLOW,20060104 0000,20060104 0000,17272, ,CFS
FOL,D,76,INFLOW,20060105 0000,20060105 0000,14426, ,CFS
FOL,D,76,INFLOW,20060106 0000,20060106 0000,12682, ,CFS
FOL,D,76,INFLOW,20060107 0000,20060107 0000,11327, ,CFS
FOL,D,76,INFLOW,20060108 0000,20060108 0000,10425, ,CFS
FOL,D,76,INFLOW,20060109 0000,20060109 0000,8891, ,CFS
FOL,D,76,INFLOW,20060110 0000,20060110 0000,8482, ,CFS
FOL,D,76,INFLOW,20060111 0000,20060111 0000,7942, ,CFS
FOL,D,76,INFLOW,20060112 0000,20060112 0000,8521, ,CFS
FOL,D,76,INFLOW,20060113 0000,20060113 0000,6792, ,CFS
FOL,D,76,INFLOW,20060114 0000,20060114 0000,7925, ,CFS
FOL,D,76,INFLOW,20060115 0000,20060115 0000,9525, ,CFS
FOL,D,76,INFLOW,20060116 0000,20060116 0000,7927, ,CFS
FOL,D,76,INFLOW,20060117 0000,20060117 0000,7315, ,CFS
FOL,D,76,INFLOW,20060118 0000,20060118 0000,9273, ,CFS
FOL,D,76,INFLOW,20060119 0000,20060119 0000,9304, ,CFS
FOL,D,76,INFLOW,20060120 0000,20060120 0000,8143, ,CFS
FOL,D,76,INFLOW,20060121 0000,20060121 0000,6711, ,CFS
FOL,D,76,INFLOW,20060122 0000,20060122 0000,6075, ,CFS
FOL,D,76,INFLOW,20060123 0000,20060123 0000,6465, ,CFS
FOL,D,76,INFLOW,20060124 0000,20060124 0000,6691, ,CFS
FOL,D,76,INFLOW,20060125 0000,20060125 0000,6258, ,CFS
FOL,D,76,INFLOW,20060126 0000,20060126 0000,4966, ,CFS
FOL,D,76,INFLOW,20060127 0000,20060127 0000,6065, ,CFS
FOL,D,76,INFLOW,20060128 0000,20060128 0000,5158, ,CFS
FOL,D,76,INFLOW,20060129 0000,20060129 0000,6136, ,CFS
FOL,D,76,INFLOW,20060130 0000,20060130 0000,6994, ,CFS
FOL,D,76,INFLOW,20060131 0000,20060131 0000,9689, ,CFS
FOL,D,76,INFLOW,20060201 0000,20060201 0000,8009, ,CFS
FOL,D,76,INFLOW,20060202 0000,20060202 0000,16542, ,CFS
FOL,D,76,INFLOW,20060203 0000,20060203 0000,14949, ,CFS
FOL,D,76,INFLOW,20060204 0000,20060204 0000,12727, ,CFS
FOL,D,76,INFLOW,20060205 0000,20060205 0000,11372, ,CFS
FOL,D,76,INFLOW,20060206 0000,20060206 0000,10770, ,CFS
FOL,D,76,INFLOW,20060207 0000,20060207 0000,8287, ,CFS
FOL,D,76,INFLOW,20060208 0000,20060208 0000,7323, ,CFS
FOL,D,76,INFLOW,20060209 0000,20060209 0000,7385, ,CFS
FOL,D,76,INFLOW,20060210 0000,20060210 0000,7260, ,CFS
FOL,D,76,INFLOW,20060211 0000,20060211 0000,7129, ,CFS
FOL,D,76,INFLOW,20060212 0000,20060212 0000,6869, ,CFS
FOL,D,76,INFLOW,20060213 0000,20060213 0000,6354, ,CFS
FOL,D,76,INFLOW,20060214 0000,20060214 0000,6625, ,CFS
FOL,D,76,INFLOW,20060215 0000,20060215 0000,6144, ,CFS
FOL,D,76,INFLOW,20060216 0000,20060216 0000,6689, ,CFS
FOL,D,76,INFLOW,20060217 0000,20060217 0000,5709, ,CFS
FOL,D,76,INFLOW,20060218 0000,20060218 0000,5515, ,CFS
FOL,D,76,INFLOW,20060219 0000,20060219 0000,5549, ,CFS
FOL,D,76,INFLOW,20060220 0000,20060220 0000,5509, ,CFS
FOL,D,76,INFLOW,20060221 0000,20060221 0000,5363, ,CFS
FOL,D,76,INFLOW,20060222 0000,20060222 0000,5087, ,CFS
FOL,D,76,INFLOW,20060223 0000,20060223 0000,5074, ,CFS
FOL,D,76,INFLOW,20060224 0000,20060224 0000,5288, ,CFS
FOL,D,76,INFLOW,20060225 0000,20060225 0000,5216, ,CFS
FOL,D,76,INFLOW,20060226 0000,20060226 0000,6275, ,CFS
FOL,D,76,INFLOW,20060227 0000,20060227 0000,10185, ,CFS
FOL,D,76,INFLOW,20060228 0000,20060228 0000,30954, ,CFS
FOL,D,76,INFLOW,20060301 0000,20060301 0000,16306, ,CFS
FOL,D,76,INFLOW,20060302 0000,20060302 0000,14075, ,CFS
FOL,D,76,INFLOW,20060303 0000,20060303 0000,15278, ,CFS
FOL,D,76,INFLOW,20060304 0000,20060304 0000,13188, ,CFS
FOL,D,76,INFLOW,20060305 0000,20060305 0000,10793, ,CFS
FOL,D,76,INFLOW,20060306 0000,20060306 0000,14532, ,CFS
FOL,D,76,INFLOW,20060307 0000,20060307 0000,14485, ,CFS
FOL,D,76,INFLOW,20060308 0000,20060308 0000,12407, ,CFS
FOL,D,76,INFLOW,20060309 0000,20060309 0000,11421, ,CFS
FOL,D,76,INFLOW,20060310 0000,20060310 0000,9916, ,CFS
FOL,D,76,INFLOW,20060311 0000,20060311 0000,9050, ,CFS
FOL,D,76,INFLOW,20060312 0000,20060312 0000,8808, ,CFS
FOL,D,76,INFLOW,20060313 0000,20060313 0000,8704, ,CFS
FOL,D,76,INFLOW,20060314 0000,20060314 0000,10541, ,CFS
FOL,D,76,INFLOW,20060315 0000,20060315 0000,9772, ,CFS
FOL,D,76,INFLOW,20060316 0000,20060316 0000,8771, ,CFS
FOL,D,76,INFLOW,20060317 0000,20060317 0000,9768, ,CFS
FOL,D,76,INFLOW,20060318 0000,20060318 0000,9478, ,CFS
FOL,D,76,INFLOW,20060319 0000,20060319 0000,8395, ,CFS
FOL,D,76,INFLOW,20060320 0000,20060320 0000,8362, ,CFS
FOL,D,76,INFLOW,20060321 0000,20060321 0000,7609, ,CFS
FOL,D,76,INFLOW,20060322 0000,20060322 0000,8121, ,CFS
FOL,D,76,INFLOW,20060323 0000,20060323 0000,7406, ,CFS
FOL,D,76,INFLOW,20060324 0000,20060324 0000,7420, ,CFS
FOL,D,76,INFLOW,20060325 0000,20060325 0000,16606, ,CFS
FOL,D,76,INFLOW,20060326 0000,20060326 0000,14838, ,CFS
FOL,D,76,INFLOW,20060327 0000,20060327 0000,12138, ,CFS
FOL,D,76,INFLOW,20060328 0000,20060328 0000,13054, ,CFS
FOL,D,76,INFLOW,20060329 0000,20060329 0000,12992, ,CFS
FOL,D,76,INFLOW,20060330 0000,20060330 0000,---, ,CFS
FOL,D,76,INFLOW,20060331 0000,20060331 0000,13454, ,CFS
FOL,D,76,INFLOW,20060401 0000,20060401 0000,15923, ,CFS
FOL,D,76,INFLOW,20060402 0000,20060402 0000,12871, ,CFS
FOL,D,76,INFLOW,20060403 0000,20060403 0000,31335, ,CFS
FOL,D,76,INFLOW,20060404 0000,20060404 0000,52725, ,CFS
FOL,D,76,INFLOW,20060405 0000,20060405 0000,38754, ,CFS
FOL,D,76,INFLOW,20060406 0000,20060406 0000,23424, ,CFS
FOL,D,76,INFLOW,20060407 0000,20060407 0000,19007, ,CFS
FOL,D,76,INFLOW,20060408 0000,20060408 0000,18528, ,CFS
FOL,D,76,INFLOW,20060409 0000,20060409 0000,15904, ,CFS
FOL,D,76,INFLOW,20060410 0000,20060410 0000,16530, ,CFS
FOL,D,76,INFLOW,20060411 0000,20060411 0000,17511, ,CFS
FOL,D,76,INFLOW,20060412 0000,20060412 0000,18678, ,CFS
FOL,D,76,INFLOW,20060413 0000,20060413 0000,18013, ,CFS
FOL,D,76,INFLOW,20060414 0000,20060414 0000,16943, ,CFS
FOL,D,76,INFLOW,20060415 0000,20060415 0000,18676, ,CFS
FOL,D,76,INFLOW,20060416 0000,20060416 0000,23405, ,CFS
FOL,D,76,INFLOW,20060417 0000,20060417 0000,21881, ,CFS
FOL,D,76,INFLOW,20060418 0000,20060418 0000,17505, ,CFS
FOL,D,76,INFLOW,20060419 0000,20060419 0000,15473, ,CFS
FOL,D,76,INFLOW,20060420 0000,20060420 0000,15028, ,CFS
FOL,D,76,INFLOW,20060421 0000,20060421 0000,14961, ,CFS
FOL,D,76,INFLOW,20060422 0000,20060422 0000,15656, ,CFS
FOL,D,76,INFLOW,20060423 0000,20060423 0000,14918, ,CFS
FOL,D,76,INFLOW,20060424 0000,20060424 0000,14424, ,CFS
FOL,D,76,INFLOW,20060425 0000,20060425 0000,14721, ,CFS
FOL,D,76,INFLOW,20060426 0000,20060426 0000,14899, ,CFS
FOL,D,76,INFLOW,20060427 0000,20060427 0000,16300, ,CFS
FOL,D,76,INFLOW,20060428 0000,20060428 0000,17420, ,CFS
FOL,D,76,INFLOW,20060429 0000,20060429 0000,19463, ,CFS
FOL,D,76,INFLOW,20060430 0000,20060430 0000,19461, ,CFS
FOL,D,76,INFLOW,20060501 0000,20060501 0000,19118, ,CFS
FOL,D,76,INFLOW,20060502 0000,20060502 0000,18415, ,CFS
FOL,D,76,INFLOW,20060503 0000,20060503 0000,17452, ,CFS
FOL,D,76,INFLOW,20060504 0000,20060504 0000,16142, ,CFS
FOL,D,76,INFLOW,20060505 0000,20060505 0000,14976, ,CFS
FOL,D,76,INFLOW,20060506 0000,20060506 0000,14321, ,CFS
FOL,D,76,INFLOW,20060507 0000,20060507 0000,14423, ,CFS
FOL,D,76,INFLOW,20060508 0000,20060508 0000,14223, ,CFS
FOL,D,76,INFLOW,20060509 0000,20060509 0000,14758, ,CFS
FOL,D,76,INFLOW,20060510 0000,20060510 0000,13909, ,CFS
FOL,D,76,INFLOW,20060511 0000,20060511 0000,13489, ,CFS
FOL,D,76,INFLOW,20060512 0000,20060512 0000,14444, ,CFS
FOL,D,76,INFLOW,20060513 0000,20060513 0000,14111, ,CFS
FOL,D,76,INFLOW,20060514 0000,20060514 0000,14151, ,CFS
FOL,D,76,INFLOW,20060515 0000,20060515 0000,13763, ,CFS
FOL,D,76,INFLOW,20060516 0000,20060516 0000,14511, ,CFS
FOL,D,76,INFLOW,20060517 0000,20060517 0000,14902, ,CFS
FOL,D,76,INFLOW,20060518 0000,20060518 0000,14558, ,CFS
FOL,D,76,INFLOW,20060519 0000,20060519 0000,15835, ,CFS
FOL,D,76,INFLOW,20060520 0000,20060520 0000,14667, ,CFS
FOL,D,76,INFLOW,20060521 0000,20060521 0000,13766, ,CFS
FOL,D,76,INFLOW,20060522 0000,20060522 0000,13480, ,CFS
FOL,D,76,INFLOW,20060523 0000,20060523 0000,11321, ,CFS
FOL,D,76,INFLOW,20060524 0000,20060524 0000,10175, ,CFS
FOL,D,76,INFLOW,20060525 0000,20060525 0000,10338, ,CFS
FOL,D,76,INFLOW,20060526 0000,20060526 0000,10083, ,CFS
FOL,D,76,INFLOW,20060527 0000,20060527 0000,9519, ,CFS
FOL,D,76,INFLOW,20060528 0000,20060528 0000,8614, ,CFS
FOL,D,76,INFLOW,20060529 0000,20060529 0000,7926, ,CFS
FOL,D,76,INFLOW,20060530 0000,20060530 0000,8039, ,CFS
FOL,D,76,INFLOW,20060531 0000,20060531 0000,7682, ,CFS
FOL,D,76,INFLOW,20060601 0000,20060601 0000,7730, ,CFS
FOL,D,76,INFLOW,20060602 0000,20060602 0000,8273, ,CFS
FOL,D,76,INFLOW,20060603 0000,20060603 0000,7568, ,CFS
FOL,D,76,INFLOW,20060604 0000,20060604 0000,7618, ,CFS
FOL,D,76,INFLOW,20060605 0000,20060605 0000,8571, ,CFS
FOL,D,76,INFLOW,20060606 0000,20060606 0000,8183, ,CFS
FOL,D,76,INFLOW,20060607 0000,20060607 0000,8367, ,CFS
FOL,D,76,INFLOW,20060608 0000,20060608 0000,7965, ,CFS
FOL,D,76,INFLOW,20060609 0000,20060609 0000,7507, ,CFS
FOL,D,76,INFLOW,20060610 0000,20060610 0000,7039, ,CFS
FOL,D,76,INFLOW,20060611 0000,20060611 0000,7055, ,CFS
FOL,D,76,INFLOW,20060612 0000,20060612 0000,6209, ,CFS
FOL,D,76,INFLOW,20060613 0000,20060613 0000,6183, ,CFS
FOL,D,76,INFLOW,20060614 0000,20060614 0000,5559, ,CFS
FOL,D,76,INFLOW,20060615 0000,20060615 0000,5226, ,CFS
FOL,D,76,INFLOW,20060616 0000,20060616 0000,5356, ,CFS
FOL,D,76,INFLOW,20060617 0000,20060617 0000,5270, ,CFS
FOL,D,76,INFLOW,20060618 0000,20060618 0000,5147, ,CFS
FOL,D,76,INFLOW,20060619 0000,20060619 0000,5519, ,CFS
FOL,D,76,INFLOW,20060620 0000,20060620 0000,5361, ,CFS
FOL,D,76,INFLOW,20060621 0000,20060621 0000,4835, ,CFS
FOL,D,76,INFLOW,20060622 0000,20060622 0000,4650, ,CFS
FOL,D,76,INFLOW,20060623 0000,20060623 0000,4667, ,CFS
FOL,D,76,INFLOW,20060624 0000,20060624 0000,4671, ,CFS
FOL,D,76,INFLOW,20060625 0000,20060625 0000,4355, ,CFS
FOL,D,76,INFLOW,20060626 0000,20060626 0000,4436, ,CFS
FOL,D,76,INFLOW,20060627 0000,20060627 0000,3798, ,CFS
FOL,D,76,INFLOW,20060628 0000,20060628 0000,3737, ,CFS
FOL,D,76,INFLOW,20060629 0000,20060629 0000,3643, ,CFS
FOL,D,76,INFLOW,20060630 0000,20060630 0000,3163, ,CFS
FOL,D,76,INFLOW,20060701 0000,20060701 0000,3202, ,CFS
FOL,D,76,INFLOW,20060702 0000,20060702 0000,2997, ,CFS
FOL,D,76,INFLOW,20060703 0000,20060703 0000,3315, ,CFS
FOL,D,76,INFLOW,20060704 0000,20060704 0000,3164, ,CFS
FOL,D,76,INFLOW,20060705 0000,20060705 0000,2890, ,CFS
FOL,D,76,INFLOW,20060706 0000,20060706 0000,3374, ,CFS
FOL,D,76,INFLOW,20060707 0000,20060707 0000,2728, ,CFS
FOL,D,76,INFLOW,20060708 0000,20060708 0000,2630, ,CFS
FOL,D,76,INFLOW,20060709 0000,20060709 0000,2980, ,CFS
FOL,D,76,INFLOW,20060710 0000,20060710 0000,2612, ,CFS
FOL,D,76,INFLOW,20060711 0000,20060711 0000,2678, ,CFS
FOL,D,76,INFLOW,20060712 0000,20060712 0000,2271, ,CFS
FOL,D,76,INFLOW,20060713 0000,20060713 0000,2783, ,CFS
FOL,D,76,INFLOW,20060714 0000,20060714 0000,3105, ,CFS
FOL,D,76,INFLOW,20060715 0000,20060715 0000,2164, ,CFS
FOL,D,76,INFLOW,20060716 0000,20060716 0000,2341, ,CFS
FOL,D,76,INFLOW,20060717 0000,20060717 0000,2820, ,CFS
FOL,D,76,INFLOW,20060718 0000,20060718 0000,2452, ,CFS
FOL,D,76,INFLOW,20060719 0000,20060719 0000,2165, ,CFS
FOL,D,76,INFLOW,20060720 0000,20060720 0000,2474, ,CFS
FOL,D,76,INFLOW,20060721 0000,20060721 0000,3113, ,CFS
FOL,D,76,INFLOW,20060722 0000,20060722 0000,3313, ,CFS
FOL,D,76,INFLOW,20060723 0000,20060723 0000,2845, ,CFS
FOL,D,76,INFLOW,20060724 0000,20060724 0000,2487, ,CFS
FOL,D,76,INFLOW,20060725 0000,20060725 0000,2931, ,CFS
FOL,D,76,INFLOW,20060726 0000,20060726 0000,2416, ,CFS
FOL,D,76,INFLOW,20060727 0000,20060727 0000,2419, ,CFS
FOL,D,76,INFLOW,20060728 0000,20060728 0000,1838, ,CFS
FOL,D,76,INFLOW,20060729 0000,20060729 0000,2033, ,CFS
FOL,D,76,INFLOW,20060730 0000,20060730 0000,1956, ,CFS
FOL,D,76,INFLOW,20060731 0000,20060731 0000,1833, ,CFS
FOL,D,76,INFLOW,20060801 0000,20060801 0000,2019, ,CFS
FOL,D,76,INFLOW,20060802 0000,20060802 0000,2618, ,CFS
FOL,D,76,INFLOW,20060803 0000,20060803 0000,2367, ,CFS
FOL,D,76,INFLOW,20060804 0000,20060804 0000,2153, ,CFS
FOL,D,76,INFLOW,20060805 0000,20060805 0000,1911, ,CFS
FOL,D,76,INFLOW,20060806 0000,20060806 0000,2072, ,CFS
FOL,D,76,INFLOW,20060807 0000,20060807 0000,2004, ,CFS
FOL,D,76,INFLOW,20060808 0000,20060808 0000,2434, ,CFS
FOL,D,76,INFLOW,20060809 0000,20060809 0000,2148, ,CFS
FOL,D,76,INFLOW,20060810 0000,20060810 0000,2995, ,CFS
FOL,D,76,INFLOW,20060811 0000,20060811 0000,2162, ,CFS
FOL,D,76,INFLOW,20060812 0000,20060812 0000,2561, ,CFS
FOL,D,76,INFLOW,20060813 0000,20060813 0000,1978, ,CFS
FOL,D,76,INFLOW,20060814 0000,20060814 0000,1760, ,CFS
FOL,D,76,INFLOW,20060815 0000,20060815 0000,2343, ,CFS
FOL,D,76,INFLOW,20060816 0000,20060816 0000,2345, ,CFS
FOL,D,76,INFLOW,20060817 0000,20060817 0000,2308, ,CFS
FOL,D,76,INFLOW,20060818 0000,20060818 0000,2602, ,CFS
FOL,D,76,INFLOW,20060819 0000,20060819 0000,2231, ,CFS
FOL,D,76,INFLOW,20060820 0000,20060820 0000,2138, ,CFS
FOL,D,76,INFLOW,20060821 0000,20060821 0000,2454, ,CFS
FOL,D,76,INFLOW,20060822 0000,20060822 0000,2254, ,CFS
FOL,D,76,INFLOW,20060823 0000,20060823 0000,2378, ,CFS
FOL,D,76,INFLOW,20060824 0000,20060824 0000,2170, ,CFS
FOL,D,76,INFLOW,20060825 0000,20060825 0000,2158, ,CFS
FOL,D,76,INFLOW,20060826 0000,20060826 0000,2288, ,CFS
FOL,D,76,INFLOW,20060827 0000,20060827 0000,2399, ,CFS
FOL,D,76,INFLOW,20060828 0000,20060828 0000,2619, ,CFS
FOL,D,76,INFLOW,20060829 0000,20060829 0000,1937, ,CFS
FOL,D,76,INFLOW,20060830 0000,20060830 0000,1792, ,CFS
FOL,D,76,INFLOW,20060831 0000,20060831 0000,2025, ,CFS
FOL,D,76,INFLOW,20060901 0000,20060901 0000,2094, ,CFS
FOL,D,76,INFLOW,20060902 0000,20060902 0000,2142, ,CFS
FOL,D,76,INFLOW,20060903 0000,20060903 0000,1815, ,CFS
FOL,D,76,INFLOW,20060904 0000,20060904 0000,1543, ,CFS
FOL,D,76,INFLOW,20060905 0000,20060905 0000,1832, ,CFS
FOL,D,76,INFLOW,20060906 0000,20060906 0000,1897, ,CFS
FOL,D,76,INFLOW,20060907 0000,20060907 0000,1756, ,CFS
FOL,D,76,INFLOW,20060908 0000,20060908 0000,1487, ,CFS
FOL,D,76,INFLOW,20060909 0000,20060909 0000,1108, ,CFS
FOL,D,76,INFLOW,20060910 0000,20060910 0000,1261, ,CFS
FOL,D,76,INFLOW,20060911 0000,20060911 0000,1228, ,CFS
FOL,D,76,INFLOW,20060912 0000,20060912 0000,1265, ,CFS
FOL,D,76,INFLOW,20060913 0000,20060913 0000,1840, ,CFS
FOL,D,76,INFLOW,20060914 0000,20060914 0000,1171, ,CFS
FOL,D,76,INFLOW,20060915 0000,20060915 0000,969, ,CFS
FOL,D,76,INFLOW,20060916 0000,20060916 0000,1181, ,CFS
FOL,D,76,INFLOW,20060917 0000,20060917 0000,571, ,CFS
FOL,D,76,INFLOW,20060918 0000,20060918 0000,986, ,CFS
FOL,D,76,INFLOW,20060919 0000,20060919 0000,1664, ,CFS
FOL,D,76,INFLOW,20060920 0000,20060920 0000,1246, ,CFS
FOL,D,76,INFLOW,20060921 0000,20060921 0000,1547, ,CFS
FOL,D,76,INFLOW,20060922 0000,20060922 0000,1495, ,CFS
FOL,D,76,INFLOW,20060923 0000,20060923 0000,1574, ,CFS
FOL,D,76,INFLOW,20060924 0000,20060924 0000,1566, ,CFS
FOL,D,76,INFLOW,20060925 0000,20060925 0000,1567, ,CFS
FOL,D,76,INFLOW,20060926 0000,20060926 0000,1397, ,CFS
FOL,D,76,INFLOW,20060927 0000,20060927 0000,1578, ,CFS
FOL,D,76,INFLOW,20060928 0000,20060928 0000,1213, ,CFS
FOL,D,76,INFLOW,20060929 0000,20060929 0000,1109, ,CFS
FOL,D,76,INFLOW,20060930 0000,20060930 0000,1873, ,CFS
FOL,D,76,INFLOW,20061001 0000,20061001 0000,1288, ,CFS
FOL,D,76,INFLOW,20061002 0000,20061002 0000,1640, ,CFS
FOL,D,76,INFLOW,20061003 0000,20061003 0000,1219, ,CFS
FOL,D,76,INFLOW,20061004 0000,20061004 0000,742, ,CFS
FOL,D,76,INFLOW,20061005 0000,20061005 0000,917, ,CFS
FOL,D,76,INFLOW,20061006 0000,20061006 0000,757, ,CFS
FOL,D,76,INFLOW,20061007 0000,20061007 0000,1266, ,CFS
FOL,D,76,INFLOW,20061008 0000,20061008 0000,1305, ,CFS
FOL,D,76,INFLOW,20061009 0000,20061009 0000,1281, ,CFS
FOL,D,76,INFLOW,20061010 0000,20061010 0000,939, ,CFS
FOL,D,76,INFLOW,20061011 0000,20061011 0000,736, ,CFS
FOL,D,76,INFLOW,20061012 0000,20061012 0000,1031, ,CFS
FOL,D,76,INFLOW,20061013 0000,20061013 0000,1236, ,CFS
FOL,D,76,INFLOW,20061014 0000,20061014 0000,623, ,CFS
FOL,D,76,INFLOW,20061015 0000,20061015 0000,1170, ,CFS
FOL,D,76,INFLOW,20061016 0000,20061016 0000,446, ,CFS
FOL,D,76,INFLOW,20061017 0000,20061017 0000,894, ,CFS
FOL,D,76,INFLOW,20061018 0000,20061018 0000,762, ,CFS
FOL,D,76,INFLOW,20061019 0000,20061019 0000,408, ,CFS
FOL,D,76,INFLOW,20061020 0000,20061020 0000,898, ,CFS
FOL,D,76,INFLOW,20061021 0000,20061021 0000,866, ,CFS
FOL,D,76,INFLOW,20061022 0000,20061022 0000,409, ,CFS
FOL,D,76,INFLOW,20061023 0000,20061023 0000,899, ,CFS
FOL,D,76,INFLOW,20061024 0000,20061024 0000,714, ,CFS
FOL,D,76,INFLOW,20061025 0000,20061025 0000,507, ,CFS
FOL,D,76,INFLOW,20061026 0000,20061026 0000,732, ,CFS
FOL,D,76,INFLOW,20061027 0000,20061027 0000,430, ,CFS
FOL,D,76,INFLOW,20061028 0000,20061028 0000,888, ,CFS
FOL,D,76,INFLOW,20061029 0000,20061029 0000,581, ,CFS
FOL,D,76,INFLOW,20061030 0000,20061030 0000,414, ,CFS
FOL,D,76,INFLOW,20061031 0000,20061031 0000,352, ,CFS
FOL,D,76,INFLOW,20061101 0000,20061101 0000,367, ,CFS
FOL,D,76,INFLOW,20061102 0000,20061102 0000,1322, ,CFS
FOL,D,76,INFLOW,20061103 0000,20061103 0000,1034, ,CFS
FOL,D,76,INFLOW,20061104 0000,20061104 0000,939, ,CFS
FOL,D,76,INFLOW,20061105 0000,20061105 0000,1313, ,CFS
FOL,D,76,INFLOW,20061106 0000,20061106 0000,1160, ,CFS
FOL,D,76,INFLOW,20061107 0000,20061107 0000,1407, ,CFS
FOL,D,76,INFLOW,20061108 0000,20061108 0000,1289, ,CFS
FOL,D,76,INFLOW,20061109 0000,20061109 0000,1060, ,CFS
FOL,D,76,INFLOW,20061110 0000,20061110 0000,1330, ,CFS
FOL,D,76,INFLOW,20061111 0000,20061111 0000,1690, ,CFS
FOL,D,76,INFLOW,20061112 0000,20061112 0000,1288, ,CFS
FOL,D,76,INFLOW,20061113 0000,20061113 0000,1286, ,CFS
FOL,D,76,INFLOW,20061114 0000,20061114 0000,2162, ,CFS
FOL,D,76,INFLOW,20061115 0000,20061115 0000,2240, ,CFS
FOL,D,76,INFLOW,20061116 0000,20061116 0000,1827, ,CFS
FOL,D,76,INFLOW,20061117 0000,20061117 0000,1967, ,CFS
FOL,D,76,INFLOW,20061118 0000,20061118 0000,1798, ,CFS
FOL,D,76,INFLOW,20061119 0000,20061119 0000,1517, ,CFS
FOL,D,76,INFLOW,20061120 0000,20061120 0000,1342, ,CFS
FOL,D,76,INFLOW,20061121 0000,20061121 0000,1760, ,CFS
FOL,D,76,INFLOW,20061122 0000,20061122 0000,1426, ,CFS
FOL,D,76,INFLOW,20061123 0000,20061123 0000,1487, ,CFS
FOL,D,76,INFLOW,20061124 0000,20061124 0000,1307, ,CFS
FOL,D,76,INFLOW,20061125 0000,20061125 0000,1493, ,CFS
FOL,D,76,INFLOW,20061126 0000,20061126 0000,1390, ,CFS
FOL,D,76,INFLOW,20061127 0000,20061127 0000,1398, ,CFS
FOL,D,76,INFLOW,20061128 0000,20061128 0000,1564, ,CFS
FOL,D,76,INFLOW,20061129 0000,20061129 0000,1652, ,CFS
FOL,D,76,INFLOW,20061130 0000,20061130 0000,1577, ,CFS
FOL,D,76,INFLOW,20061201 0000,20061201 0000,1616, ,CFS
FOL,D,76,INFLOW,20061202 0000,20061202 0000,2008, ,CFS
FOL,D,76,INFLOW,20061203 0000,20061203 0000,1450, ,CFS
FOL,D,76,INFLOW,20061204 0000,20061204 0000,1428, ,CFS
FOL,D,76,INFLOW,20061205 0000,20061205 0000,1363, ,CFS
FOL,D,76,INFLOW,20061206 0000,20061206 0000,1374, ,CFS
FOL,D,76,INFLOW,20061207 0000,20061207 0000,1423, ,CFS
FOL,D,76,INFLOW,20061208 0000,20061208 0000,1292, ,CFS
FOL,D,76,INFLOW,20061209 0000,20061209 0000,2052, ,CFS
FOL,D,76,INFLOW,20061210 0000,20061210 0000,2161, ,CFS
FOL,D,76,INFLOW,20061211 0000,20061211 0000,1831, ,CFS
FOL,D,76,INFLOW,20061212 0000,20061212 0000,2112, ,CFS
FOL,D,76,INFLOW,20061213 0000,20061213 0000,2992, ,CFS
FOL,D,76,INFLOW,20061214 0000,20061214 0000,3661, ,CFS
FOL,D,76,INFLOW,20061215 0000,20061215 0000,3443, ,CFS
FOL,D,76,INFLOW,20061216 0000,20061216 0000,3547, ,CFS
FOL,D,76,INFLOW,20061217 0000,20061217 0000,2230, ,CFS
FOL,D,76,INFLOW,20061218 0000,20061218 0000,1810, ,CFS
FOL,D,76,INFLOW,20061219 0000,20061219 0000,1898, ,CFS
FOL,D,76,INFLOW,20061220 0000,20061220 0000,1710, ,CFS
FOL,D,76,INFLOW,20061221 0000,20061221 0000,2092, ,CFS
FOL,D,76,INFLOW,20061222 0000,20061222 0000,2799, ,CFS
FOL,D,76,INFLOW,20061223 0000,20061223 0000,2458, ,CFS
FOL,D,76,INFLOW,20061224 0000,20061224 0000,2157, ,CFS
FOL,D,76,INFLOW,20061225 0000,20061225 0000,1796, ,CFS
FOL,D,76,INFLOW,20061226 0000,20061226 0000,2184, ,CFS
FOL,D,76,INFLOW,20061227 0000,20061227 0000,3072, ,CFS
FOL,D,76,INFLOW,20061228 0000,20061228 0000,2583, ,CFS
FOL,D,76,INFLOW,20061229 0000,20061229 0000,2117, ,CFS
FOL,D,76,INFLOW,20061230 0000,20061230 0000,1950, ,CFS
FOL,D,76,INFLOW,20061231 0000,20061231 0000,1799, ,CFS
FOL,D,76,INFLOW,20070101 0000,20070101 0000,1574, ,CFS
FOL,D,76,INFLOW,20070102 0000,20070102 0000,1917, ,CFS
FOL,D,76,INFLOW,20070103 0000,20070103 0000,1747, ,CFS
FOL,D,76,INFLOW,20070104 0000,20070104 0000,4500, ,CFS
FOL,D,76,INFLOW,20070105 0000,20070105 0000,4732, ,CFS
FOL,D,76,INFLOW,20070106 0000,20070106 0000,3042, ,CFS
FOL,D,76,INFLOW,20070107 0000,20070107 0000,2440, ,CFS
FOL,D,76,INFLOW,20070108 0000,20070108 0000,2011, ,CFS
FOL,D,76,INFLOW,20070109 0000,20070109 0000,1851, ,CFS
FOL,D,76,INFLOW,20070110 0000,20070110 0000,2010, ,CFS
FOL,D,76,INFLOW,20070111 0000,20070111 0000,1697, ,CFS
FOL,D,76,INFLOW,20070112 0000,20070112 0000,1721, ,CFS
FOL,D,76,INFLOW,20070113 0000,20070113 0000,1748, ,CFS
FOL,D,76,INFLOW,20070114 0000,20070114 0000,1554, ,CFS
FOL,D,76,INFLOW,20070115 0000,20070115 0000,1937, ,CFS
FOL,D,76,INFLOW,20070116 0000,20070116 0000,2147, ,CFS
FOL,D,76,INFLOW,20070117 0000,20070117 0000,1689, ,CFS
FOL,D,76,INFLOW,20070118 0000,20070118 0000,1614, ,CFS
FOL,D,76,INFLOW,20070119 0000,20070119 0000,1390, ,CFS
FOL,D,76,INFLOW,20070120 0000,20070120 0000,1374, ,CFS
FOL,D,76,INFLOW,20070121 0000,20070121 0000,1493, ,CFS
FOL,D,76,INFLOW,20070122 0000,20070122 0000,1275, ,CFS
FOL,D,76,INFLOW,20070123 0000,20070123 0000,1065, ,CFS
FOL,D,76,INFLOW,20070124 0000,20070124 0000,1245, ,CFS
FOL,D,76,INFLOW,20070125 0000,20070125 0000,1427, ,CFS
FOL,D,76,INFLOW,20070126 0000,20070126 0000,1380, ,CFS
FOL,D,76,INFLOW,20070127 0000,20070127 0000,1436, ,CFS
FOL,D,76,INFLOW,20070128 0000,20070128 0000,1327, ,CFS
FOL,D,76,INFLOW,20070129 0000,20070129 0000,1204, ,CFS
FOL,D,76,INFLOW,20070130 0000,20070130 0000,1155, ,CFS
FOL,D,76,INFLOW,20070131 0000,20070131 0000,1245, ,CFS
FOL,D,76,INFLOW,20070201 0000,20070201 0000,1275, ,CFS
FOL,D,76,INFLOW,20070202 0000,20070202 0000,1234, ,CFS
FOL,D,76,INFLOW,20070203 0000,20070203 0000,1437, ,CFS
FOL,D,76,INFLOW,20070204 0000,20070204 0000,1384, ,CFS
FOL,D,76,INFLOW,20070205 0000,20070205 0000,1107, ,CFS
FOL,D,76,INFLOW,20070206 0000,20070206 0000,984, ,CFS
FOL,D,76,INFLOW,20070207 0000,20070207 0000,1141, ,CFS
FOL,D,76,INFLOW,20070208 0000,20070208 0000,1526, ,CFS
FOL,D,76,INFLOW,20070209 0000,20070209 0000,2536, ,CFS
FOL,D,76,INFLOW,20070210 0000,20070210 0000,9296, ,CFS
FOL,D,76,INFLOW,20070211 0000,20070211 0000,20443, ,CFS
FOL,D,76,INFLOW,20070212 0000,20070212 0000,8748, ,CFS
FOL,D,76,INFLOW,20070213 0000,20070213 0000,4781, ,CFS
FOL,D,76,INFLOW,20070214 0000,20070214 0000,3689, ,CFS
FOL,D,76,INFLOW,20070215 0000,20070215 0000,3316, ,CFS
FOL,D,76,INFLOW,20070216 0000,20070216 0000,3046, ,CFS
FOL,D,76,INFLOW,20070217 0000,20070217 0000,2652, ,CFS
FOL,D,76,INFLOW,20070218 0000,20070218 0000,2499, ,CFS
FOL,D,76,INFLOW,20070219 0000,20070219 0000,2353, ,CFS
FOL,D,76,INFLOW,20070220 0000,20070220 0000,2416, ,CFS
FOL,D,76,INFLOW,20070221 0000,20070221 0000,2194, ,CFS
FOL,D,76,INFLOW,20070222 0000,20070222 0000,2689, ,CFS
FOL,D,76,INFLOW,20070223 0000,20070223 0000,2460, ,CFS
FOL,D,76,INFLOW,20070224 0000,20070224 0000,2316, ,CFS
FOL,D,76,INFLOW,20070225 0000,20070225 0000,5102, ,CFS
FOL,D,76,INFLOW,20070226 0000,20070226 0000,9198, ,CFS
FOL,D,76,INFLOW,20070227 0000,20070227 0000,9613, ,CFS
FOL,D,76,INFLOW,20070228 0000,20070228 0000,5470, ,CFS
FOL,D,76,INFLOW,20070301 0000,20070301 0000,3885, ,CFS
FOL,D,76,INFLOW,20070302 0000,20070302 0000,3330, ,CFS
FOL,D,76,INFLOW,20070303 0000,20070303 0000,3557, ,CFS
FOL,D,76,INFLOW,20070304 0000,20070304 0000,3228, ,CFS
FOL,D,76,INFLOW,20070305 0000,20070305 0000,3232, ,CFS
FOL,D,76,INFLOW,20070306 0000,20070306 0000,3390, ,CFS
FOL,D,76,INFLOW,20070307 0000,20070307 0000,2927, ,CFS
FOL,D,76,INFLOW,20070308 0000,20070308 0000,3563, ,CFS
FOL,D,76,INFLOW,20070309 0000,20070309 0000,3866, ,CFS
FOL,D,76,INFLOW,20070310 0000,20070310 0100,3745, ,CFS
FOL,D,76,INFLOW,20070311 0000,20070311 0000,3530, ,CFS
FOL,D,76,INFLOW,20070312 0000,20070312 0000,4047, ,CFS
FOL,D,76,INFLOW,20070313 0000,20070313 0000,4618, ,CFS
FOL,D,76,INFLOW,20070314 0000,20070314 0000,4719, ,CFS
FOL,D,76,INFLOW,20070315 0000,20070315 0000,4649, ,CFS
FOL,D,76,INFLOW,20070316 0000,20070316 0000,4683, ,CFS
FOL,D,76,INFLOW,20070317 0000,20070317 0000,5382, ,CFS
FOL,D,76,INFLOW,20070318 0000,20070318 0000,4573, ,CFS
FOL,D,76,INFLOW,20070319 0000,20070319 0000,4595, ,CFS
FOL,D,76,INFLOW,20070320 0000,20070320 0000,4418, ,CFS
FOL,D,76,INFLOW,20070321 0000,20070321 0000,3914, ,CFS
FOL,D,76,INFLOW,20070322 0000,20070322 0000,3399, ,CFS
FOL,D,76,INFLOW,20070323 0000,20070323 0000,3238, ,CFS
FOL,D,76,INFLOW,20070324 0000,20070324 0000,3304, ,CFS
FOL,D,76,INFLOW,20070325 0000,20070325 0000,3119, ,CFS
FOL,D,76,INFLOW,20070326 0000,20070326 0000,3400, ,CFS
FOL,D,76,INFLOW,20070327 0000,20070327 0000,4114, ,CFS
FOL,D,76,INFLOW,20070328 0000,20070328 0000,3216, ,CFS
FOL,D,76,INFLOW,20070329 0000,20070329 0000,3033, ,CFS
FOL,D,76,INFLOW,20070330 0000,20070330 0000,3128, ,CFS
FOL,D,76,INFLOW,20070331 0000,20070331 0000,2581, ,CFS
FOL,D,76,INFLOW,20070401 0000,20070401 0000,2466, ,CFS
FOL,D,76,INFLOW,20070402 0000,20070402 0000,2933, ,CFS
FOL,D,76,INFLOW,20070403 0000,20070403 0000,3076, ,CFS
FOL,D,76,INFLOW,20070404 0000,20070404 0000,2920, ,CFS
FOL,D,76,INFLOW,20070405 0000,20070405 0000,2681, ,CFS
FOL,D,76,INFLOW,20070406 0000,20070406 0000,2581, ,CFS
FOL,D,76,INFLOW,20070407 0000,20070407 0000,3107, ,CFS
FOL,D,76,INFLOW,20070408 0000,20070408 0000,3008, ,CFS
FOL,D,76,INFLOW,20070409 0000,20070409 0000,3070, ,CFS
FOL,D,76,INFLOW,20070410 0000,20070410 0000,2490, ,CFS
FOL,D,76,INFLOW,20070411 0000,20070411 0000,2614, ,CFS
FOL,D,76,INFLOW,20070412 0000,20070412 0000,2270, ,CFS
FOL,D,76,INFLOW,20070413 0000,20070413 0000,2751, ,CFS
FOL,D,76,INFLOW,20070414 0000,20070414 0000,2550, ,CFS
FOL,D,76,INFLOW,20070415 0000,20070415 0000,2369, ,CFS
FOL,D,76,INFLOW,20070416 0000,20070416 0000,2287, ,CFS
FOL,D,76,INFLOW,20070417 0000,20070417 0000,2334, ,CFS
FOL,D,76,INFLOW,20070418 0000,20070418 0000,2260, ,CFS
FOL,D,76,INFLOW,20070419 0000,20070419 0000,2290, ,CFS
FOL,D,76,INFLOW,20070420 0000,20070420 0000,2036, ,CFS
FOL,D,76,INFLOW,20070421 0000,20070421 0000,2208, ,CFS
FOL,D,76,INFLOW,20070422 0000,20070422 0000,3235, ,CFS
FOL,D,76,INFLOW,20070423 0000,20070423 0000,3522, ,CFS
FOL,D,76,INFLOW,20070424 0000,20070424 0000,2970, ,CFS
FOL,D,76,INFLOW,20070425 0000,20070425 0000,3376, ,CFS
FOL,D,76,INFLOW,20070426 0000,20070426 0000,3424, ,CFS
FOL,D,76,INFLOW,20070427 0000,20070427 0000,3701, ,CFS
FOL,D,76,INFLOW,20070428 0000,20070428 0000,3706, ,CFS
FOL,D,76,INFLOW,20070429 0000,20070429 0000,3596, ,CFS
FOL,D,76,INFLOW,20070430 0000,20070430 0000,3822, ,CFS
FOL,D,76,INFLOW,20070501 0000,20070501 0000,3603, ,CFS
FOL,D,76,INFLOW,20070502 0000,20070502 0000,2777, ,CFS
FOL,D,76,INFLOW,20070503 0000,20070503 0000,3964, ,CFS
FOL,D,76,INFLOW,20070504 0000,20070504 0000,3317, ,CFS
FOL,D,76,INFLOW,20070505 0000,20070505 0000,2683, ,CFS
FOL,D,76,INFLOW,20070506 0000,20070506 0000,2427, ,CFS
FOL,D,76,INFLOW,20070507 0000,20070507 0000,2893, ,CFS
FOL,D,76,INFLOW,20070508 0000,20070508 0000,3453, ,CFS
FOL,D,76,INFLOW,20070509 0000,20070509 0000,2863, ,CFS
FOL,D,76,INFLOW,20070510 0000,20070510 0000,3636, ,CFS
FOL,D,76,INFLOW,20070511 0000,20070511 0000,3179, ,CFS
FOL,D,76,INFLOW,20070512 0000,20070512 0000,2910, ,CFS
FOL,D,76,INFLOW,20070513 0000,20070513 0000,2610, ,CFS
FOL,D,76,INFLOW,20070514 0000,20070514 0000,2446, ,CFS
FOL,D,76,INFLOW,20070515 0000,20070515 0000,2302, ,CFS
FOL,D,76,INFLOW,20070516 0000,20070516 0000,2981, ,CFS
FOL,D,76,INFLOW,20070517 0000,20070517 0000,2710, ,CFS
FOL,D,76,INFLOW,20070518 0000,20070518 0000,3053, ,CFS
FOL,D,76,INFLOW,20070519 0000,20070519 0000,3285, ,CFS
FOL,D,76,INFLOW,20070520 0000,20070520 0000,2473, ,CFS
FOL,D,76,INFLOW,20070521 0000,20070521 0000,2321, ,CFS
FOL,D,76,INFLOW,20070522 0000,20070522 0000,2333, ,CFS
FOL,D,76,INFLOW,20070523 0000,20070523 0000,2206, ,CFS
FOL,D,76,INFLOW,20070524 0000,20070524 0000,2504, ,CFS
FOL,D,76,INFLOW,20070525 0000,20070525 0000,2307, ,CFS
FOL,D,76,INFLOW,20070526 0000,20070526 0000,2182, ,CFS
FOL,D,76,INFLOW,20070527 0000,20070527 0000,1675, ,CFS
FOL,D,76,INFLOW,20070528 0000,20070528 0000,1589, ,CFS
FOL,D,76,INFLOW,20070529 0000,20070529 0000,1942, ,CFS
FOL,D,76,INFLOW,20070530 0000,20070530 0000,2100, ,CFS
FOL,D,76,INFLOW,20070531 0000,20070531 0000,1921, ,CFS
FOL,D,76,INFLOW,20070601 0000,20070601 0000,1583, ,CFS
FOL,D,76,INFLOW,20070602 0000,20070602 0000,1652, ,CFS
FOL,D,76,INFLOW,20070603 0000,20070603 0000,1586, ,CFS
FOL,D,76,INFLOW,20070604 0000,20070604 0000,1644, ,CFS
FOL,D,76,INFLOW,20070605 0000,20070605 0000,1532, ,CFS
FOL,D,76,INFLOW,20070606 0000,20070606 0000,1582, ,CFS
FOL,D,76,INFLOW,20070607 0000,20070607 0000,1051, ,CFS
FOL,D,76,INFLOW,20070608 0000,20070608 0000,1325, ,CFS
FOL,D,76,INFLOW,20070609 0000,20070609 0000,1356, ,CFS
FOL,D,76,INFLOW,20070610 0000,20070610 0000,1261, ,CFS
FOL,D,76,INFLOW,20070611 0000,20070611 0000,1208, ,CFS
FOL,D,76,INFLOW,20070612 0000,20070612 0000,1379, ,CFS
FOL,D,76,INFLOW,20070613 0000,20070613 0000,1184, ,CFS
FOL,D,76,INFLOW,20070614 0000,20070614 0000,1399, ,CFS
FOL,D,76,INFLOW,20070615 0000,20070615 0000,1435, ,CFS
FOL,D,76,INFLOW,20070616 0000,20070616 0000,1485, ,CFS
FOL,D,76,INFLOW,20070617 0000,20070617 0000,1271, ,CFS
FOL,D,76,INFLOW,20070618 0000,20070618 0000,1039, ,CFS
FOL,D,76,INFLOW,20070619 0000,20070619 0000,1081, ,CFS
FOL,D,76,INFLOW,20070620 0000,20070620 0000,911, ,CFS
FOL,D,76,INFLOW,20070621 0000,20070621 0000,966, ,CFS
FOL,D,76,INFLOW,20070622 0000,20070622 0000,1044, ,CFS
FOL,D,76,INFLOW,20070623 0000,20070623 0000,1238, ,CFS
FOL,D,76,INFLOW,20070624 0000,20070624 0000,1204, ,CFS
FOL,D,76,INFLOW,20070625 0000,20070625 0000,990, ,CFS
FOL,D,76,INFLOW,20070626 0000,20070626 0000,1095, ,CFS
FOL,D,76,INFLOW,20070627 0000,20070627 0000,716, ,CFS
FOL,D,76,INFLOW,20070628 0000,20070628 0000,1049, ,CFS
FOL,D,76,INFLOW,20070629 0000,20070629 0000,1147, ,CFS
FOL,D,76,INFLOW,20070630 0000,20070630 0000,1272, ,CFS
FOL,D,76,INFLOW,20070701 0000,20070701 0000,1134, ,CFS
FOL,D,76,INFLOW,20070702 0000,20070702 0000,894, ,CFS
FOL,D,76,INFLOW,20070703 0000,20070703 0000,1505, ,CFS
FOL,D,76,INFLOW,20070704 0000,20070704 0000,1389, ,CFS
FOL,D,76,INFLOW,20070705 0000,20070705 0000,1551, ,CFS
FOL,D,76,INFLOW,20070706 0000,20070706 0000,1803, ,CFS
FOL,D,76,INFLOW,20070707 0000,20070707 0000,1508, ,CFS
FOL,D,76,INFLOW,20070708 0000,20070708 0000,1057, ,CFS
FOL,D,76,INFLOW,20070709 0000,20070709 0000,1378, ,CFS
FOL,D,76,INFLOW,20070710 0000,20070710 0000,1603, ,CFS
FOL,D,76,INFLOW,20070711 0000,20070711 0000,1225, ,CFS
FOL,D,76,INFLOW,20070712 0000,20070712 0000,1372, ,CFS
FOL,D,76,INFLOW,20070713 0000,20070713 0000,1160, ,CFS
FOL,D,76,INFLOW,20070714 0000,20070714 0000,1899, ,CFS
FOL,D,76,INFLOW,20070715 0000,20070715 0000,1646, ,CFS
FOL,D,76,INFLOW,20070716 0000,20070716 0000,1449, ,CFS
FOL,D,76,INFLOW,20070717 0000,20070717 0000,1136, ,CFS
FOL,D,76,INFLOW,20070718 0000,20070718 0000,1825, ,CFS
FOL,D,76,INFLOW,20070719 0000,20070719 0000,1189, ,CFS
FOL,D,76,INFLOW,20070720 0000,20070720 0000,1445, ,CFS
FOL,D,76,INFLOW,20070721 0000,20070721 0000,1610, ,CFS
FOL,D,76,INFLOW,20070722 0000,20070722 0000,1648, ,CFS
FOL,D,76,INFLOW,20070723 0000,20070723 0000,1371, ,CFS
FOL,D,76,INFLOW,20070724 0000,20070724 0000,1314, ,CFS
FOL,D,76,INFLOW,20070725 0000,20070725 0000,1532, ,CFS
FOL,D,76,INFLOW,20070726 0000,20070726 0000,1464, ,CFS
FOL,D,76,INFLOW,20070727 0000,20070727 0000,1537, ,CFS
FOL,D,76,INFLOW,20070728 0000,20070728 0000,1488, ,CFS
FOL,D,76,INFLOW,20070729 0000,20070729 0000,1137, ,CFS
FOL,D,76,INFLOW,20070730 0000,20070730 0000,1304, ,CFS
FOL,D,76,INFLOW,20070731 0000,20070731 0000,1116, ,CFS
FOL,D,76,INFLOW,20070801 0000,20070801 0000,1370, ,CFS
FOL,D,76,INFLOW,20070802 0000,20070802 0000,1304, ,CFS
FOL,D,76,INFLOW,20070803 0000,20070803 0000,1364, ,CFS
FOL,D,76,INFLOW,20070804 0000,20070804 0000,1356, ,CFS
FOL,D,76,INFLOW,20070805 0000,20070805 0000,1144, ,CFS
FOL,D,76,INFLOW,20070806 0000,20070806 0000,1090, ,CFS
FOL,D,76,INFLOW,20070807 0000,20070807 0000,1396, ,CFS
FOL,D,76,INFLOW,20070808 0000,20070808 0000,1232, ,CFS
FOL,D,76,INFLOW,20070809 0000,20070809 0000,1131, ,CFS
FOL,D,76,INFLOW,20070810 0000,20070810 0000,1078, ,CFS
FOL,D,76,INFLOW,20070811 0000,20070811 0000,1194, ,CFS
FOL,D,76,INFLOW,20070812 0000,20070812 0000,1539, ,CFS
FOL,D,76,INFLOW,20070813 0000,20070813 0000,1452, ,CFS
FOL,D,76,INFLOW,20070814 0000,20070814 0000,1557, ,CFS
FOL,D,76,INFLOW,20070815 0000,20070815 0000,1269, ,CFS
FOL,D,76,INFLOW,20070816 0000,20070816 0000,1407, ,CFS
FOL,D,76,INFLOW,20070817 0000,20070817 0000,1139, ,CFS
FOL,D,76,INFLOW,20070818 0000,20070818 0000,1448, ,CFS
FOL,D,76,INFLOW,20070819 0000,20070819 0000,1113, ,CFS
FOL,D,76,INFLOW,20070820 0000,20070820 0000,1366, ,CFS
FOL,D,76,INFLOW,20070821 0000,20070821 0000,1483, ,CFS
FOL,D,76,INFLOW,20070822 0000,20070822 0000,1342, ,CFS
FOL,D,76,INFLOW,20070823 0000,20070823 0000,1305, ,CFS
FOL,D,76,INFLOW,20070824 0000,20070824 0000,928, ,CFS
FOL,D,76,INFLOW,20070825 0000,20070825 0000,1308, ,CFS
FOL,D,76,INFLOW,20070826 0000,20070826 0000,1379, ,CFS
FOL,D,76,INFLOW,20070827 0000,20070827 0000,954, ,CFS
FOL,D,76,INFLOW,20070828 0000,20070828 0000,1290, ,CFS
FOL,D,76,INFLOW,20070829 0000,20070829 0000,1906, ,CFS
FOL,D,76,INFLOW,20070830 0000,20070830 0000,1525, ,CFS
FOL,D,76,INFLOW,20070831 0000,20070831 0000,1493, ,CFS
FOL,D,76,INFLOW,20070901 0000,20070901 0000,1411, ,CFS
FOL,D,76,INFLOW,20070902 0000,20070902 0000,984, ,CFS
FOL,D,76,INFLOW,20070903 0000,20070903 0000,1211, ,CFS
FOL,D,76,INFLOW,20070904 0000,20070904 0000,1385, ,CFS
FOL,D,76,INFLOW,20070905 0000,20070905 0000,1035, ,CFS
FOL,D,76,INFLOW,20070906 0000,20070906 0000,880, ,CFS
FOL,D,76,INFLOW,20070907 0000,20070907 0000,1386, ,CFS
FOL,D,76,INFLOW,20070908 0000,20070908 0000,996, ,CFS
FOL,D,76,INFLOW,20070909 0000,20070909 0000,1169, ,CFS
FOL,D,76,INFLOW,20070910 0000,20070910 0000,990, ,CFS
FOL,D,76,INFLOW,20070911 0000,20070911 0000,891, ,CFS
FOL,D,76,INFLOW,20070912 0000,20070912 0000,1286, ,CFS
FOL,D,76,INFLOW,20070913 0000,20070913 0000,925, ,CFS
FOL,D,76,INFLOW,20070914 0000,20070914 0000,1322, ,CFS
FOL,D,76,INFLOW,20070915 0000,20070915 0000,1103, ,CFS
FOL,D,76,INFLOW,20070916 0000,20070916 0000,1185, ,CFS
FOL,D,76,INFLOW,20070917 0000,20070917 0000,1173, ,CFS
FOL,D,76,INFLOW,20070918 0000,20070918 0000,844, ,CFS
FOL,D,76,INFLOW,20070919 0000,20070919 0000,1281, ,CFS
FOL,D,76,INFLOW,20070920 0000,20070920 0000,1237, ,CFS
FOL,D,76,INFLOW,20070921 0000,20070921 0000,1207, ,CFS
FOL,D,76,INFLOW,20070922 0000,20070922 0000,1173, ,CFS
FOL,D,76,INFLOW,20070923 0000,20070923 0000,1034, ,CFS
FOL,D,76,INFLOW,20070924 0000,20070924 0000,811, ,CFS
FOL,D,76,INFLOW,20070925 0000,20070925 0000,1051, ,CFS
FOL,D,76,INFLOW,20070926 0000,20070926 0000,1213, ,CFS
FOL,D,76,INFLOW,20070927 0000,20070927 0000,1523, ,CFS
FOL,D,76,INFLOW,20070928 0000,20070928 0000,1434, ,CFS
FOL,D,76,INFLOW,20070929 0000,20070929 0000,753, ,CFS
FOL,D,76,INFLOW,20070930 0000,20070930 0000,702, ,CFS
FOL,D,76,INFLOW,20071001 0000,20071001 0000,1169, ,CFS
FOL,D,76,INFLOW,20071002 0000,20071002 0000,1071, ,CFS
FOL,D,76,INFLOW,20071003 0000,20071003 0000,645, ,CFS
FOL,D,76,INFLOW,20071004 0000,20071004 0000,732, ,CFS
FOL,D,76,INFLOW,20071005 0000,20071005 0000,744, ,CFS
FOL,D,76,INFLOW,20071006 0000,20071006 0000,800, ,CFS
FOL,D,76,INFLOW,20071007 0000,20071007 0000,849, ,CFS
FOL,D,76,INFLOW,20071008 0000,20071008 0000,729, ,CFS
FOL,D,76,INFLOW,20071009 0000,20071009 0000,869, ,CFS
FOL,D,76,INFLOW,20071010 0000,20071010 0000,1430, ,CFS
FOL,D,76,INFLOW,20071011 0000,20071011 0000,---, ,CFS
FOL,D,76,INFLOW,20071012 0000,20071012 0000,1136, ,CFS
FOL,D,76,INFLOW,20071013 0000,20071013 0000,789, ,CFS
FOL,D,76,INFLOW,20071014 0000,20071014 0000,825, ,CFS
FOL,D,76,INFLOW,20071015 0000,20071015 0000,855, ,CFS
FOL,D,76,INFLOW,20071016 0000,20071016 0000,960, ,CFS
FOL,D,76,INFLOW,20071017 0000,20071017 0000,459, ,CFS
FOL,D,76,INFLOW,20071018 0000,20071018 0000,347, ,CFS
FOL,D,76,INFLOW,20071019 0000,20071019 0000,688, ,CFS
FOL,D,76,INFLOW,20071020 0000,20071020 0000,950, ,CFS
FOL,D,76,INFLOW,20071021 0000,20071021 0000,1020, ,CFS
FOL,D,76,INFLOW,20071022 0000,20071022 0000,944, ,CFS
FOL,D,76,INFLOW,20071023 0000,20071023 0000,809, ,CFS
FOL,D,76,INFLOW,20071024 0000,20071024 0000,791, ,CFS
FOL,D,76,INFLOW,20071025 0000,20071025 0000,854, ,CFS
FOL,D,76,INFLOW,20071026 0000,20071026 0000,1118, ,CFS
FOL,D,76,INFLOW,20071027 0000,20071027 0000,787, ,CFS
FOL,D,76,INFLOW,20071028 0000,20071028 0000,872, ,CFS
FOL,D,76,INFLOW,20071029 0000,20071029 0000,1174, ,CFS
FOL,D,76,INFLOW,20071030 0000,20071030 0000,773, ,CFS
FOL,D,76,INFLOW,20071031 0000,20071031 0000,794, ,CFS
FOL,D,76,INFLOW,20071101 0000,20071101 0000,374, ,CFS
FOL,D,76,INFLOW,20071102 0000,20071102 0000,773, ,CFS
FOL,D,76,INFLOW,20071103 0000,20071103 0000,680, ,CFS
FOL,D,76,INFLOW,20071104 0000,20071104 0000,745, ,CFS
FOL,D,76,INFLOW,20071105 0000,20071105 0000,607, ,CFS
FOL,D,76,INFLOW,20071106 0000,20071106 0000,692, ,CFS
FOL,D,76,INFLOW,20071107 0000,20071107 0000,884, ,CFS
FOL,D,76,INFLOW,20071108 0000,20071108 0000,815, ,CFS
FOL,D,76,INFLOW,20071109 0000,20071109 0000,853, ,CFS
FOL,D,76,INFLOW,20071110 0000,20071110 0000,790, ,CFS
FOL,D,76,INFLOW,20071111 0000,20071111 0000,851, ,CFS
FOL,D,76,INFLOW,20071112 0000,20071112 0000,756, ,CFS
FOL,D,76,INFLOW,20071113 0000,20071113 0000,629, ,CFS
FOL,D,76,INFLOW,20071114 0000,20071114 0000,807, ,CFS
FOL,D,76,INFLOW,20071115 0000,20071115 0000,588, ,CFS
FOL,D,76,INFLOW,20071116 0000,20071116 0000,508, ,CFS
FOL,D,76,INFLOW,20071117 0000,20071117 0000,621, ,CFS
FOL,D,76,INFLOW,20071118 0000,20071118 0000,620, ,CFS
FOL,D,76,INFLOW,20071119 0000,20071119 0000,387, ,CFS
FOL,D,76,INFLOW,20071120 0000,20071120 0000,342, ,CFS
FOL,D,76,INFLOW,20071121 0000,20071121 0000,380, ,CFS
FOL,D,76,INFLOW,20071122 0000,20071122 0000,295, ,CFS
FOL,D,76,INFLOW,20071123 0000,20071123 0000,357, ,CFS
FOL,D,76,INFLOW,20071124 0000,20071124 0000,695, ,CFS
FOL,D,76,INFLOW,20071125 0000,20071125 0000,554, ,CFS
FOL,D,76,INFLOW,20071126 0000,20071126 0000,929, ,CFS
FOL,D,76,INFLOW,20071127 0000,20071127 0000,377, ,CFS
FOL,D,76,INFLOW,20071128 0000,20071128 0000,384, ,CFS
FOL,D,76,INFLOW,20071129 0000,20071129 0000,469, ,CFS
FOL,D,76,INFLOW,20071130 0000,20071130 0000,512, ,CFS
FOL,D,76,INFLOW,20071201 0000,20071201 0000,791, ,CFS
FOL,D,76,INFLOW,20071202 0000,20071202 0000,953, ,CFS
FOL,D,76,INFLOW,20071203 0000,20071203 0000,787, ,CFS
FOL,D,76,INFLOW,20071204 0000,20071204 0000,704, ,CFS
FOL,D,76,INFLOW,20071205 0000,20071205 0000,657, ,CFS
FOL,D,76,INFLOW,20071206 0000,20071206 0000,1062, ,CFS
FOL,D,76,INFLOW,20071207 0000,20071207 0000,2189, ,CFS
FOL,D,76,INFLOW,20071208 0000,20071208 0000,1861, ,CFS
FOL,D,76,INFLOW,20071209 0000,20071209 0000,1051, ,CFS
FOL,D,76,INFLOW,20071210 0000,20071210 0000,730, ,CFS
FOL,D,76,INFLOW,20071211 0000,20071211 0000,697, ,CFS
FOL,D,76,INFLOW,20071212 0000,20071212 0000,759, ,CFS
FOL,D,76,INFLOW,20071213 0000,20071213 0000,621, ,CFS
FOL,D,76,INFLOW,20071214 0000,20071214 0000,942, ,CFS
FOL,D,76,INFLOW,20071215 0000,20071215 0000,1080, ,CFS
FOL,D,76,INFLOW,20071216 0000,20071216 0000,986, ,CFS
FOL,D,76,INFLOW,20071217 0000,20071217 0000,761, ,CFS
FOL,D,76,INFLOW,20071218 0000,20071218 0000,1161, ,CFS
FOL,D,76,INFLOW,20071219 0000,20071219 0000,1407, ,CFS
FOL,D,76,INFLOW,20071220 0000,20071220 0000,2258, ,CFS
FOL,D,76,INFLOW,20071221 0000,20071221 0000,1738, ,CFS
FOL,D,76,INFLOW,20071222 0000,20071222 0000,1458, ,CFS
FOL,D,76,INFLOW,20071223 0000,20071223 0000,1151, ,CFS
FOL,D,76,INFLOW,20071224 0000,20071224 0000,862, ,CFS
FOL,D,76,INFLOW,20071225 0000,20071225 0000,843, ,CFS
FOL,D,76,INFLOW,20071226 0000,20071226 0000,852, ,CFS
FOL,D,76,INFLOW,20071227 0000,20071227 0000,799, ,CFS
FOL,D,76,INFLOW,20071228 0000,20071228 0000,769, ,CFS
FOL,D,76,INFLOW,20071229 0000,20071229 0000,1066, ,CFS
FOL,D,76,INFLOW,20071230 0000,20071230 0000,1125, ,CFS
FOL,D,76,INFLOW,20071231 0000,20071231 0000,983, ,CFS
FOL,D,76,INFLOW,20080101 0000,20080101 0000,977, ,CFS
FOL,D,76,INFLOW,20080102 0000,20080102 0000,1061, ,CFS
FOL,D,76,INFLOW,20080103 0000,20080103 0000,1712, ,CFS
FOL,D,76,INFLOW,20080104 0000,20080104 0000,---, ,CFS
FOL,D,76,INFLOW,20080105 0000,20080105 0000,7072, ,CFS
FOL,D,76,INFLOW,20080106 0000,20080106 0000,3877, ,CFS
FOL,D,76,INFLOW,20080107 0000,20080107 0000,2703, ,CFS
FOL,D,76,INFLOW,20080108 0000,20080108 0000,1928, ,CFS
FOL,D,76,INFLOW,20080109 0000,20080109 0000,2490, ,CFS
FOL,D,76,INFLOW,20080110 0000,20080110 0000,1974, ,CFS
FOL,D,76,INFLOW,20080111 0000,20080111 0000,1728, ,CFS
FOL,D,76,INFLOW,20080112 0000,20080112 0000,1990, ,CFS
FOL,D,76,INFLOW,20080113 0000,20080113 0000,1740, ,CFS
FOL,D,76,INFLOW,20080114 0000,20080114 0000,1514, ,CFS
FOL,D,76,INFLOW,20080115 0000,20080115 0000,1329, ,CFS
FOL,D,76,INFLOW,20080116 0000,20080116 0000,1289, ,CFS
FOL,D,76,INFLOW,20080117 0000,20080117 0000,1217, ,CFS
FOL,D,76,INFLOW,20080118 0000,20080118 0000,1180, ,CFS
FOL,D,76,INFLOW,20080119 0000,20080119 0000,1432, ,CFS
FOL,D,76,INFLOW,20080120 0000,20080120 0000,1379, ,CFS
FOL,D,76,INFLOW,20080121 0000,20080121 0000,1123, ,CFS
FOL,D,76,INFLOW,20080122 0000,20080122 0000,1120, ,CFS
FOL,D,76,INFLOW,20080123 0000,20080123 0000,1279, ,CFS
FOL,D,76,INFLOW,20080124 0000,20080124 0000,1565, ,CFS
FOL,D,76,INFLOW,20080125 0000,20080125 0000,1550, ,CFS
FOL,D,76,INFLOW,20080126 0000,20080126 0000,1465, ,CFS
FOL,D,76,INFLOW,20080127 0000,20080127 0000,1844, ,CFS
FOL,D,76,INFLOW,20080128 0000,20080128 0000,3984, ,CFS
FOL,D,76,INFLOW,20080129 0000,20080129 0000,2698, ,CFS
FOL,D,76,INFLOW,20080130 0000,20080130 0000,2496, ,CFS
FOL,D,76,INFLOW,20080131 0000,20080131 0000,2167, ,CFS
FOL,D,76,INFLOW,20080201 0000,20080201 0000,3884, ,CFS
FOL,D,76,INFLOW,20080202 0000,20080202 0000,3021, ,CFS
FOL,D,76,INFLOW,20080203 0000,20080203 0000,4991, ,CFS
FOL,D,76,INFLOW,20080204 0000,20080204 0000,4114, ,CFS
FOL,D,76,INFLOW,20080205 0000,20080205 0000,2476, ,CFS
FOL,D,76,INFLOW,20080206 0000,20080206 0000,2228, ,CFS
FOL,D,76,INFLOW,20080207 0000,20080207 0000,2614, ,CFS
FOL,D,76,INFLOW,20080208 0000,20080208 0000,2310, ,CFS
FOL,D,76,INFLOW,20080209 0000,20080209 0000,2259, ,CFS
FOL,D,76,INFLOW,20080210 0000,20080210 0000,1918, ,CFS
FOL,D,76,INFLOW,20080211 0000,20080211 0000,1895, ,CFS
FOL,D,76,INFLOW,20080212 0000,20080212 0000,2118, ,CFS
FOL,D,76,INFLOW,20080213 0000,20080213 0000,1914, ,CFS
FOL,D,76,INFLOW,20080214 0000,20080214 0000,2280, ,CFS
FOL,D,76,INFLOW,20080215 0000,20080215 0000,2034, ,CFS
FOL,D,76,INFLOW,20080216 0000,20080216 0000,1941, ,CFS
FOL,D,76,INFLOW,20080217 0000,20080217 0000,1713, ,CFS
FOL,D,76,INFLOW,20080218 0000,20080218 0000,2180, ,CFS
FOL,D,76,INFLOW,20080219 0000,20080219 0000,2388, ,CFS
FOL,D,76,INFLOW,20080220 0000,20080220 0000,2188, ,CFS
FOL,D,76,INFLOW,20080221 0000,20080221 0000,2237, ,CFS
FOL,D,76,INFLOW,20080222 0000,20080222 0000,2518, ,CFS
FOL,D,76,INFLOW,20080223 0000,20080223 0000,3076, ,CFS
FOL,D,76,INFLOW,20080224 0000,20080224 0000,3811, ,CFS
FOL,D,76,INFLOW,20080225 0000,20080225 0000,5917, ,CFS
FOL,D,76,INFLOW,20080226 0000,20080226 0000,3932, ,CFS
FOL,D,76,INFLOW,20080227 0000,20080227 0000,2782, ,CFS
FOL,D,76,INFLOW,20080228 0000,20080228 0000,3025, ,CFS
FOL,D,76,INFLOW,20080229 0000,20080229 0000,2651, ,CFS
FOL,D,76,INFLOW,20080301 0000,20080301 0000,2770, ,CFS
FOL,D,76,INFLOW,20080302 0000,20080302 0000,2901, ,CFS
FOL,D,76,INFLOW,20080303 0000,20080303 0000,2585, ,CFS
FOL,D,76,INFLOW,20080304 0000,20080304 0000,2364, ,CFS
FOL,D,76,INFLOW,20080305 0000,20080305 0000,2742, ,CFS
FOL,D,76,INFLOW,20080306 0000,20080306 0000,2204, ,CFS
FOL,D,76,INFLOW,20080307 0000,20080307 0000,2274, ,CFS
FOL,D,76,INFLOW,20080308 0000,20080308 0000,2192, ,CFS
FOL,D,76,INFLOW,20080309 0000,20080309 0000,2162, ,CFS
FOL,D,76,INFLOW,20080310 0000,20080310 0000,2328, ,CFS
FOL,D,76,INFLOW,20080311 0000,20080311 0000,2020, ,CFS
FOL,D,76,INFLOW,20080312 0000,20080312 0000,2104, ,CFS
FOL,D,76,INFLOW,20080313 0000,20080313 0000,2791, ,CFS
FOL,D,76,INFLOW,20080314 0000,20080314 0000,3983, ,CFS
FOL,D,76,INFLOW,20080315 0000,20080315 0000,3261, ,CFS
FOL,D,76,INFLOW,20080316 0000,20080316 0000,2842, ,CFS
FOL,D,76,INFLOW,20080317 0000,20080317 0000,2674, ,CFS
FOL,D,76,INFLOW,20080318 0000,20080318 0000,2089, ,CFS
FOL,D,76,INFLOW,20080319 0000,20080319 0000,2073, ,CFS
FOL,D,76,INFLOW,20080320 0000,20080320 0000,2269, ,CFS
FOL,D,76,INFLOW,20080321 0000,20080321 0000,2426, ,CFS
FOL,D,76,INFLOW,20080322 0000,20080322 0000,2520, ,CFS
FOL,D,76,INFLOW,20080323 0000,20080323 0000,2401, ,CFS
FOL,D,76,INFLOW,20080324 0000,20080324 0000,2307, ,CFS
FOL,D,76,INFLOW,20080325 0000,20080325 0000,2597, ,CFS
FOL,D,76,INFLOW,20080326 0000,20080326 0000,2823, ,CFS
FOL,D,76,INFLOW,20080327 0000,20080327 0000,2825, ,CFS
FOL,D,76,INFLOW,20080328 0000,20080328 0000,2875, ,CFS
FOL,D,76,INFLOW,20080329 0000,20080329 0000,2513, ,CFS
FOL,D,76,INFLOW,20080330 0000,20080330 0000,2428, ,CFS
FOL,D,76,INFLOW,20080331 0000,20080331 0000,2369, ,CFS
FOL,D,76,INFLOW,20080401 0000,20080401 0000,2325, ,CFS
FOL,D,76,INFLOW,20080402 0000,20080402 0000,2422, ,CFS
FOL,D,76,INFLOW,20080403 0000,20080403 0000,2464, ,CFS
FOL,D,76,INFLOW,20080404 0000,20080404 0000,2244, ,CFS
FOL,D,76,INFLOW,20080405 0000,20080405 0000,2268, ,CFS
FOL,D,76,INFLOW,20080406 0000,20080406 0000,2362, ,CFS
FOL,D,76,INFLOW,20080407 0000,20080407 0000,2330, ,CFS
FOL,D,76,INFLOW,20080408 0000,20080408 0000,2528, ,CFS
FOL,D,76,INFLOW,20080409 0000,20080409 0000,2155, ,CFS
FOL,D,76,INFLOW,20080410 0000,20080410 0000,2003, ,CFS
FOL,D,76,INFLOW,20080411 0000,20080411 0000,2501, ,CFS
FOL,D,76,INFLOW,20080412 0000,20080412 0000,2786, ,CFS
FOL,D,76,INFLOW,20080413 0000,20080413 0000,3336, ,CFS
FOL,D,76,INFLOW,20080414 0000,20080414 0000,3871, ,CFS
FOL,D,76,INFLOW,20080415 0000,20080415 0000,3276, ,CFS
FOL,D,76,INFLOW,20080416 0000,20080416 0000,3191, ,CFS
FOL,D,76,INFLOW,20080417 0000,20080417 0000,3074, ,CFS
FOL,D,76,INFLOW,20080418 0000,20080418 0000,3210, ,CFS
FOL,D,76,INFLOW,20080419 0000,20080419 0000,3399, ,CFS
FOL,D,76,INFLOW,20080420 0000,20080420 0000,2892, ,CFS
FOL,D,76,INFLOW,20080421 0000,20080421 0000,2891, ,CFS
FOL,D,76,INFLOW,20080422 0000,20080422 0000,2974, ,CFS
FOL,D,76,INFLOW,20080423 0000,20080423 0000,3075, ,CFS
FOL,D,76,INFLOW,20080424 0000,20080424 0000,2726, ,CFS
FOL,D,76,INFLOW,20080425 0000,20080425 0000,2597, ,CFS
FOL,D,76,INFLOW,20080426 0000,20080426 0000,2482, ,CFS
FOL,D,76,INFLOW,20080427 0000,20080427 0000,2839, ,CFS
FOL,D,76,INFLOW,20080428 0000,20080428 0000,3806, ,CFS
FOL,D,76,INFLOW,20080429 0000,20080429 0000,3891, ,CFS
FOL,D,76,INFLOW,20080430 0000,20080430 0000,3646, ,CFS
FOL,D,76,INFLOW,20080501 0000,20080501 0000,2917, ,CFS
FOL,D,76,INFLOW,20080502 0000,20080502 0000,2903, ,CFS
FOL,D,76,INFLOW,20080503 0000,20080503 0000,2916, ,CFS
FOL,D,76,INFLOW,20080504 0000,20080504 0000,3194, ,CFS
FOL,D,76,INFLOW,20080505 0000,20080505 0000,2442, ,CFS
FOL,D,76,INFLOW,20080506 0000,20080506 0000,3660, ,CFS
FOL,D,76,INFLOW,20080507 0000,20080507 0000,4169, ,CFS
FOL,D,76,INFLOW,20080508 0000,20080508 0000,3831, ,CFS
FOL,D,76,INFLOW,20080509 0000,20080509 0000,3095, ,CFS
FOL,D,76,INFLOW,20080510 0000,20080510 0000,3207, ,CFS
FOL,D,76,INFLOW,20080511 0000,20080511 0000,3380, ,CFS
FOL,D,76,INFLOW,20080512 0000,20080512 0000,3394, ,CFS
FOL,D,76,INFLOW,20080513 0000,20080513 0000,3180, ,CFS
FOL,D,76,INFLOW,20080514 0000,20080514 0000,3146, ,CFS
FOL,D,76,INFLOW,20080515 0000,20080515 0000,3274, ,CFS
FOL,D,76,INFLOW,20080516 0000,20080516 0000,4522, ,CFS
FOL,D,76,INFLOW,20080517 0000,20080517 0000,4125, ,CFS
FOL,D,76,INFLOW,20080518 0000,20080518 0000,4370, ,CFS
FOL,D,76,INFLOW,20080519 0000,20080519 0000,3484, ,CFS
FOL,D,76,INFLOW,20080520 0000,20080520 0000,3290, ,CFS
FOL,D,76,INFLOW,20080521 0000,20080521 0000,2680, ,CFS
FOL,D,76,INFLOW,20080522 0000,20080522 0000,2344, ,CFS
FOL,D,76,INFLOW,20080523 0000,20080523 0000,1896, ,CFS
FOL,D,76,INFLOW,20080524 0000,20080524 0000,1964, ,CFS
FOL,D,76,INFLOW,20080525 0000,20080525 0000,2324, ,CFS
FOL,D,76,INFLOW,20080526 0000,20080526 0000,1873, ,CFS
FOL,D,76,INFLOW,20080527 0000,20080527 0000,1992, ,CFS
FOL,D,76,INFLOW,20080528 0000,20080528 0000,1531, ,CFS
FOL,D,76,INFLOW,20080529 0000,20080529 0000,2055, ,CFS
FOL,D,76,INFLOW,20080530 0000,20080530 0000,1796, ,CFS
FOL,D,76,INFLOW,20080531 0000,20080531 0000,2068, ,CFS
FOL,D,76,INFLOW,20080601 0000,20080601 0000,1736, ,CFS
FOL,D,76,INFLOW,20080602 0000,20080602 0000,1644, ,CFS
FOL,D,76,INFLOW,20080603 0000,20080603 0000,1825, ,CFS
FOL,D,76,INFLOW,20080604 0000,20080604 0000,1552, ,CFS
FOL,D,76,INFLOW,20080605 0000,20080605 0000,1788, ,CFS
FOL,D,76,INFLOW,20080606 0000,20080606 0000,1397, ,CFS
FOL,D,76,INFLOW,20080607 0000,20080607 0000,1564, ,CFS
FOL,D,76,INFLOW,20080608 0000,20080608 0000,1565, ,CFS
FOL,D,76,INFLOW,20080609 0000,20080609 0000,1571, ,CFS
FOL,D,76,INFLOW,20080610 0000,20080610 0000,1692, ,CFS
FOL,D,76,INFLOW,20080611 0000,20080611 0000,1557, ,CFS
FOL,D,76,INFLOW,20080612 0000,20080612 0000,1607, ,CFS
FOL,D,76,INFLOW,20080613 0000,20080613 0000,1290, ,CFS
FOL,D,76,INFLOW,20080614 0000,20080614 0000,1430, ,CFS
FOL,D,76,INFLOW,20080615 0000,20080615 0000,1270, ,CFS
FOL,D,76,INFLOW,20080616 0000,20080616 0000,1319, ,CFS
FOL,D,76,INFLOW,20080617 0000,20080617 0000,1153, ,CFS
FOL,D,76,INFLOW,20080618 0000,20080618 0000,918, ,CFS
FOL,D,76,INFLOW,20080619 0000,20080619 0000,1282, ,CFS
FOL,D,76,INFLOW,20080620 0000,20080620 0000,1105, ,CFS
FOL,D,76,INFLOW,20080621 0000,20080621 0000,1245, ,CFS
FOL,D,76,INFLOW,20080622 0000,20080622 0000,1360, ,CFS
FOL,D,76,INFLOW,20080623 0000,20080623 0000,1155, ,CFS
FOL,D,76,INFLOW,20080624 0000,20080624 0000,1317, ,CFS
FOL,D,76,INFLOW,20080625 0000,20080625 0000,841, ,CFS
FOL,D,76,INFLOW,20080626 0000,20080626 0000,1146, ,CFS
FOL,D,76,INFLOW,20080627 0000,20080627 0000,1335, ,CFS
FOL,D,76,INFLOW,20080628 0000,20080628 0000,1359, ,CFS
FOL,D,76,INFLOW,20080629 0000,20080629 0000,1178, ,CFS
FOL,D,76,INFLOW,20080630 0000,20080630 0000,933, ,CFS
FOL,D,76,INFLOW,20080701 0000,20080701 0000,1087, ,CFS
FOL,D,76,INFLOW,20080702 0000,20080702 0000,1077, ,CFS
FOL,D,76,INFLOW,20080703 0000,20080703 0000,1199, ,CFS
FOL,D,76,INFLOW,20080704 0000,20080704 0000,1141, ,CFS
FOL,D,76,INFLOW,20080705 0000,20080705 0000,1161, ,CFS
FOL,D,76,INFLOW,20080706 0000,20080706 0000,1391, ,CFS
FOL,D,76,INFLOW,20080707 0000,20080707 0000,1218, ,CFS
FOL,D,76,INFLOW,20080708 0000,20080708 0000,1239, ,CFS
FOL,D,76,INFLOW,20080709 0000,20080709 0000,1199, ,CFS
FOL,D,76,INFLOW,20080710 0000,20080710 0000,1404, ,CFS
FOL,D,76,INFLOW,20080711 0000,20080711 0000,1150, ,CFS
FOL,D,76,INFLOW,20080712 0000,20080712 0000,1287, ,CFS
FOL,D,76,INFLOW,20080713 0000,20080713 0000,1304, ,CFS
FOL,D,76,INFLOW,20080714 0000,20080714 0000,1396, ,CFS
FOL,D,76,INFLOW,20080715 0000,20080715 0000,1202, ,CFS
FOL,D,76,INFLOW,20080716 0000,20080716 0000,1441, ,CFS
FOL,D,76,INFLOW,20080717 0000,20080717 0000,1296, ,CFS
FOL,D,76,INFLOW,20080718 0000,20080718 0000,1251, ,CFS
FOL,D,76,INFLOW,20080719 0000,20080719 0000,1321, ,CFS
FOL,D,76,INFLOW,20080720 0000,20080720 0000,1339, ,CFS
FOL,D,76,INFLOW,20080721 0000,20080721 0000,927, ,CFS
FOL,D,76,INFLOW,20080722 0000,20080722 0000,1315, ,CFS
FOL,D,76,INFLOW,20080723 0000,20080723 0000,1396, ,CFS
FOL,D,76,INFLOW,20080724 0000,20080724 0000,821, ,CFS
FOL,D,76,INFLOW,20080725 0000,20080725 0000,1231, ,CFS
FOL,D,76,INFLOW,20080726 0000,20080726 0000,1330, ,CFS
FOL,D,76,INFLOW,20080727 0000,20080727 0000,1779, ,CFS
FOL,D,76,INFLOW,20080728 0000,20080728 0000,184, ,CFS
FOL,D,76,INFLOW,20080729 0000,20080729 0000,1110, ,CFS
FOL,D,76,INFLOW,20080730 0000,20080730 0000,1531, ,CFS
FOL,D,76,INFLOW,20080731 0000,20080731 0000,1714, ,CFS
FOL,D,76,INFLOW,20080801 0000,20080801 0000,1545, ,CFS
FOL,D,76,INFLOW,20080802 0000,20080802 0000,1361, ,CFS
FOL,D,76,INFLOW,20080803 0000,20080803 0000,1677, ,CFS
FOL,D,76,INFLOW,20080804 0000,20080804 0000,1652, ,CFS
FOL,D,76,INFLOW,20080805 0000,20080805 0000,1293, ,CFS
FOL,D,76,INFLOW,20080806 0000,20080806 0000,988, ,CFS
FOL,D,76,INFLOW,20080807 0000,20080807 0000,1136, ,CFS
FOL,D,76,INFLOW,20080808 0000,20080808 0000,1210, ,CFS
FOL,D,76,INFLOW,20080809 0000,20080809 0000,1381, ,CFS
FOL,D,76,INFLOW,20080810 0000,20080810 0000,1510, ,CFS
FOL,D,76,INFLOW,20080811 0000,20080811 0000,1645, ,CFS
FOL,D,76,INFLOW,20080812 0000,20080812 0000,1255, ,CFS
FOL,D,76,INFLOW,20080813 0000,20080813 0000,1626, ,CFS
FOL,D,76,INFLOW,20080814 0000,20080814 0000,1636, ,CFS
FOL,D,76,INFLOW,20080815 0000,20080815 0000,1315, ,CFS
FOL,D,76,INFLOW,20080816 0000,20080816 0000,1443, ,CFS
FOL,D,76,INFLOW,20080817 0000,20080817 0000,1112, ,CFS
FOL,D,76,INFLOW,20080818 0000,20080818 0000,1019, ,CFS
FOL,D,76,INFLOW,20080819 0000,20080819 0000,1046, ,CFS
FOL,D,76,INFLOW,20080820 0000,20080820 0000,1318, ,CFS
FOL,D,76,INFLOW,20080821 0000,20080821 0000,1605, ,CFS
FOL,D,76,INFLOW,20080822 0000,20080822 0000,1437, ,CFS
FOL,D,76,INFLOW,20080823 0000,20080823 0000,1436, ,CFS
FOL,D,76,INFLOW,20080824 0000,20080824 0000,1305, ,CFS
FOL,D,76,INFLOW,20080825 0000,20080825 0000,1197, ,CFS
FOL,D,76,INFLOW,20080826 0000,20080826 0000,1210, ,CFS
FOL,D,76,INFLOW,20080827 0000,20080827 0000,1519, ,CFS
FOL,D,76,INFLOW,20080828 0000,20080828 0000,987, ,CFS
FOL,D,76,INFLOW,20080829 0000,20080829 0000,1144, ,CFS
FOL,D,76,INFLOW,20080830 0000,20080830 0000,1408, ,CFS
FOL,D,76,INFLOW,20080831 0000,20080831 0000,1120, ,CFS
FOL,D,76,INFLOW,20080901 0000,20080901 0000,1168, ,CFS
FOL,D,76,INFLOW,20080902 0000,20080902 0000,1049, ,CFS
FOL,D,76,INFLOW,20080903 0000,20080903 0000,1041, ,CFS
FOL,D,76,INFLOW,20080904 0000,20080904 0000,1452, ,CFS
FOL,D,76,INFLOW,20080905 0000,20080905 0000,1240, ,CFS
FOL,D,76,INFLOW,20080906 0000,20080906 0000,1199, ,CFS
FOL,D,76,INFLOW,20080907 0000,20080907 0000,1135, ,CFS
FOL,D,76,INFLOW,20080908 0000,20080908 0000,1159, ,CFS
FOL,D,76,INFLOW,20080909 0000,20080909 0000,1019, ,CFS
FOL,D,76,INFLOW,20080910 0000,20080910 0000,1106, ,CFS
FOL,D,76,INFLOW,20080911 0000,20080911 0000,1035, ,CFS
FOL,D,76,INFLOW,20080912 0000,20080912 0000,1395, ,CFS
FOL,D,76,INFLOW,20080913 0000,20080913 0000,1444, ,CFS
FOL,D,76,INFLOW,20080914 0000,20080914 0000,914, ,CFS
FOL,D,76,INFLOW,20080915 0000,20080915 0000,1284, ,CFS
FOL,D,76,INFLOW,20080916 0000,20080916 0000,1380, ,CFS
FOL,D,76,INFLOW,20080917 0000,20080917 0000,810, ,CFS
FOL,D,76,INFLOW,20080918 0000,20080918 0000,1177, ,CFS
FOL,D,76,INFLOW,20080919 0000,20080919 0000,1595, ,CFS
FOL,D,76,INFLOW,20080920 0000,20080920 0000,1278, ,CFS
FOL,D,76,INFLOW,20080921 0000,20080921 0000,1289, ,CFS
FOL,D,76,INFLOW,20080922 0000,20080922 0000,977, ,CFS
FOL,D,76,INFLOW,20080923 0000,20080923 0000,989, ,CFS
FOL,D,76,INFLOW,20080924 0000,20080924 0000,1509, ,CFS
FOL,D,76,INFLOW,20080925 0000,20080925 0000,1470, ,CFS
FOL,D,76,INFLOW,20080926 0000,20080926 0000,1312, ,CFS
FOL,D,76,INFLOW,20080927 0000,20080927 0000,1263, ,CFS
FOL,D,76,INFLOW,20080928 0000,20080928 0000,879, ,CFS
FOL,D,76,INFLOW,20080929 0000,20080929 0000,898, ,CFS
FOL,D,76,INFLOW,20080930 0000,20080930 0000,856, ,CFS
FOL,D,76,INFLOW,20081001 0000,20081001 0000,1027, ,CFS
FOL,D,76,INFLOW,20081002 0000,20081002 0000,973, ,CFS
FOL,D,76,INFLOW,20081003 0000,20081003 0000,967, ,CFS
FOL,D,76,INFLOW,20081004 0000,20081004 0000,1098, ,CFS
FOL,D,76,INFLOW,20081005 0000,20081005 0000,1017, ,CFS
FOL,D,76,INFLOW,20081006 0000,20081006 0000,899, ,CFS
FOL,D,76,INFLOW,20081007 0000,20081007 0000,837, ,CFS
FOL,D,76,INFLOW,20081008 0000,20081008 0000,574, ,CFS
FOL,D,76,INFLOW,20081009 0000,20081009 0000,604, ,CFS
FOL,D,76,INFLOW,20081010 0000,20081010 0000,796, ,CFS
FOL,D,76,INFLOW,20081011 0000,20081011 0000,926, ,CFS
FOL,D,76,INFLOW,20081012 0000,20081012 0000,941, ,CFS
FOL,D,76,INFLOW,20081013 0000,20081013 0000,805, ,CFS
FOL,D,76,INFLOW,20081014 0000,20081014 0000,766, ,CFS
FOL,D,76,INFLOW,20081015 0000,20081015 0000,751, ,CFS
FOL,D,76,INFLOW,20081016 0000,20081016 0000,801, ,CFS
FOL,D,76,INFLOW,20081017 0000,20081017 0000,687, ,CFS
FOL,D,76,INFLOW,20081018 0000,20081018 0000,983, ,CFS
FOL,D,76,INFLOW,20081019 0000,20081019 0000,951, ,CFS
FOL,D,76,INFLOW,20081020 0000,20081020 0000,639, ,CFS
FOL,D,76,INFLOW,20081021 0000,20081021 0000,579, ,CFS
FOL,D,76,INFLOW,20081022 0000,20081022 0000,565, ,CFS
FOL,D,76,INFLOW,20081023 0000,20081023 0000,434, ,CFS
FOL,D,76,INFLOW,20081024 0000,20081024 0000,683, ,CFS
FOL,D,76,INFLOW,20081025 0000,20081025 0000,598, ,CFS
FOL,D,76,INFLOW,20081026 0000,20081026 0000,822, ,CFS
FOL,D,76,INFLOW,20081027 0000,20081027 0000,371, ,CFS
FOL,D,76,INFLOW,20081028 0000,20081028 0000,397, ,CFS
FOL,D,76,INFLOW,20081029 0000,20081029 0000,495, ,CFS
FOL,D,76,INFLOW,20081030 0000,20081030 0000,422, ,CFS
FOL,D,76,INFLOW,20081031 0000,20081031 0000,586, ,CFS
FOL,D,76,INFLOW,20081101 0000,20081101 0000,1170, ,CFS
FOL,D,76,INFLOW,20081102 0000,20081102 0000,1532, ,CFS
FOL,D,76,INFLOW,20081103 0000,20081103 0000,1604, ,CFS
FOL,D,76,INFLOW,20081104 0000,20081104 0000,1061, ,CFS
FOL,D,76,INFLOW,20081105 0000,20081105 0000,841, ,CFS
FOL,D,76,INFLOW,20081106 0000,20081106 0000,695, ,CFS
FOL,D,76,INFLOW,20081107 0000,20081107 0000,578, ,CFS
FOL,D,76,INFLOW,20081108 0000,20081108 0000,822, ,CFS
FOL,D,76,INFLOW,20081109 0000,20081109 0000,913, ,CFS
FOL,D,76,INFLOW,20081110 0000,20081110 0000,724, ,CFS
FOL,D,76,INFLOW,20081111 0000,20081111 0000,875, ,CFS
FOL,D,76,INFLOW,20081112 0000,20081112 0000,752, ,CFS
FOL,D,76,INFLOW,20081113 0000,20081113 0000,745, ,CFS
FOL,D,76,INFLOW,20081114 0000,20081114 0000,804, ,CFS
FOL,D,76,INFLOW,20081115 0000,20081115 0000,954, ,CFS
FOL,D,76,INFLOW,20081116 0000,20081116 0000,951, ,CFS
FOL,D,76,INFLOW,20081117 0000,20081117 0000,995, ,CFS
FOL,D,76,INFLOW,20081118 0000,20081118 0000,874, ,CFS
FOL,D,76,INFLOW,20081119 0000,20081119 0000,515, ,CFS
FOL,D,76,INFLOW,20081120 0000,20081120 0000,550, ,CFS
FOL,D,76,INFLOW,20081121 0000,20081121 0000,701, ,CFS
FOL,D,76,INFLOW,20081122 0000,20081122 0000,846, ,CFS
FOL,D,76,INFLOW,20081123 0000,20081123 0000,828, ,CFS
FOL,D,76,INFLOW,20081124 0000,20081124 0000,617, ,CFS
FOL,D,76,INFLOW,20081125 0000,20081125 0000,1159, ,CFS
FOL,D,76,INFLOW,20081126 0000,20081126 0000,998, ,CFS
FOL,D,76,INFLOW,20081127 0000,20081127 0000,893, ,CFS
FOL,D,76,INFLOW,20081128 0000,20081128 0000,556, ,CFS
FOL,D,76,INFLOW,20081129 0000,20081129 0000,861, ,CFS
FOL,D,76,INFLOW,20081130 0000,20081130 0000,657, ,CFS
FOL,D,76,INFLOW,20081201 0000,20081201 0000,568, ,CFS
FOL,D,76,INFLOW,20081202 0000,20081202 0000,714, ,CFS
FOL,D,76,INFLOW,20081203 0000,20081203 0000,599, ,CFS
FOL,D,76,INFLOW,20081204 0000,20081204 0000,498, ,CFS
FOL,D,76,INFLOW,20081205 0000,20081205 0000,---, ,CFS
FOL,D,76,INFLOW,20081206 0000,20081206 0000,1151, ,CFS
FOL,D,76,INFLOW,20081207 0000,20081207 0000,1047, ,CFS
FOL,D,76,INFLOW,20081208 0000,20081208 0000,829, ,CFS
FOL,D,76,INFLOW,20081209 0000,20081209 0000,1006, ,CFS
FOL,D,76,INFLOW,20081210 0000,20081210 0000,1022, ,CFS
FOL,D,76,INFLOW,20081211 0000,20081211 0000,1163, ,CFS
FOL,D,76,INFLOW,20081212 0000,20081212 0000,1011, ,CFS
FOL,D,76,INFLOW,20081213 0000,20081213 0000,1152, ,CFS
FOL,D,76,INFLOW,20081214 0000,20081214 0000,1210, ,CFS
FOL,D,76,INFLOW,20081215 0000,20081215 0000,1196, ,CFS
FOL,D,76,INFLOW,20081216 0000,20081216 0000,1866, ,CFS
FOL,D,76,INFLOW,20081217 0000,20081217 0000,1506, ,CFS
FOL,D,76,INFLOW,20081218 0000,20081218 0000,1808, ,CFS
FOL,D,76,INFLOW,20081219 0000,20081219 0000,1560, ,CFS
FOL,D,76,INFLOW,20081220 0000,20081220 0000,1934, ,CFS
FOL,D,76,INFLOW,20081221 0000,20081221 0000,1756, ,CFS
FOL,D,76,INFLOW,20081222 0000,20081222 0000,2006, ,CFS
FOL,D,76,INFLOW,20081223 0000,20081223 0000,2026, ,CFS
FOL,D,76,INFLOW,20081224 0000,20081224 0000,1313, ,CFS
FOL,D,76,INFLOW,20081225 0000,20081225 0000,2183, ,CFS
FOL,D,76,INFLOW,20081226 0000,20081226 0000,2032, ,CFS
FOL,D,76,INFLOW,20081227 0000,20081227 0000,1386, ,CFS
FOL,D,76,INFLOW,20081228 0000,20081228 0000,1320, ,CFS
FOL,D,76,INFLOW,20081229 0000,20081229 0000,1149, ,CFS
FOL,D,76,INFLOW,20081230 0000,20081230 0000,1040, ,CFS
FOL,D,76,INFLOW,20081231 0000,20081231 0000,1013, ,CFS
FOL,D,76,INFLOW,20090101 0000,20090101 0000,828, ,CFS
FOL,D,76,INFLOW,20090102 0000,20090102 0000,924, ,CFS
FOL,D,76,INFLOW,20090103 0000,20090103 0000,1527, ,CFS
FOL,D,76,INFLOW,20090104 0000,20090104 0000,1778, ,CFS
FOL,D,76,INFLOW,20090105 0000,20090105 0000,1228, ,CFS
FOL,D,76,INFLOW,20090106 0000,20090106 0000,990, ,CFS
FOL,D,76,INFLOW,20090107 0000,20090107 0000,935, ,CFS
FOL,D,76,INFLOW,20090108 0000,20090108 0000,1041, ,CFS
FOL,D,76,INFLOW,20090109 0000,20090109 0000,871, ,CFS
FOL,D,76,INFLOW,20090110 0000,20090110 0000,1106, ,CFS
FOL,D,76,INFLOW,20090111 0000,20090111 0000,1125, ,CFS
FOL,D,76,INFLOW,20090112 0000,20090112 0000,839, ,CFS
FOL,D,76,INFLOW,20090113 0000,20090113 0000,910, ,CFS
FOL,D,76,INFLOW,20090114 0000,20090114 0000,948, ,CFS
FOL,D,76,INFLOW,20090115 0000,20090115 0000,907, ,CFS
FOL,D,76,INFLOW,20090116 0000,20090116 0000,944, ,CFS
FOL,D,76,INFLOW,20090117 0000,20090117 0000,1242, ,CFS
FOL,D,76,INFLOW,20090118 0000,20090118 0000,1198, ,CFS
FOL,D,76,INFLOW,20090119 0000,20090119 0000,916, ,CFS
FOL,D,76,INFLOW,20090120 0000,20090120 0000,765, ,CFS
FOL,D,76,INFLOW,20090121 0000,20090121 0000,815, ,CFS
FOL,D,76,INFLOW,20090122 0000,20090122 0000,1249, ,CFS
FOL,D,76,INFLOW,20090123 0000,20090123 0000,2220, ,CFS
FOL,D,76,INFLOW,20090124 0000,20090124 0000,4600, ,CFS
FOL,D,76,INFLOW,20090125 0000,20090125 0000,4635, ,CFS
FOL,D,76,INFLOW,20090126 0000,20090126 0000,3141, ,CFS
FOL,D,76,INFLOW,20090127 0000,20090127 0000,1501, ,CFS
FOL,D,76,INFLOW,20090128 0000,20090128 0000,1399, ,CFS
FOL,D,76,INFLOW,20090129 0000,20090129 0000,1795, ,CFS
FOL,D,76,INFLOW,20090130 0000,20090130 0000,1461, ,CFS
FOL,D,76,INFLOW,20090131 0000,20090131 0000,1634, ,CFS
FOL,D,76,INFLOW,20090201 0000,20090201 0000,1592, ,CFS
FOL,D,76,INFLOW,20090202 0000,20090202 0000,1388, ,CFS
FOL,D,76,INFLOW,20090203 0000,20090203 0000,1378, ,CFS
FOL,D,76,INFLOW,20090204 0000,20090204 0000,1432, ,CFS
FOL,D,76,INFLOW,20090205 0000,20090205 0000,1598, ,CFS
FOL,D,76,INFLOW,20090206 0000,20090206 0000,1221, ,CFS
FOL,D,76,INFLOW,20090207 0000,20090207 0000,1446, ,CFS
FOL,D,76,INFLOW,20090208 0000,20090208 0000,1325, ,CFS
FOL,D,76,INFLOW,20090209 0000,20090209 0000,1627, ,CFS
FOL,D,76,INFLOW,20090210 0000,20090210 0000,1721, ,CFS
FOL,D,76,INFLOW,20090211 0000,20090211 0000,1567, ,CFS
FOL,D,76,INFLOW,20090212 0000,20090212 0000,1596, ,CFS
FOL,D,76,INFLOW,20090213 0000,20090213 0000,2344, ,CFS
FOL,D,76,INFLOW,20090214 0000,20090214 0000,3282, ,CFS
FOL,D,76,INFLOW,20090215 0000,20090215 0000,2042, ,CFS
FOL,D,76,INFLOW,20090216 0000,20090216 0000,2865, ,CFS
FOL,D,76,INFLOW,20090217 0000,20090217 0000,4655, ,CFS
FOL,D,76,INFLOW,20090218 0000,20090218 0000,5307, ,CFS
FOL,D,76,INFLOW,20090219 0000,20090219 0000,3760, ,CFS
FOL,D,76,INFLOW,20090220 0000,20090220 0000,2974, ,CFS
FOL,D,76,INFLOW,20090221 0000,20090221 0000,2880, ,CFS
FOL,D,76,INFLOW,20090222 0000,20090222 0000,2965, ,CFS
FOL,D,76,INFLOW,20090223 0000,20090223 0000,14228, ,CFS
FOL,D,76,INFLOW,20090224 0000,20090224 0000,19079, ,CFS
FOL,D,76,INFLOW,20090225 0000,20090225 0000,10404, ,CFS
FOL,D,76,INFLOW,20090226 0000,20090226 0000,7770, ,CFS
FOL,D,76,INFLOW,20090227 0000,20090227 0000,6824, ,CFS
FOL,D,76,INFLOW,20090228 0000,20090228 0000,5873, ,CFS
FOL,D,76,INFLOW,20090301 0000,20090301 0000,5733, ,CFS
FOL,D,76,INFLOW,20090302 0000,20090302 0000,13061, ,CFS
FOL,D,76,INFLOW,20090303 0000,20090303 0000,23402, ,CFS
FOL,D,76,INFLOW,20090304 0000,20090304 0000,21458, ,CFS
FOL,D,76,INFLOW,20090305 0000,20090305 0000,10859, ,CFS
FOL,D,76,INFLOW,20090306 0000,20090306 0000,8140, ,CFS
FOL,D,76,INFLOW,20090307 0000,20090307 0000,6826, ,CFS
FOL,D,76,INFLOW,20090308 0000,20090308 0000,5734, ,CFS
FOL,D,76,INFLOW,20090309 0000,20090309 0000,5986, ,CFS
FOL,D,76,INFLOW,20090310 0000,20090310 0000,5446, ,CFS
FOL,D,76,INFLOW,20090311 0000,20090311 0000,4803, ,CFS
FOL,D,76,INFLOW,20090312 0000,20090312 0000,4810, ,CFS
FOL,D,76,INFLOW,20090313 0000,20090313 0000,4301, ,CFS
FOL,D,76,INFLOW,20090314 0000,20090314 0000,3799, ,CFS
FOL,D,76,INFLOW,20090315 0000,20090315 0000,3814, ,CFS
FOL,D,76,INFLOW,20090316 0000,20090316 0000,4736, ,CFS
FOL,D,76,INFLOW,20090317 0000,20090317 0000,5379, ,CFS
FOL,D,76,INFLOW,20090318 0000,20090318 0000,4535, ,CFS
FOL,D,76,INFLOW,20090319 0000,20090319 0000,4688, ,CFS
FOL,D,76,INFLOW,20090320 0000,20090320 0000,4779, ,CFS
FOL,D,76,INFLOW,20090321 0000,20090321 0000,5083, ,CFS
FOL,D,76,INFLOW,20090322 0000,20090322 0000,5745, ,CFS
FOL,D,76,INFLOW,20090323 0000,20090323 0000,5670, ,CFS
FOL,D,76,INFLOW,20090324 0000,20090324 0000,4469, ,CFS
FOL,D,76,INFLOW,20090325 0000,20090325 0000,4279, ,CFS
FOL,D,76,INFLOW,20090326 0000,20090326 0000,4107, ,CFS
FOL,D,76,INFLOW,20090327 0000,20090327 0000,4256, ,CFS
FOL,D,76,INFLOW,20090328 0000,20090328 0000,3971, ,CFS
FOL,D,76,INFLOW,20090329 0000,20090329 0000,4044, ,CFS
FOL,D,76,INFLOW,20090330 0000,20090330 0000,4642, ,CFS
FOL,D,76,INFLOW,20090331 0000,20090331 0000,4387, ,CFS
FOL,D,76,INFLOW,20090401 0000,20090401 0000,4114, ,CFS
FOL,D,76,INFLOW,20090402 0000,20090402 0000,4198, ,CFS
FOL,D,76,INFLOW,20090403 0000,20090403 0000,4097, ,CFS
FOL,D,76,INFLOW,20090404 0000,20090404 0000,4135, ,CFS
FOL,D,76,INFLOW,20090405 0000,20090405 0000,3467, ,CFS
FOL,D,76,INFLOW,20090406 0000,20090406 0000,3966, ,CFS
FOL,D,76,INFLOW,20090407 0000,20090407 0000,4559, ,CFS
FOL,D,76,INFLOW,20090408 0000,20090408 0000,5018, ,CFS
FOL,D,76,INFLOW,20090409 0000,20090409 0000,5010, ,CFS
FOL,D,76,INFLOW,20090410 0000,20090410 0000,4055, ,CFS
FOL,D,76,INFLOW,20090411 0000,20090411 0000,3895, ,CFS
FOL,D,76,INFLOW,20090412 0000,20090412 0000,3575, ,CFS
FOL,D,76,INFLOW,20090413 0000,20090413 0000,4104, ,CFS
FOL,D,76,INFLOW,20090414 0000,20090414 0000,4015, ,CFS
FOL,D,76,INFLOW,20090415 0000,20090415 0000,3543, ,CFS
FOL,D,76,INFLOW,20090416 0000,20090416 0000,3541, ,CFS
FOL,D,76,INFLOW,20090417 0000,20090417 0000,3565, ,CFS
FOL,D,76,INFLOW,20090418 0000,20090418 0000,3621, ,CFS
FOL,D,76,INFLOW,20090419 0000,20090419 0000,4084, ,CFS
FOL,D,76,INFLOW,20090420 0000,20090420 0000,4963, ,CFS
FOL,D,76,INFLOW,20090421 0000,20090421 0000,5687, ,CFS
FOL,D,76,INFLOW,20090422 0000,20090422 0000,6561, ,CFS
FOL,D,76,INFLOW,20090423 0000,20090423 0000,5952, ,CFS
FOL,D,76,INFLOW,20090424 0000,20090424 0000,5135, ,CFS
FOL,D,76,INFLOW,20090425 0000,20090425 0000,4353, ,CFS
FOL,D,76,INFLOW,20090426 0000,20090426 0000,4246, ,CFS
FOL,D,76,INFLOW,20090427 0000,20090427 0000,4336, ,CFS
FOL,D,76,INFLOW,20090428 0000,20090428 0000,3523, ,CFS
FOL,D,76,INFLOW,20090429 0000,20090429 0000,3521, ,CFS
FOL,D,76,INFLOW,20090430 0000,20090430 0000,3579, ,CFS
FOL,D,76,INFLOW,20090501 0000,20090501 0000,4793, ,CFS
FOL,D,76,INFLOW,20090502 0000,20090502 0000,11644, ,CFS
FOL,D,76,INFLOW,20090503 0000,20090503 0000,12693, ,CFS
FOL,D,76,INFLOW,20090504 0000,20090504 0000,13202, ,CFS
FOL,D,76,INFLOW,20090505 0000,20090505 0000,16557, ,CFS
FOL,D,76,INFLOW,20090506 0000,20090506 0000,13521, ,CFS
FOL,D,76,INFLOW,20090507 0000,20090507 0000,10219, ,CFS
FOL,D,76,INFLOW,20090508 0000,20090508 0000,9202, ,CFS
FOL,D,76,INFLOW,20090509 0000,20090509 0000,8409, ,CFS
FOL,D,76,INFLOW,20090510 0000,20090510 0000,7598, ,CFS
FOL,D,76,INFLOW,20090511 0000,20090511 0000,7262, ,CFS
FOL,D,76,INFLOW,20090512 0000,20090512 0000,6530, ,CFS
FOL,D,76,INFLOW,20090513 0000,20090513 0000,5870, ,CFS
FOL,D,76,INFLOW,20090514 0000,20090514 0000,5647, ,CFS
FOL,D,76,INFLOW,20090515 0000,20090515 0000,5537, ,CFS
FOL,D,76,INFLOW,20090516 0000,20090516 0000,5659, ,CFS
FOL,D,76,INFLOW,20090517 0000,20090517 0000,5937, ,CFS
FOL,D,76,INFLOW,20090518 0000,20090518 0000,5818, ,CFS
FOL,D,76,INFLOW,20090519 0000,20090519 0000,5937, ,CFS
FOL,D,76,INFLOW,20090520 0000,20090520 0000,6126, ,CFS
FOL,D,76,INFLOW,20090521 0000,20090521 0000,5889, ,CFS
FOL,D,76,INFLOW,20090522 0000,20090522 0000,5285, ,CFS
FOL,D,76,INFLOW,20090523 0000,20090523 0000,4203, ,CFS
FOL,D,76,INFLOW,20090524 0000,20090524 0000,4291, ,CFS
FOL,D,76,INFLOW,20090525 0000,20090525 0000,3939, ,CFS
FOL,D,76,INFLOW,20090526 0000,20090526 0000,4141, ,CFS
FOL,D,76,INFLOW,20090527 0000,20090527 0000,3691, ,CFS
FOL,D,76,INFLOW,20090528 0000,20090528 0000,3705, ,CFS
FOL,D,76,INFLOW,20090529 0000,20090529 0000,3070, ,CFS
FOL,D,76,INFLOW,20090530 0000,20090530 0000,2624, ,CFS
FOL,D,76,INFLOW,20090531 0000,20090531 0000,2705, ,CFS
FOL,D,76,INFLOW,20090601 0000,20090601 0000,2825, ,CFS
FOL,D,76,INFLOW,20090602 0000,20090602 0000,2763, ,CFS
FOL,D,76,INFLOW,20090603 0000,20090603 0000,3380, ,CFS
FOL,D,76,INFLOW,20090604 0000,20090604 0000,3513, ,CFS
FOL,D,76,INFLOW,20090605 0000,20090605 0000,3416, ,CFS
FOL,D,76,INFLOW,20090606 0000,20090606 0000,2702, ,CFS
FOL,D,76,INFLOW,20090607 0000,20090607 0000,2918, ,CFS
FOL,D,76,INFLOW,20090608 0000,20090608 0000,3107, ,CFS
FOL,D,76,INFLOW,20090609 0000,20090609 0000,1885, ,CFS
FOL,D,76,INFLOW,20090610 0000,20090610 0000,2033, ,CFS
FOL,D,76,INFLOW,20090611 0000,20090611 0000,2105, ,CFS
FOL,D,76,INFLOW,20090612 0000,20090612 0000,1591, ,CFS
FOL,D,76,INFLOW,20090613 0000,20090613 0000,2094, ,CFS
FOL,D,76,INFLOW,20090614 0000,20090614 0000,1754, ,CFS
FOL,D,76,INFLOW,20090615 0000,20090615 0000,1804, ,CFS
FOL,D,76,INFLOW,20090616 0000,20090616 0000,1713, ,CFS
FOL,D,76,INFLOW,20090617 0000,20090617 0000,1491, ,CFS
FOL,D,76,INFLOW,20090618 0000,20090618 0000,2120, ,CFS
FOL,D,76,INFLOW,20090619 0000,20090619 0000,2012, ,CFS
FOL,D,76,INFLOW,20090620 0000,20090620 0000,1479, ,CFS
FOL,D,76,INFLOW,20090621 0000,20090621 0000,1428, ,CFS
FOL,D,76,INFLOW,20090622 0000,20090622 0000,1251, ,CFS
FOL,D,76,INFLOW,20090623 0000,20090623 0000,1537, ,CFS
FOL,D,76,INFLOW,20090624 0000,20090624 0000,1639, ,CFS
FOL,D,76,INFLOW,20090625 0000,20090625 0000,1318, ,CFS
FOL,D,76,INFLOW,20090626 0000,20090626 0000,1061, ,CFS
FOL,D,76,INFLOW,20090627 0000,20090627 0000,1202, ,CFS
FOL,D,76,INFLOW,20090628 0000,20090628 0000,1249, ,CFS
FOL,D,76,INFLOW,20090629 0000,20090629 0000,1721, ,CFS
FOL,D,76,INFLOW,20090630 0000,20090630 0000,1291, ,CFS
FOL,D,76,INFLOW,20090701 0000,20090701 0000,882, ,CFS
FOL,D,76,INFLOW,20090702 0000,20090702 0000,1655, ,CFS
FOL,D,76,INFLOW,20090703 0000,20090703 0000,1365, ,CFS
FOL,D,76,INFLOW,20090704 0000,20090704 0000,1443, ,CFS
FOL,D,76,INFLOW,20090705 0000,20090705 0000,1287, ,CFS
FOL,D,76,INFLOW,20090706 0000,20090706 0000,1069, ,CFS
FOL,D,76,INFLOW,20090707 0000,20090707 0000,1207, ,CFS
FOL,D,76,INFLOW,20090708 0000,20090708 0000,867, ,CFS
FOL,D,76,INFLOW,20090709 0000,20090709 0000,1046, ,CFS
FOL,D,76,INFLOW,20090710 0000,20090710 0000,1293, ,CFS
FOL,D,76,INFLOW,20090711 0000,20090711 0000,1248, ,CFS
FOL,D,76,INFLOW,20090712 0000,20090712 0000,1313, ,CFS
FOL,D,76,INFLOW,20090713 0000,20090713 0000,1138, ,CFS
FOL,D,76,INFLOW,20090714 0000,20090714 0000,1389, ,CFS
FOL,D,76,INFLOW,20090715 0000,20090715 0000,1582, ,CFS
FOL,D,76,INFLOW,20090716 0000,20090716 0000,1067, ,CFS
FOL,D,76,INFLOW,20090717 0000,20090717 0000,1440, ,CFS
FOL,D,76,INFLOW,20090718 0000,20090718 0000,1607, ,CFS
FOL,D,76,INFLOW,20090719 0000,20090719 0000,1753, ,CFS
FOL,D,76,INFLOW,20090720 0000,20090720 0000,1459, ,CFS
FOL,D,76,INFLOW,20090721 0000,20090721 0000,1310, ,CFS
FOL,D,76,INFLOW,20090722 0000,20090722 0000,849, ,CFS
FOL,D,76,INFLOW,20090723 0000,20090723 0000,1031, ,CFS
FOL,D,76,INFLOW,20090724 0000,20090724 0000,1240, ,CFS
FOL,D,76,INFLOW,20090725 0000,20090725 0000,1294, ,CFS
FOL,D,76,INFLOW,20090726 0000,20090726 0000,1223, ,CFS
FOL,D,76,INFLOW,20090727 0000,20090727 0000,1700, ,CFS
FOL,D,76,INFLOW,20090728 0000,20090728 0000,1480, ,CFS
FOL,D,76,INFLOW,20090729 0000,20090729 0000,1099, ,CFS
FOL,D,76,INFLOW,20090730 0000,20090730 0000,851, ,CFS
FOL,D,76,INFLOW,20090731 0000,20090731 0000,1092, ,CFS
FOL,D,76,INFLOW,20090801 0000,20090801 0000,1542, ,CFS
FOL,D,76,INFLOW,20090802 0000,20090802 0000,1241, ,CFS
FOL,D,76,INFLOW,20090803 0000,20090803 0000,1296, ,CFS
FOL,D,76,INFLOW,20090804 0000,20090804 0000,1144, ,CFS
FOL,D,76,INFLOW,20090805 0000,20090805 0000,1886, ,CFS
FOL,D,76,INFLOW,20090806 0000,20090806 0000,1331, ,CFS
FOL,D,76,INFLOW,20090807 0000,20090807 0000,1273, ,CFS
FOL,D,76,INFLOW,20090808 0000,20090808 0000,1674, ,CFS
FOL,D,76,INFLOW,20090809 0000,20090809 0000,1692, ,CFS
FOL,D,76,INFLOW,20090810 0000,20090810 0000,1456, ,CFS
FOL,D,76,INFLOW,20090811 0000,20090811 0000,1700, ,CFS
FOL,D,76,INFLOW,20090812 0000,20090812 0000,1335, ,CFS
FOL,D,76,INFLOW,20090813 0000,20090813 0000,1841, ,CFS
FOL,D,76,INFLOW,20090814 0000,20090814 0000,1346, ,CFS
FOL,D,76,INFLOW,20090815 0000,20090815 0000,1481, ,CFS
FOL,D,76,INFLOW,20090816 0000,20090816 0000,1504, ,CFS
FOL,D,76,INFLOW,20090817 0000,20090817 0000,1132, ,CFS
FOL,D,76,INFLOW,20090818 0000,20090818 0000,1588, ,CFS
FOL,D,76,INFLOW,20090819 0000,20090819 0000,1423, ,CFS
FOL,D,76,INFLOW,20090820 0000,20090820 0000,1273, ,CFS
FOL,D,76,INFLOW,20090821 0000,20090821 0000,1766, ,CFS
FOL,D,76,INFLOW,20090822 0000,20090822 0000,1593, ,CFS
FOL,D,76,INFLOW,20090823 0000,20090823 0000,1427, ,CFS
FOL,D,76,INFLOW,20090824 0000,20090824 0000,1322, ,CFS
FOL,D,76,INFLOW,20090825 0000,20090825 0000,1483, ,CFS
FOL,D,76,INFLOW,20090826 0000,20090826 0000,1690, ,CFS
FOL,D,76,INFLOW,20090827 0000,20090827 0000,1449, ,CFS
FOL,D,76,INFLOW,20090828 0000,20090828 0000,1630, ,CFS
FOL,D,76,INFLOW,20090829 0000,20090829 0000,2287, ,CFS
FOL,D,76,INFLOW,20090830 0000,20090830 0000,1707, ,CFS
FOL,D,76,INFLOW,20090831 0000,20090831 0000,1393, ,CFS
FOL,D,76,INFLOW,20090901 0000,20090901 0000,1819, ,CFS
FOL,D,76,INFLOW,20090902 0000,20090902 0000,2168, ,CFS
FOL,D,76,INFLOW,20090903 0000,20090903 0000,2001, ,CFS
FOL,D,76,INFLOW,20090904 0000,20090904 0000,1558, ,CFS
FOL,D,76,INFLOW,20090905 0000,20090905 0000,1473, ,CFS
FOL,D,76,INFLOW,20090906 0000,20090906 0000,1425, ,CFS
FOL,D,76,INFLOW,20090907 0000,20090907 0000,1563, ,CFS
FOL,D,76,INFLOW,20090908 0000,20090908 0000,1402, ,CFS
FOL,D,76,INFLOW,20090909 0000,20090909 0000,1674, ,CFS
FOL,D,76,INFLOW,20090910 0000,20090910 0000,1697, ,CFS
FOL,D,76,INFLOW,20090911 0000,20090911 0000,2184, ,CFS
FOL,D,76,INFLOW,20090912 0000,20090912 0000,2073, ,CFS
FOL,D,76,INFLOW,20090913 0000,20090913 0000,1510, ,CFS
FOL,D,76,INFLOW,20090914 0000,20090914 0000,2072, ,CFS
FOL,D,76,INFLOW,20090915 0000,20090915 0000,2058, ,CFS
FOL,D,76,INFLOW,20090916 0000,20090916 0000,2008, ,CFS
FOL,D,76,INFLOW,20090917 0000,20090917 0000,1702, ,CFS
FOL,D,76,INFLOW,20090918 0000,20090918 0000,2004, ,CFS
FOL,D,76,INFLOW,20090919 0000,20090919 0000,1673, ,CFS
FOL,D,76,INFLOW,20090920 0000,20090920 0000,1559, ,CFS
FOL,D,76,INFLOW,20090921 0000,20090921 0000,1281, ,CFS
FOL,D,76,INFLOW,20090922 0000,20090922 0000,1533, ,CFS
FOL,D,76,INFLOW,20090923 0000,20090923 0000,2050, ,CFS
FOL,D,76,INFLOW,20090924 0000,20090924 0000,1954, ,CFS
FOL,D,76,INFLOW,20090925 0000,20090925 0000,1439, ,CFS
FOL,D,76,INFLOW,20090926 0000,20090926 0000,1099, ,CFS
FOL,D,76,INFLOW,20090927 0000,20090927 0000,1635, ,CFS
FOL,D,76,INFLOW,20090928 0000,20090928 0000,1600, ,CFS
FOL,D,76,INFLOW,20090929 0000,20090929 0000,1125, ,CFS
FOL,D,76,INFLOW,20090930 0000,20090930 0000,1381, ,CFS
FOL,D,76,INFLOW,20091001 0000,20091001 0000,1351, ,CFS
FOL,D,76,INFLOW,20091002 0000,20091002 0000,1521, ,CFS
FOL,D,76,INFLOW,20091003 0000,20091003 0000,1604, ,CFS
FOL,D,76,INFLOW,20091004 0000,20091004 0000,1431, ,CFS
FOL,D,76,INFLOW,20091005 0000,20091005 0000,1251, ,CFS
FOL,D,76,INFLOW,20091006 0000,20091006 0000,1440, ,CFS
FOL,D,76,INFLOW,20091007 0000,20091007 0000,1108, ,CFS
FOL,D,76,INFLOW,20091008 0000,20091008 0000,1088, ,CFS
FOL,D,76,INFLOW,20091009 0000,20091009 0000,1445, ,CFS
FOL,D,76,INFLOW,20091010 0000,20091010 0000,1318, ,CFS
FOL,D,76,INFLOW,20091011 0000,20091011 0000,2044, ,CFS
FOL,D,76,INFLOW,20091012 0000,20091012 0000,1623, ,CFS
FOL,D,76,INFLOW,20091013 0000,20091013 0000,3121, ,CFS
FOL,D,76,INFLOW,20091014 0000,20091014 0000,2202, ,CFS
FOL,D,76,INFLOW,20091015 0000,20091015 0000,2452, ,CFS
FOL,D,76,INFLOW,20091016 0000,20091016 0000,2196, ,CFS
FOL,D,76,INFLOW,20091017 0000,20091017 0000,1886, ,CFS
FOL,D,76,INFLOW,20091018 0000,20091018 0000,1522, ,CFS
FOL,D,76,INFLOW,20091019 0000,20091019 0000,848, ,CFS
FOL,D,76,INFLOW,20091020 0000,20091020 0000,821, ,CFS
FOL,D,76,INFLOW,20091021 0000,20091021 0000,620, ,CFS
FOL,D,76,INFLOW,20091022 0000,20091022 0000,671, ,CFS
FOL,D,76,INFLOW,20091023 0000,20091023 0000,1302, ,CFS
FOL,D,76,INFLOW,20091024 0000,20091024 0000,187, ,CFS
FOL,D,76,INFLOW,20091025 0000,20091025 0000,580, ,CFS
FOL,D,76,INFLOW,20091026 0000,20091026 0000,624, ,CFS
FOL,D,76,INFLOW,20091027 0000,20091027 0000,408, ,CFS
FOL,D,76,INFLOW,20091028 0000,20091028 0000,403, ,CFS
FOL,D,76,INFLOW,20091029 0000,20091029 0000,583, ,CFS
FOL,D,76,INFLOW,20091030 0000,20091030 0000,624, ,CFS
FOL,D,76,INFLOW,20091031 0000,20091031 0000,591, ,CFS
FOL,D,76,INFLOW,20091101 0000,20091101 0000,610, ,CFS
FOL,D,76,INFLOW,20091102 0000,20091102 0000,361, ,CFS
FOL,D,76,INFLOW,20091103 0000,20091103 0000,550, ,CFS
FOL,D,76,INFLOW,20091104 0000,20091104 0000,455, ,CFS
FOL,D,76,INFLOW,20091105 0000,20091105 0000,510, ,CFS
FOL,D,76,INFLOW,20091106 0000,20091106 0000,404, ,CFS
FOL,D,76,INFLOW,20091107 0000,20091107 0000,686, ,CFS
FOL,D,76,INFLOW,20091108 0000,20091108 0000,647, ,CFS
FOL,D,76,INFLOW,20091109 0000,20091109 0000,527, ,CFS
FOL,D,76,INFLOW,20091110 0000,20091110 0000,591, ,CFS
FOL,D,76,INFLOW,20091111 0000,20091111 0000,707, ,CFS
FOL,D,76,INFLOW,20091112 0000,20091112 0000,726, ,CFS
FOL,D,76,INFLOW,20091113 0000,20091113 0000,882, ,CFS
FOL,D,76,INFLOW,20091114 0000,20091114 0000,769, ,CFS
FOL,D,76,INFLOW,20091115 0000,20091115 0000,693, ,CFS
FOL,D,76,INFLOW,20091116 0000,20091116 0000,1258, ,CFS
FOL,D,76,INFLOW,20091117 0000,20091117 0000,1282, ,CFS
FOL,D,76,INFLOW,20091118 0000,20091118 0000,1251, ,CFS
FOL,D,76,INFLOW,20091119 0000,20091119 0000,1262, ,CFS
FOL,D,76,INFLOW,20091120 0000,20091120 0000,1352, ,CFS
FOL,D,76,INFLOW,20091121 0000,20091121 0000,1460, ,CFS
FOL,D,76,INFLOW,20091122 0000,20091122 0000,1497, ,CFS
FOL,D,76,INFLOW,20091123 0000,20091123 0000,1366, ,CFS
FOL,D,76,INFLOW,20091124 0000,20091124 0000,1326, ,CFS
FOL,D,76,INFLOW,20091125 0000,20091125 0000,1575, ,CFS
FOL,D,76,INFLOW,20091126 0000,20091126 0000,1265, ,CFS
FOL,D,76,INFLOW,20091127 0000,20091127 0000,1434, ,CFS
FOL,D,76,INFLOW,20091128 0000,20091128 0000,1649, ,CFS
FOL,D,76,INFLOW,20091129 0000,20091129 0000,1504, ,CFS
FOL,D,76,INFLOW,20091130 0000,20091130 0000,1303, ,CFS
FOL,D,76,INFLOW,20091201 0000,20091201 0000,1336, ,CFS
FOL,D,76,INFLOW,20091202 0000,20091202 0000,1418, ,CFS
FOL,D,76,INFLOW,20091203 0000,20091203 0000,1596, ,CFS
FOL,D,76,INFLOW,20091204 0000,20091204 0000,1578, ,CFS
FOL,D,76,INFLOW,20091205 0000,20091205 0000,1730, ,CFS
FOL,D,76,INFLOW,20091206 0000,20091206 0000,1382, ,CFS
FOL,D,76,INFLOW,20091207 0000,20091207 0000,1388, ,CFS
FOL,D,76,INFLOW,20091208 0000,20091208 0000,1446, ,CFS
FOL,D,76,INFLOW,20091209 0000,20091209 0000,1432, ,CFS
FOL,D,76,INFLOW,20091210 0000,20091210 0000,1311, ,CFS
FOL,D,76,INFLOW,20091211 0000,20091211 0000,1798, ,CFS
FOL,D,76,INFLOW,20091212 0000,20091212 0000,2790, ,CFS
FOL,D,76,INFLOW,20091213 0000,20091213 0000,3973, ,CFS
FOL,D,76,INFLOW,20091214 0000,20091214 0000,2607, ,CFS
FOL,D,76,INFLOW,20091215 0000,20091215 0000,---, ,CFS
FOL,D,76,INFLOW,20091216 0000,20091216 0000,1399, ,CFS
FOL,D,76,INFLOW,20091217 0000,20091217 0000,1753, ,CFS
FOL,D,76,INFLOW,20091218 0000,20091218 0000,1400, ,CFS
FOL,D,76,INFLOW,20091219 0000,20091219 0000,1627, ,CFS
FOL,D,76,INFLOW,20091220 0000,20091220 0000,1413, ,CFS
FOL,D,76,INFLOW,20091221 0000,20091221 0000,1417, ,CFS
FOL,D,76,INFLOW,20091222 0000,20091222 0000,1741, ,CFS
FOL,D,76,INFLOW,20091223 0000,20091223 0000,1743, ,CFS
FOL,D,76,INFLOW,20091224 0000,20091224 0000,1656, ,CFS
FOL,D,76,INFLOW,20091225 0000,20091225 0000,1518, ,CFS
FOL,D,76,INFLOW,20091226 0000,20091226 0000,1317, ,CFS
FOL,D,76,INFLOW,20091227 0000,20091227 0000,1474, ,CFS
FOL,D,76,INFLOW,20091228 0000,20091228 0000,1234, ,CFS
FOL,D,76,INFLOW,20091229 0000,20091229 0000,938, ,CFS
FOL,D,76,INFLOW,20091230 0000,20091230 0000,943, ,CFS
FOL,D,76,INFLOW,20091231 0000,20091231 0000,1075, ,CFS
FOL,D,76,INFLOW,20100101 0000,20100101 0000,1033, ,CFS
FOL,D,76,INFLOW,20100102 0000,20100102 0000,1385, ,CFS
FOL,D,76,INFLOW,20100103 0000,20100103 0000,1354, ,CFS
FOL,D,76,INFLOW,20100104 0000,20100104 0000,1006, ,CFS
FOL,D,76,INFLOW,20100105 0000,20100105 0000,1546, ,CFS
FOL,D,76,INFLOW,20100106 0000,20100106 0000,935, ,CFS
FOL,D,76,INFLOW,20100107 0000,20100107 0000,884, ,CFS
FOL,D,76,INFLOW,20100108 0000,20100108 0000,974, ,CFS
FOL,D,76,INFLOW,20100109 0000,20100109 0000,1163, ,CFS
FOL,D,76,INFLOW,20100110 0000,20100110 0000,1349, ,CFS
FOL,D,76,INFLOW,20100111 0000,20100111 0000,1096, ,CFS
FOL,D,76,INFLOW,20100112 0000,20100112 0000,1461, ,CFS
FOL,D,76,INFLOW,20100113 0000,20100113 0000,2703, ,CFS
FOL,D,76,INFLOW,20100114 0000,20100114 0000,2688, ,CFS
FOL,D,76,INFLOW,20100115 0000,20100115 0000,2170, ,CFS
FOL,D,76,INFLOW,20100116 0000,20100116 0000,2180, ,CFS
FOL,D,76,INFLOW,20100117 0000,20100117 0000,2024, ,CFS
FOL,D,76,INFLOW,20100118 0000,20100118 0000,2971, ,CFS
FOL,D,76,INFLOW,20100119 0000,20100119 0000,4498, ,CFS
FOL,D,76,INFLOW,20100120 0000,20100120 0000,5119, ,CFS
FOL,D,76,INFLOW,20100121 0000,20100121 0000,5321, ,CFS
FOL,D,76,INFLOW,20100122 0000,20100122 0000,4918, ,CFS
FOL,D,76,INFLOW,20100123 0000,20100123 0000,3827, ,CFS
FOL,D,76,INFLOW,20100124 0000,20100124 0000,3053, ,CFS
FOL,D,76,INFLOW,20100125 0000,20100125 0000,3107, ,CFS
FOL,D,76,INFLOW,20100126 0000,20100126 0000,4434, ,CFS
FOL,D,76,INFLOW,20100127 0000,20100127 0000,4264, ,CFS
FOL,D,76,INFLOW,20100128 0000,20100128 0000,3543, ,CFS
FOL,D,76,INFLOW,20100129 0000,20100129 0000,3266, ,CFS
FOL,D,76,INFLOW,20100130 0000,20100130 0000,3270, ,CFS
FOL,D,76,INFLOW,20100131 0000,20100131 0000,2815, ,CFS
FOL,D,76,INFLOW,20100201 0000,20100201 0000,3075, ,CFS
FOL,D,76,INFLOW,20100202 0000,20100202 0000,2772, ,CFS
FOL,D,76,INFLOW,20100203 0000,20100203 0000,2784, ,CFS
FOL,D,76,INFLOW,20100204 0000,20100204 0000,2696, ,CFS
FOL,D,76,INFLOW,20100205 0000,20100205 0000,3057, ,CFS
FOL,D,76,INFLOW,20100206 0000,20100206 0000,3499, ,CFS
FOL,D,76,INFLOW,20100207 0000,20100207 0000,3010, ,CFS
FOL,D,76,INFLOW,20100208 0000,20100208 0000,2900, ,CFS
FOL,D,76,INFLOW,20100209 0000,20100209 0000,3341, ,CFS
FOL,D,76,INFLOW,20100210 0000,20100210 0000,3216, ,CFS
FOL,D,76,INFLOW,20100211 0000,20100211 0000,2966, ,CFS
FOL,D,76,INFLOW,20100212 0000,20100212 0000,2919, ,CFS
FOL,D,76,INFLOW,20100213 0000,20100213 0000,2289, ,CFS
FOL,D,76,INFLOW,20100214 0000,20100214 0000,2327, ,CFS
FOL,D,76,INFLOW,20100215 0000,20100215 0000,2271, ,CFS
FOL,D,76,INFLOW,20100216 0000,20100216 0000,2368, ,CFS
FOL,D,76,INFLOW,20100217 0000,20100217 0000,2510, ,CFS
FOL,D,76,INFLOW,20100218 0000,20100218 0000,2654, ,CFS
FOL,D,76,INFLOW,20100219 0000,20100219 0000,2653, ,CFS
FOL,D,76,INFLOW,20100220 0000,20100220 0000,2860, ,CFS
FOL,D,76,INFLOW,20100221 0000,20100221 0000,2570, ,CFS
FOL,D,76,INFLOW,20100222 0000,20100222 0000,2487, ,CFS
FOL,D,76,INFLOW,20100223 0000,20100223 0000,2593, ,CFS
FOL,D,76,INFLOW,20100224 0000,20100224 0000,3816, ,CFS
FOL,D,76,INFLOW,20100225 0000,20100225 0000,4999, ,CFS
FOL,D,76,INFLOW,20100226 0000,20100226 0000,4302, ,CFS
FOL,D,76,INFLOW,20100227 0000,20100227 0000,8949, ,CFS
FOL,D,76,INFLOW,20100228 0000,20100228 0000,6699, ,CFS
FOL,D,76,INFLOW,20100301 0000,20100301 0000,5113, ,CFS
FOL,D,76,INFLOW,20100302 0000,20100302 0000,4118, ,CFS
FOL,D,76,INFLOW,20100303 0000,20100303 0000,5379, ,CFS
FOL,D,76,INFLOW,20100304 0000,20100304 0000,5627, ,CFS
FOL,D,76,INFLOW,20100305 0000,20100305 0000,4523, ,CFS
FOL,D,76,INFLOW,20100306 0000,20100306 0000,3484, ,CFS
FOL,D,76,INFLOW,20100307 0000,20100307 0000,3560, ,CFS
FOL,D,76,INFLOW,20100308 0000,20100308 0000,3262, ,CFS
FOL,D,76,INFLOW,20100309 0000,20100309 0000,3318, ,CFS
FOL,D,76,INFLOW,20100310 0000,20100310 0000,3168, ,CFS
FOL,D,76,INFLOW,20100311 0000,20100311 0000,3026, ,CFS
FOL,D,76,INFLOW,20100312 0000,20100312 0000,3213, ,CFS
FOL,D,76,INFLOW,20100313 0000,20100313 0000,4327, ,CFS
FOL,D,76,INFLOW,20100314 0000,20100314 0000,3844, ,CFS
FOL,D,76,INFLOW,20100315 0000,20100315 0000,3447, ,CFS
FOL,D,76,INFLOW,20100316 0000,20100316 0000,3318, ,CFS
FOL,D,76,INFLOW,20100317 0000,20100317 0000,3348, ,CFS
FOL,D,76,INFLOW,20100318 0000,20100318 0000,3420, ,CFS
FOL,D,76,INFLOW,20100319 0000,20100319 0000,3294, ,CFS
FOL,D,76,INFLOW,20100320 0000,20100320 0000,3266, ,CFS
FOL,D,76,INFLOW,20100321 0000,20100321 0000,3229, ,CFS
FOL,D,76,INFLOW,20100322 0000,20100322 0000,3227, ,CFS
FOL,D,76,INFLOW,20100323 0000,20100323 0000,3397, ,CFS
FOL,D,76,INFLOW,20100324 0000,20100324 0000,3033, ,CFS
FOL,D,76,INFLOW,20100325 0000,20100325 0000,2947, ,CFS
FOL,D,76,INFLOW,20100326 0000,20100326 0000,3220, ,CFS
FOL,D,76,INFLOW,20100327 0000,20100327 0000,2659, ,CFS
FOL,D,76,INFLOW,20100328 0000,20100328 0000,2528, ,CFS
FOL,D,76,INFLOW,20100329 0000,20100329 0000,2863, ,CFS
FOL,D,76,INFLOW,20100330 0000,20100330 0000,4598, ,CFS
FOL,D,76,INFLOW,20100331 0000,20100331 0000,5112, ,CFS
FOL,D,76,INFLOW,20100401 0000,20100401 0000,4299, ,CFS
FOL,D,76,INFLOW,20100402 0000,20100402 0000,3762, ,CFS
FOL,D,76,INFLOW,20100403 0000,20100403 0000,4086, ,CFS
FOL,D,76,INFLOW,20100404 0000,20100404 0000,4017, ,CFS
FOL,D,76,INFLOW,20100405 0000,20100405 0000,4810, ,CFS
FOL,D,76,INFLOW,20100406 0000,20100406 0000,4875, ,CFS
FOL,D,76,INFLOW,20100407 0000,20100407 0000,4220, ,CFS
FOL,D,76,INFLOW,20100408 0000,20100408 0000,4260, ,CFS
FOL,D,76,INFLOW,20100409 0000,20100409 0000,4759, ,CFS
FOL,D,76,INFLOW,20100410 0000,20100410 0000,5215, ,CFS
FOL,D,76,INFLOW,20100411 0000,20100411 0000,5596, ,CFS
FOL,D,76,INFLOW,20100412 0000,20100412 0000,7232, ,CFS
FOL,D,76,INFLOW,20100413 0000,20100413 0000,6446, ,CFS
FOL,D,76,INFLOW,20100414 0000,20100414 0000,6156, ,CFS
FOL,D,76,INFLOW,20100415 0000,20100415 0000,5851, ,CFS
FOL,D,76,INFLOW,20100416 0000,20100416 0000,5568, ,CFS
FOL,D,76,INFLOW,20100417 0000,20100417 0000,4814, ,CFS
FOL,D,76,INFLOW,20100418 0000,20100418 0000,5148, ,CFS
FOL,D,76,INFLOW,20100419 0000,20100419 0000,5895, ,CFS
FOL,D,76,INFLOW,20100420 0000,20100420 0000,7569, ,CFS
FOL,D,76,INFLOW,20100421 0000,20100421 0000,7808, ,CFS
FOL,D,76,INFLOW,20100422 0000,20100422 0000,7045, ,CFS
FOL,D,76,INFLOW,20100423 0000,20100423 0000,5989, ,CFS
FOL,D,76,INFLOW,20100424 0000,20100424 0000,6252, ,CFS
FOL,D,76,INFLOW,20100425 0000,20100425 0000,5981, ,CFS
FOL,D,76,INFLOW,20100426 0000,20100426 0000,6736, ,CFS
FOL,D,76,INFLOW,20100427 0000,20100427 0000,8897, ,CFS
FOL,D,76,INFLOW,20100428 0000,20100428 0000,11311, ,CFS
FOL,D,76,INFLOW,20100429 0000,20100429 0000,9864, ,CFS
FOL,D,76,INFLOW,20100430 0000,20100430 0000,8264, ,CFS
FOL,D,76,INFLOW,20100501 0000,20100501 0000,6755, ,CFS
FOL,D,76,INFLOW,20100502 0000,20100502 0000,6338, ,CFS
FOL,D,76,INFLOW,20100503 0000,20100503 0000,6955, ,CFS
FOL,D,76,INFLOW,20100504 0000,20100504 0000,7183, ,CFS
FOL,D,76,INFLOW,20100505 0000,20100505 0000,7692, ,CFS
FOL,D,76,INFLOW,20100506 0000,20100506 0000,7010, ,CFS
FOL,D,76,INFLOW,20100507 0000,20100507 0000,6825, ,CFS
FOL,D,76,INFLOW,20100508 0000,20100508 0000,6432, ,CFS
FOL,D,76,INFLOW,20100509 0000,20100509 0000,6152, ,CFS
FOL,D,76,INFLOW,20100510 0000,20100510 0000,6883, ,CFS
FOL,D,76,INFLOW,20100511 0000,20100511 0000,6191, ,CFS
FOL,D,76,INFLOW,20100512 0000,20100512 0000,5966, ,CFS
FOL,D,76,INFLOW,20100513 0000,20100513 0000,5876, ,CFS
FOL,D,76,INFLOW,20100514 0000,20100514 0000,5307, ,CFS
FOL,D,76,INFLOW,20100515 0000,20100515 0000,6131, ,CFS
FOL,D,76,INFLOW,20100516 0000,20100516 0000,6546, ,CFS
FOL,D,76,INFLOW,20100517 0000,20100517 0000,6817, ,CFS
FOL,D,76,INFLOW,20100518 0000,20100518 0000,6837, ,CFS
FOL,D,76,INFLOW,20100519 0000,20100519 0000,6888, ,CFS
FOL,D,76,INFLOW,20100520 0000,20100520 0000,6997, ,CFS
FOL,D,76,INFLOW,20100521 0000,20100521 0000,6816, ,CFS
FOL,D,76,INFLOW,20100522 0000,20100522 0000,5834, ,CFS
FOL,D,76,INFLOW,20100523 0000,20100523 0000,5350, ,CFS
FOL,D,76,INFLOW,20100524 0000,20100524 0000,5072, ,CFS
FOL,D,76,INFLOW,20100525 0000,20100525 0000,5340, ,CFS
FOL,D,76,INFLOW,20100526 0000,20100526 0000,5401, ,CFS
FOL,D,76,INFLOW,20100527 0000,20100527 0000,7471, ,CFS
FOL,D,76,INFLOW,20100528 0000,20100528 0000,8391, ,CFS
FOL,D,76,INFLOW,20100529 0000,20100529 0000,6871, ,CFS
FOL,D,76,INFLOW,20100530 0000,20100530 0000,6394, ,CFS
FOL,D,76,INFLOW,20100531 0000,20100531 0000,6671, ,CFS
FOL,D,76,INFLOW,20100601 0000,20100601 0000,6819, ,CFS
FOL,D,76,INFLOW,20100602 0000,20100602 0000,7516, ,CFS
FOL,D,76,INFLOW,20100603 0000,20100603 0000,7975, ,CFS
FOL,D,76,INFLOW,20100604 0000,20100604 0000,8773, ,CFS
FOL,D,76,INFLOW,20100605 0000,20100605 0000,8499, ,CFS
FOL,D,76,INFLOW,20100606 0000,20100606 0000,9957, ,CFS
FOL,D,76,INFLOW,20100607 0000,20100607 0000,9926, ,CFS
FOL,D,76,INFLOW,20100608 0000,20100608 0000,8852, ,CFS
FOL,D,76,INFLOW,20100609 0000,20100609 0000,8710, ,CFS
FOL,D,76,INFLOW,20100610 0000,20100610 0000,9176, ,CFS
FOL,D,76,INFLOW,20100611 0000,20100611 0000,7789, ,CFS
FOL,D,76,INFLOW,20100612 0000,20100612 0000,7771, ,CFS
FOL,D,76,INFLOW,20100613 0000,20100613 0000,7659, ,CFS
FOL,D,76,INFLOW,20100614 0000,20100614 0000,7607, ,CFS
FOL,D,76,INFLOW,20100615 0000,20100615 0000,6601, ,CFS
FOL,D,76,INFLOW,20100616 0000,20100616 0000,6251, ,CFS
FOL,D,76,INFLOW,20100617 0000,20100617 0000,6255, ,CFS
FOL,D,76,INFLOW,20100618 0000,20100618 0000,5841, ,CFS
FOL,D,76,INFLOW,20100619 0000,20100619 0000,5279, ,CFS
FOL,D,76,INFLOW,20100620 0000,20100620 0000,4980, ,CFS
FOL,D,76,INFLOW,20100621 0000,20100621 0000,5031, ,CFS
FOL,D,76,INFLOW,20100622 0000,20100622 0000,5168, ,CFS
FOL,D,76,INFLOW,20100623 0000,20100623 0000,4703, ,CFS
FOL,D,76,INFLOW,20100624 0000,20100624 0000,4825, ,CFS
FOL,D,76,INFLOW,20100625 0000,20100625 0000,4360, ,CFS
FOL,D,76,INFLOW,20100626 0000,20100626 0000,4293, ,CFS
FOL,D,76,INFLOW,20100627 0000,20100627 0000,3982, ,CFS
FOL,D,76,INFLOW,20100628 0000,20100628 0000,4299, ,CFS
FOL,D,76,INFLOW,20100629 0000,20100629 0000,4456, ,CFS
FOL,D,76,INFLOW,20100630 0000,20100630 0000,4056, ,CFS
FOL,D,76,INFLOW,20100701 0000,20100701 0000,3798, ,CFS
FOL,D,76,INFLOW,20100702 0000,20100702 0000,3457, ,CFS
FOL,D,76,INFLOW,20100703 0000,20100703 0000,3366, ,CFS
FOL,D,76,INFLOW,20100704 0000,20100704 0000,3175, ,CFS
FOL,D,76,INFLOW,20100705 0000,20100705 0000,2904, ,CFS
FOL,D,76,INFLOW,20100706 0000,20100706 0000,2688, ,CFS
FOL,D,76,INFLOW,20100707 0000,20100707 0000,2373, ,CFS
FOL,D,76,INFLOW,20100708 0000,20100708 0000,2206, ,CFS
FOL,D,76,INFLOW,20100709 0000,20100709 0000,1996, ,CFS
FOL,D,76,INFLOW,20100710 0000,20100710 0000,1821, ,CFS
FOL,D,76,INFLOW,20100711 0000,20100711 0000,1914, ,CFS
FOL,D,76,INFLOW,20100712 0000,20100712 0000,1856, ,CFS
FOL,D,76,INFLOW,20100713 0000,20100713 0000,1744, ,CFS
FOL,D,76,INFLOW,20100714 0000,20100714 0000,1783, ,CFS
FOL,D,76,INFLOW,20100715 0000,20100715 0000,2145, ,CFS
FOL,D,76,INFLOW,20100716 0000,20100716 0000,1931, ,CFS
FOL,D,76,INFLOW,20100717 0000,20100717 0000,1782, ,CFS
FOL,D,76,INFLOW,20100718 0000,20100718 0000,2000, ,CFS
FOL,D,76,INFLOW,20100719 0000,20100719 0000,1129, ,CFS
FOL,D,76,INFLOW,20100720 0000,20100720 0000,2098, ,CFS
FOL,D,76,INFLOW,20100721 0000,20100721 0000,1512, ,CFS
FOL,D,76,INFLOW,20100722 0000,20100722 0000,1457, ,CFS
FOL,D,76,INFLOW,20100723 0000,20100723 0000,1800, ,CFS
FOL,D,76,INFLOW,20100724 0000,20100724 0000,1526, ,CFS
FOL,D,76,INFLOW,20100725 0000,20100725 0000,1229, ,CFS
FOL,D,76,INFLOW,20100726 0000,20100726 0000,1267, ,CFS
FOL,D,76,INFLOW,20100727 0000,20100727 0000,1830, ,CFS
FOL,D,76,INFLOW,20100728 0000,20100728 0000,1325, ,CFS
FOL,D,76,INFLOW,20100729 0000,20100729 0000,1800, ,CFS
FOL,D,76,INFLOW,20100730 0000,20100730 0000,1712, ,CFS
FOL,D,76,INFLOW,20100731 0000,20100731 0000,1575, ,CFS
FOL,D,76,INFLOW,20100801 0000,20100801 0000,1849, ,CFS
FOL,D,76,INFLOW,20100802 0000,20100802 0000,1424, ,CFS
FOL,D,76,INFLOW,20100803 0000,20100803 0000,1541, ,CFS
FOL,D,76,INFLOW,20100804 0000,20100804 0000,1644, ,CFS
FOL,D,76,INFLOW,20100805 0000,20100805 0000,1994, ,CFS
FOL,D,76,INFLOW,20100806 0000,20100806 0000,1684, ,CFS
FOL,D,76,INFLOW,20100807 0000,20100807 0000,1712, ,CFS
FOL,D,76,INFLOW,20100808 0000,20100808 0000,1322, ,CFS
FOL,D,76,INFLOW,20100809 0000,20100809 0000,1113, ,CFS
FOL,D,76,INFLOW,20100810 0000,20100810 0000,1662, ,CFS
FOL,D,76,INFLOW,20100811 0000,20100811 0000,1306, ,CFS
FOL,D,76,INFLOW,20100812 0000,20100812 0000,1183, ,CFS
FOL,D,76,INFLOW,20100813 0000,20100813 0000,1420, ,CFS
FOL,D,76,INFLOW,20100814 0000,20100814 0000,1485, ,CFS
FOL,D,76,INFLOW,20100815 0000,20100815 0000,1160, ,CFS
FOL,D,76,INFLOW,20100816 0000,20100816 0000,1108, ,CFS
FOL,D,76,INFLOW,20100817 0000,20100817 0000,1573, ,CFS
FOL,D,76,INFLOW,20100818 0000,20100818 0000,1760, ,CFS
FOL,D,76,INFLOW,20100819 0000,20100819 0000,1519, ,CFS
FOL,D,76,INFLOW,20100820 0000,20100820 0000,1672, ,CFS
FOL,D,76,INFLOW,20100821 0000,20100821 0000,1704, ,CFS
FOL,D,76,INFLOW,20100822 0000,20100822 0000,1230, ,CFS
FOL,D,76,INFLOW,20100823 0000,20100823 0000,916, ,CFS
FOL,D,76,INFLOW,20100824 0000,20100824 0000,1549, ,CFS
FOL,D,76,INFLOW,20100825 0000,20100825 0000,2384, ,CFS
FOL,D,76,INFLOW,20100826 0000,20100826 0000,1557, ,CFS
FOL,D,76,INFLOW,20100827 0000,20100827 0000,1160, ,CFS
FOL,D,76,INFLOW,20100828 0000,20100828 0000,1426, ,CFS
FOL,D,76,INFLOW,20100829 0000,20100829 0000,1084, ,CFS
FOL,D,76,INFLOW,20100830 0000,20100830 0000,1154, ,CFS
FOL,D,76,INFLOW,20100831 0000,20100831 0000,1252, ,CFS
FOL,D,76,INFLOW,20100901 0000,20100901 0000,1463, ,CFS
FOL,D,76,INFLOW,20100902 0000,20100902 0000,1287, ,CFS
FOL,D,76,INFLOW,20100903 0000,20100903 0000,1568, ,CFS
FOL,D,76,INFLOW,20100904 0000,20100904 0000,1497, ,CFS
FOL,D,76,INFLOW,20100905 0000,20100905 0000,1335, ,CFS
FOL,D,76,INFLOW,20100906 0000,20100906 0000,1477, ,CFS
FOL,D,76,INFLOW,20100907 0000,20100907 0000,1214, ,CFS
FOL,D,76,INFLOW,20100908 0000,20100908 0000,1165, ,CFS
FOL,D,76,INFLOW,20100909 0000,20100909 0000,1258, ,CFS
FOL,D,76,INFLOW,20100910 0000,20100910 0000,1340, ,CFS
FOL,D,76,INFLOW,20100911 0000,20100911 0000,1961, ,CFS
FOL,D,76,INFLOW,20100912 0000,20100912 0000,1252, ,CFS
FOL,D,76,INFLOW,20100913 0000,20100913 0000,1132, ,CFS
FOL,D,76,INFLOW,20100914 0000,20100914 0000,1194, ,CFS
FOL,D,76,INFLOW,20100915 0000,20100915 0000,1236, ,CFS
FOL,D,76,INFLOW,20100916 0000,20100916 0000,1732, ,CFS
FOL,D,76,INFLOW,20100917 0000,20100917 0000,1664, ,CFS
FOL,D,76,INFLOW,20100918 0000,20100918 0000,1754, ,CFS
FOL,D,76,INFLOW,20100919 0000,20100919 0000,1193, ,CFS
FOL,D,76,INFLOW,20100920 0000,20100920 0000,1095, ,CFS
FOL,D,76,INFLOW,20100921 0000,20100921 0000,1704, ,CFS
FOL,D,76,INFLOW,20100922 0000,20100922 0000,1664, ,CFS
FOL,D,76,INFLOW,20100923 0000,20100923 0000,1506, ,CFS
FOL,D,76,INFLOW,20100924 0000,20100924 0000,1354, ,CFS
FOL,D,76,INFLOW,20100925 0000,20100925 0000,1635, ,CFS
FOL,D,76,INFLOW,20100926 0000,20100926 0000,1435, ,CFS
FOL,D,76,INFLOW,20100927 0000,20100927 0000,1302, ,CFS
FOL,D,76,INFLOW,20100928 0000,20100928 0000,1429, ,CFS
FOL,D,76,INFLOW,20100929 0000,20100929 0000,1451, ,CFS
FOL,D,76,INFLOW,20100930 0000,20100930 0000,1510, ,CFS
FOL,D,76,INFLOW,20101001 0000,20101001 0000,1334, ,CFS
FOL,D,76,INFLOW,20101002 0000,20101002 0000,1385, ,CFS
FOL,D,76,INFLOW,20101003 0000,20101003 0000,1246, ,CFS
FOL,D,76,INFLOW,20101004 0000,20101004 0000,1230, ,CFS
FOL,D,76,INFLOW,20101005 0000,20101005 0000,1019, ,CFS
FOL,D,76,INFLOW,20101006 0000,20101006 0000,1014, ,CFS
FOL,D,76,INFLOW,20101007 0000,20101007 0000,965, ,CFS
FOL,D,76,INFLOW,20101008 0000,20101008 0000,1438, ,CFS
FOL,D,76,INFLOW,20101009 0000,20101009 0000,1479, ,CFS
FOL,D,76,INFLOW,20101010 0000,20101010 0000,1303, ,CFS
FOL,D,76,INFLOW,20101011 0000,20101011 0000,1083, ,CFS
FOL,D,76,INFLOW,20101012 0000,20101012 0000,865, ,CFS
FOL,D,76,INFLOW,20101013 0000,20101013 0000,782, ,CFS
FOL,D,76,INFLOW,20101014 0000,20101014 0000,891, ,CFS
FOL,D,76,INFLOW,20101015 0000,20101015 0000,1044, ,CFS
FOL,D,76,INFLOW,20101016 0000,20101016 0000,1115, ,CFS
FOL,D,76,INFLOW,20101017 0000,20101017 0000,1004, ,CFS
FOL,D,76,INFLOW,20101018 0000,20101018 0000,670, ,CFS
FOL,D,76,INFLOW,20101019 0000,20101019 0000,436, ,CFS
FOL,D,76,INFLOW,20101020 0000,20101020 0000,590, ,CFS
FOL,D,76,INFLOW,20101021 0000,20101021 0000,505, ,CFS
FOL,D,76,INFLOW,20101022 0000,20101022 0000,778, ,CFS
FOL,D,76,INFLOW,20101023 0000,20101023 0000,1014, ,CFS
FOL,D,76,INFLOW,20101024 0000,20101024 0000,4353, ,CFS
FOL,D,76,INFLOW,20101025 0000,20101025 0000,10360, ,CFS
FOL,D,76,INFLOW,20101026 0000,20101026 0000,3000, ,CFS
FOL,D,76,INFLOW,20101027 0000,20101027 0000,1276, ,CFS
FOL,D,76,INFLOW,20101028 0000,20101028 0000,1015, ,CFS
FOL,D,76,INFLOW,20101029 0000,20101029 0000,969, ,CFS
FOL,D,76,INFLOW,20101030 0000,20101030 0000,1070, ,CFS
FOL,D,76,INFLOW,20101031 0000,20101031 0000,1171, ,CFS
FOL,D,76,INFLOW,20101101 0000,20101101 0000,862, ,CFS
FOL,D,76,INFLOW,20101102 0000,20101102 0000,846, ,CFS
FOL,D,76,INFLOW,20101103 0000,20101103 0000,914, ,CFS
FOL,D,76,INFLOW,20101104 0000,20101104 0000,875, ,CFS
FOL,D,76,INFLOW,20101105 0000,20101105 0000,747, ,CFS
FOL,D,76,INFLOW,20101106 0000,20101106 0000,1017, ,CFS
FOL,D,76,INFLOW,20101107 0000,20101107 0000,1390, ,CFS
FOL,D,76,INFLOW,20101108 0000,20101108 0000,2183, ,CFS
FOL,D,76,INFLOW,20101109 0000,20101109 0000,1686, ,CFS
FOL,D,76,INFLOW,20101110 0000,20101110 0000,1312, ,CFS
FOL,D,76,INFLOW,20101111 0000,20101111 0000,1253, ,CFS
FOL,D,76,INFLOW,20101112 0000,20101112 0000,1663, ,CFS
FOL,D,76,INFLOW,20101113 0000,20101113 0000,1865, ,CFS
FOL,D,76,INFLOW,20101114 0000,20101114 0000,1581, ,CFS
FOL,D,76,INFLOW,20101115 0000,20101115 0000,1838, ,CFS
FOL,D,76,INFLOW,20101116 0000,20101116 0000,1814, ,CFS
FOL,D,76,INFLOW,20101117 0000,20101117 0000,2049, ,CFS
FOL,D,76,INFLOW,20101118 0000,20101118 0000,1776, ,CFS
FOL,D,76,INFLOW,20101119 0000,20101119 0000,2573, ,CFS
FOL,D,76,INFLOW,20101120 0000,20101120 0000,2991, ,CFS
FOL,D,76,INFLOW,20101121 0000,20101121 0000,3423, ,CFS
FOL,D,76,INFLOW,20101122 0000,20101122 0000,2707, ,CFS
FOL,D,76,INFLOW,20101123 0000,20101123 0000,4705, ,CFS
FOL,D,76,INFLOW,20101124 0000,20101124 0000,4282, ,CFS
FOL,D,76,INFLOW,20101125 0000,20101125 0000,2580, ,CFS
FOL,D,76,INFLOW,20101126 0000,20101126 0000,2144, ,CFS
FOL,D,76,INFLOW,20101127 0000,20101127 0000,3138, ,CFS
FOL,D,76,INFLOW,20101128 0000,20101128 0000,2975, ,CFS
FOL,D,76,INFLOW,20101129 0000,20101129 0000,2727, ,CFS
FOL,D,76,INFLOW,20101130 0000,20101130 0000,2381, ,CFS
FOL,D,76,INFLOW,20101201 0000,20101201 0000,2309, ,CFS
FOL,D,76,INFLOW,20101202 0000,20101202 0000,2390, ,CFS
FOL,D,76,INFLOW,20101203 0000,20101203 0000,2447, ,CFS
FOL,D,76,INFLOW,20101204 0000,20101204 0000,3123, ,CFS
FOL,D,76,INFLOW,20101205 0000,20101205 0000,3759, ,CFS
FOL,D,76,INFLOW,20101206 0000,20101206 0000,6565, ,CFS
FOL,D,76,INFLOW,20101207 0000,20101207 0000,6163, ,CFS
FOL,D,76,INFLOW,20101208 0000,20101208 0000,4462, ,CFS
FOL,D,76,INFLOW,20101209 0000,20101209 0000,4554, ,CFS
FOL,D,76,INFLOW,20101210 0000,20101210 0000,6824, ,CFS
FOL,D,76,INFLOW,20101211 0000,20101211 0000,8824, ,CFS
FOL,D,76,INFLOW,20101212 0000,20101212 0000,6888, ,CFS
FOL,D,76,INFLOW,20101213 0000,20101213 0000,6075, ,CFS
FOL,D,76,INFLOW,20101214 0000,20101214 0000,7603, ,CFS
FOL,D,76,INFLOW,20101215 0000,20101215 0000,13278, ,CFS
FOL,D,76,INFLOW,20101216 0000,20101216 0000,9324, ,CFS
FOL,D,76,INFLOW,20101217 0000,20101217 0000,8366, ,CFS
FOL,D,76,INFLOW,20101218 0000,20101218 0000,28411, ,CFS
FOL,D,76,INFLOW,20101219 0000,20101219 0000,42719, ,CFS
FOL,D,76,INFLOW,20101220 0000,20101220 0000,29563, ,CFS
FOL,D,76,INFLOW,20101221 0000,20101221 0000,16083, ,CFS
FOL,D,76,INFLOW,20101222 0000,20101222 0000,13357, ,CFS
FOL,D,76,INFLOW,20101223 0000,20101223 0000,11221, ,CFS
FOL,D,76,INFLOW,20101224 0000,20101224 0000,9592, ,CFS
FOL,D,76,INFLOW,20101225 0000,20101225 0000,8847, ,CFS
FOL,D,76,INFLOW,20101226 0000,20101226 0000,10996, ,CFS
FOL,D,76,INFLOW,20101227 0000,20101227 0000,9463, ,CFS
FOL,D,76,INFLOW,20101228 0000,20101228 0000,9249, ,CFS
FOL,D,76,INFLOW,20101229 0000,20101229 0000,25280, ,CFS
FOL,D,76,INFLOW,20101230 0000,20101230 0000,14324, ,CFS
FOL,D,76,INFLOW,20101231 0000,20101231 0000,10479, ,CFS
FOL,D,76,INFLOW,20110101 0000,20110101 0000,9429, ,CFS
FOL,D,76,INFLOW,20110102 0000,20110102 0000,9916, ,CFS
FOL,D,76,INFLOW,20110103 0000,20110103 0000,8655, ,CFS
FOL,D,76,INFLOW,20110104 0000,20110104 0000,7733, ,CFS
FOL,D,76,INFLOW,20110105 0000,20110105 0000,6802, ,CFS
FOL,D,76,INFLOW,20110106 0000,20110106 0000,6720, ,CFS
FOL,D,76,INFLOW,20110107 0000,20110107 0000,5850, ,CFS
FOL,D,76,INFLOW,20110108 0000,20110108 0000,5786, ,CFS
FOL,D,76,INFLOW,20110109 0000,20110109 0000,5359, ,CFS
FOL,D,76,INFLOW,20110110 0000,20110110 0000,5541, ,CFS
FOL,D,76,INFLOW,20110111 0000,20110111 0000,5317, ,CFS
FOL,D,76,INFLOW,20110112 0000,20110112 0000,5095, ,CFS
FOL,D,76,INFLOW,20110113 0000,20110113 0000,5405, ,CFS
FOL,D,76,INFLOW,20110114 0000,20110114 0000,4923, ,CFS
FOL,D,76,INFLOW,20110115 0000,20110115 0000,4891, ,CFS
FOL,D,76,INFLOW,20110116 0000,20110116 0000,4971, ,CFS
FOL,D,76,INFLOW,20110117 0000,20110117 0000,5771, ,CFS
FOL,D,76,INFLOW,20110118 0000,20110118 0000,5588, ,CFS
FOL,D,76,INFLOW,20110119 0000,20110119 0000,5417, ,CFS
FOL,D,76,INFLOW,20110120 0000,20110120 0000,5057, ,CFS
FOL,D,76,INFLOW,20110121 0000,20110121 0000,4168, ,CFS
FOL,D,76,INFLOW,20110122 0000,20110122 0000,4198, ,CFS
FOL,D,76,INFLOW,20110123 0000,20110123 0000,4435, ,CFS
FOL,D,76,INFLOW,20110124 0000,20110124 0000,4343, ,CFS
FOL,D,76,INFLOW,20110125 0000,20110125 0000,3797, ,CFS
FOL,D,76,INFLOW,20110126 0000,20110126 0000,3921, ,CFS
FOL,D,76,INFLOW,20110127 0000,20110127 0000,4457, ,CFS
FOL,D,76,INFLOW,20110128 0000,20110128 0000,4405, ,CFS
FOL,D,76,INFLOW,20110129 0000,20110129 0000,3916, ,CFS
FOL,D,76,INFLOW,20110130 0000,20110130 0000,4769, ,CFS
FOL,D,76,INFLOW,20110131 0000,20110131 0000,4199, ,CFS
FOL,D,76,INFLOW,20110201 0000,20110201 0000,3233, ,CFS
FOL,D,76,INFLOW,20110202 0000,20110202 0000,2762, ,CFS
FOL,D,76,INFLOW,20110203 0000,20110203 0000,2566, ,CFS
FOL,D,76,INFLOW,20110204 0000,20110204 0000,2904, ,CFS
FOL,D,76,INFLOW,20110205 0000,20110205 0000,3503, ,CFS
FOL,D,76,INFLOW,20110206 0000,20110206 0000,3441, ,CFS
FOL,D,76,INFLOW,20110207 0000,20110207 0000,3368, ,CFS
FOL,D,76,INFLOW,20110208 0000,20110208 0000,3732, ,CFS
FOL,D,76,INFLOW,20110209 0000,20110209 0000,4003, ,CFS
FOL,D,76,INFLOW,20110210 0000,20110210 0000,4066, ,CFS
FOL,D,76,INFLOW,20110211 0000,20110211 0000,3940, ,CFS
FOL,D,76,INFLOW,20110212 0000,20110212 0000,3788, ,CFS
FOL,D,76,INFLOW,20110213 0000,20110213 0000,3397, ,CFS
FOL,D,76,INFLOW,20110214 0000,20110214 0000,3336, ,CFS
FOL,D,76,INFLOW,20110215 0000,20110215 0000,4185, ,CFS
FOL,D,76,INFLOW,20110216 0000,20110216 0000,6147, ,CFS
FOL,D,76,INFLOW,20110217 0000,20110217 0000,6962, ,CFS
FOL,D,76,INFLOW,20110218 0000,20110218 0000,7875, ,CFS
FOL,D,76,INFLOW,20110219 0000,20110219 0000,10242, ,CFS
FOL,D,76,INFLOW,20110220 0000,20110220 0000,7291, ,CFS
FOL,D,76,INFLOW,20110221 0000,20110221 0000,5999, ,CFS
FOL,D,76,INFLOW,20110222 0000,20110222 0000,5091, ,CFS
FOL,D,76,INFLOW,20110223 0000,20110223 0000,4557, ,CFS
FOL,D,76,INFLOW,20110224 0000,20110224 0000,4096, ,CFS
FOL,D,76,INFLOW,20110225 0000,20110225 0000,10926, ,CFS
FOL,D,76,INFLOW,20110226 0000,20110226 0000,7546, ,CFS
FOL,D,76,INFLOW,20110227 0000,20110227 0000,6440, ,CFS
FOL,D,76,INFLOW,20110228 0000,20110228 0000,6166, ,CFS
FOL,D,76,INFLOW,20110301 0000,20110301 0000,5349, ,CFS
FOL,D,76,INFLOW,20110302 0000,20110302 0000,5385, ,CFS
FOL,D,76,INFLOW,20110303 0000,20110303 0000,8183, ,CFS
FOL,D,76,INFLOW,20110304 0000,20110304 0000,8632, ,CFS
FOL,D,76,INFLOW,20110305 0000,20110305 0000,7423, ,CFS
FOL,D,76,INFLOW,20110306 0000,20110306 0000,7970, ,CFS
FOL,D,76,INFLOW,20110307 0000,20110307 0000,13802, ,CFS
FOL,D,76,INFLOW,20110308 0000,20110308 0000,10435, ,CFS
FOL,D,76,INFLOW,20110309 0000,20110309 0000,9017, ,CFS
FOL,D,76,INFLOW,20110310 0000,20110310 0000,8931, ,CFS
FOL,D,76,INFLOW,20110311 0000,20110311 0000,8804, ,CFS
FOL,D,76,INFLOW,20110312 0000,20110312 0000,8374, ,CFS
FOL,D,76,INFLOW,20110313 0000,20110313 0000,8968, ,CFS
FOL,D,76,INFLOW,20110314 0000,20110314 0000,14561, ,CFS
FOL,D,76,INFLOW,20110315 0000,20110315 0000,18334, ,CFS
FOL,D,76,INFLOW,20110316 0000,20110316 0000,41973, ,CFS
FOL,D,76,INFLOW,20110317 0000,20110317 0000,22866, ,CFS
FOL,D,76,INFLOW,20110318 0000,20110318 0000,16800, ,CFS
FOL,D,76,INFLOW,20110319 0000,20110319 0000,17065, ,CFS
FOL,D,76,INFLOW,20110320 0000,20110320 0000,18593, ,CFS
FOL,D,76,INFLOW,20110321 0000,20110321 0000,16432, ,CFS
FOL,D,76,INFLOW,20110322 0000,20110322 0000,13665, ,CFS
FOL,D,76,INFLOW,20110323 0000,20110323 0000,13602, ,CFS
FOL,D,76,INFLOW,20110324 0000,20110324 0000,20777, ,CFS
FOL,D,76,INFLOW,20110325 0000,20110325 0000,20173, ,CFS
FOL,D,76,INFLOW,20110326 0000,20110326 0000,21127, ,CFS
FOL,D,76,INFLOW,20110327 0000,20110327 0000,17913, ,CFS
FOL,D,76,INFLOW,20110328 0000,20110328 0000,14265, ,CFS
FOL,D,76,INFLOW,20110329 0000,20110329 0000,12762, ,CFS
FOL,D,76,INFLOW,20110330 0000,20110330 0000,11659, ,CFS
FOL,D,76,INFLOW,20110331 0000,20110331 0000,12748, ,CFS
FOL,D,76,INFLOW,20110401 0000,20110401 0000,14403, ,CFS
FOL,D,76,INFLOW,20110402 0000,20110402 0000,15592, ,CFS
FOL,D,76,INFLOW,20110403 0000,20110403 0000,15769, ,CFS
FOL,D,76,INFLOW,20110404 0000,20110404 0000,13963, ,CFS
FOL,D,76,INFLOW,20110405 0000,20110405 0000,13654, ,CFS
FOL,D,76,INFLOW,20110406 0000,20110406 0000,13267, ,CFS
FOL,D,76,INFLOW,20110407 0000,20110407 0000,12687, ,CFS
FOL,D,76,INFLOW,20110408 0000,20110408 0000,11754, ,CFS
FOL,D,76,INFLOW,20110409 0000,20110409 0000,10541, ,CFS
FOL,D,76,INFLOW,20110410 0000,20110410 0000,9338, ,CFS
FOL,D,76,INFLOW,20110411 0000,20110411 0000,9305, ,CFS
FOL,D,76,INFLOW,20110412 0000,20110412 0000,9030, ,CFS
FOL,D,76,INFLOW,20110413 0000,20110413 0000,8938, ,CFS
FOL,D,76,INFLOW,20110414 0000,20110414 0000,8901, ,CFS
FOL,D,76,INFLOW,20110415 0000,20110415 0000,8593, ,CFS
FOL,D,76,INFLOW,20110416 0000,20110416 0000,8443, ,CFS
FOL,D,76,INFLOW,20110417 0000,20110417 0000,8692, ,CFS
FOL,D,76,INFLOW,20110418 0000,20110418 0000,10903, ,CFS
FOL,D,76,INFLOW,20110419 0000,20110419 0000,11342, ,CFS
FOL,D,76,INFLOW,20110420 0000,20110420 0000,11253, ,CFS
FOL,D,76,INFLOW,20110421 0000,20110421 0000,12700, ,CFS
FOL,D,76,INFLOW,20110422 0000,20110422 0000,12141, ,CFS
FOL,D,76,INFLOW,20110423 0000,20110423 0000,10619, ,CFS
FOL,D,76,INFLOW,20110424 0000,20110424 0000,10651, ,CFS
FOL,D,76,INFLOW,20110425 0000,20110425 0000,12087, ,CFS
FOL,D,76,INFLOW,20110426 0000,20110426 0000,10955, ,CFS
FOL,D,76,INFLOW,20110427 0000,20110427 0000,10277, ,CFS
FOL,D,76,INFLOW,20110428 0000,20110428 0000,10037, ,CFS
FOL,D,76,INFLOW,20110429 0000,20110429 0000,10287, ,CFS
FOL,D,76,INFLOW,20110430 0000,20110430 0000,9101, ,CFS
FOL,D,76,INFLOW,20110501 0000,20110501 0000,9185, ,CFS
FOL,D,76,INFLOW,20110502 0000,20110502 0000,8866, ,CFS
FOL,D,76,INFLOW,20110503 0000,20110503 0000,9584, ,CFS
FOL,D,76,INFLOW,20110504 0000,20110504 0000,10242, ,CFS
FOL,D,76,INFLOW,20110505 0000,20110505 0000,10630, ,CFS
FOL,D,76,INFLOW,20110506 0000,20110506 0000,11634, ,CFS
FOL,D,76,INFLOW,20110507 0000,20110507 0000,12018, ,CFS
FOL,D,76,INFLOW,20110508 0000,20110508 0000,11898, ,CFS
FOL,D,76,INFLOW,20110509 0000,20110509 0000,10412, ,CFS
FOL,D,76,INFLOW,20110510 0000,20110510 0000,8660, ,CFS
FOL,D,76,INFLOW,20110511 0000,20110511 0000,9201, ,CFS
FOL,D,76,INFLOW,20110512 0000,20110512 0000,9142, ,CFS
FOL,D,76,INFLOW,20110513 0000,20110513 0000,9453, ,CFS
FOL,D,76,INFLOW,20110514 0000,20110514 0000,9952, ,CFS
FOL,D,76,INFLOW,20110515 0000,20110515 0000,10263, ,CFS
FOL,D,76,INFLOW,20110516 0000,20110516 0000,8459, ,CFS
FOL,D,76,INFLOW,20110517 0000,20110517 0000,8422, ,CFS
FOL,D,76,INFLOW,20110518 0000,20110518 0000,9345, ,CFS
FOL,D,76,INFLOW,20110519 0000,20110519 0000,8174, ,CFS
FOL,D,76,INFLOW,20110520 0000,20110520 0000,7774, ,CFS
FOL,D,76,INFLOW,20110521 0000,20110521 0000,8228, ,CFS
FOL,D,76,INFLOW,20110522 0000,20110522 0000,8727, ,CFS
FOL,D,76,INFLOW,20110523 0000,20110523 0000,8805, ,CFS
FOL,D,76,INFLOW,20110524 0000,20110524 0000,8492, ,CFS
FOL,D,76,INFLOW,20110525 0000,20110525 0000,8912, ,CFS
FOL,D,76,INFLOW,20110526 0000,20110526 0000,8297, ,CFS
FOL,D,76,INFLOW,20110527 0000,20110527 0000,7726, ,CFS
FOL,D,76,INFLOW,20110528 0000,20110528 0000,7208, ,CFS
FOL,D,76,INFLOW,20110529 0000,20110529 0000,6953, ,CFS
FOL,D,76,INFLOW,20110530 0000,20110530 0000,7079, ,CFS
FOL,D,76,INFLOW,20110531 0000,20110531 0000,7015, ,CFS
FOL,D,76,INFLOW,20110601 0000,20110601 0000,7051, ,CFS
FOL,D,76,INFLOW,20110602 0000,20110602 0000,6958, ,CFS
FOL,D,76,INFLOW,20110603 0000,20110603 0000,6691, ,CFS
FOL,D,76,INFLOW,20110604 0000,20110604 0000,6951, ,CFS
FOL,D,76,INFLOW,20110605 0000,20110605 0000,7461, ,CFS
FOL,D,76,INFLOW,20110606 0000,20110606 0000,10169, ,CFS
FOL,D,76,INFLOW,20110607 0000,20110607 0000,10406, ,CFS
FOL,D,76,INFLOW,20110608 0000,20110608 0000,9354, ,CFS
FOL,D,76,INFLOW,20110609 0000,20110609 0000,10393, ,CFS
FOL,D,76,INFLOW,20110610 0000,20110610 0000,11008, ,CFS
FOL,D,76,INFLOW,20110611 0000,20110611 0000,11261, ,CFS
FOL,D,76,INFLOW,20110612 0000,20110612 0000,11628, ,CFS
FOL,D,76,INFLOW,20110613 0000,20110613 0000,11212, ,CFS
FOL,D,76,INFLOW,20110614 0000,20110614 0000,12141, ,CFS
FOL,D,76,INFLOW,20110615 0000,20110615 0000,12964, ,CFS
FOL,D,76,INFLOW,20110616 0000,20110616 0000,13372, ,CFS
FOL,D,76,INFLOW,20110617 0000,20110617 0000,12211, ,CFS
FOL,D,76,INFLOW,20110618 0000,20110618 0000,11225, ,CFS
FOL,D,76,INFLOW,20110619 0000,20110619 0000,11335, ,CFS
FOL,D,76,INFLOW,20110620 0000,20110620 0000,11444, ,CFS
FOL,D,76,INFLOW,20110621 0000,20110621 0000,11907, ,CFS
FOL,D,76,INFLOW,20110622 0000,20110622 0000,12545, ,CFS
FOL,D,76,INFLOW,20110623 0000,20110623 0000,12729, ,CFS
FOL,D,76,INFLOW,20110624 0000,20110624 0000,11882, ,CFS
FOL,D,76,INFLOW,20110625 0000,20110625 0000,10465, ,CFS
FOL,D,76,INFLOW,20110626 0000,20110626 0000,9754, ,CFS
FOL,D,76,INFLOW,20110627 0000,20110627 0000,9197, ,CFS
FOL,D,76,INFLOW,20110628 0000,20110628 0000,9739, ,CFS
FOL,D,76,INFLOW,20110629 0000,20110629 0000,12672, ,CFS
FOL,D,76,INFLOW,20110630 0000,20110630 0000,12199, ,CFS
FOL,D,76,INFLOW,20110701 0000,20110701 0000,10280, ,CFS
FOL,D,76,INFLOW,20110702 0000,20110702 0000,9439, ,CFS
FOL,D,76,INFLOW,20110703 0000,20110703 0000,9258, ,CFS
FOL,D,76,INFLOW,20110704 0000,20110704 0000,9255, ,CFS
FOL,D,76,INFLOW,20110705 0000,20110705 0000,9046, ,CFS
FOL,D,76,INFLOW,20110706 0000,20110706 0000,7922, ,CFS
FOL,D,76,INFLOW,20110707 0000,20110707 0000,7839, ,CFS
FOL,D,76,INFLOW,20110708 0000,20110708 0000,7876, ,CFS
FOL,D,76,INFLOW,20110709 0000,20110709 0000,7299, ,CFS
FOL,D,76,INFLOW,20110710 0000,20110710 0000,6976, ,CFS
FOL,D,76,INFLOW,20110711 0000,20110711 0000,6304, ,CFS
FOL,D,76,INFLOW,20110712 0000,20110712 0000,5619, ,CFS
FOL,D,76,INFLOW,20110713 0000,20110713 0000,4806, ,CFS
FOL,D,76,INFLOW,20110714 0000,20110714 0000,4313, ,CFS
FOL,D,76,INFLOW,20110715 0000,20110715 0000,4299, ,CFS
FOL,D,76,INFLOW,20110716 0000,20110716 0000,4043, ,CFS
FOL,D,76,INFLOW,20110717 0000,20110717 0000,3972, ,CFS
FOL,D,76,INFLOW,20110718 0000,20110718 0000,3404, ,CFS
FOL,D,76,INFLOW,20110719 0000,20110719 0000,3875, ,CFS
FOL,D,76,INFLOW,20110720 0000,20110720 0000,4041, ,CFS
FOL,D,76,INFLOW,20110721 0000,20110721 0000,4187, ,CFS
FOL,D,76,INFLOW,20110722 0000,20110722 0000,3653, ,CFS
FOL,D,76,INFLOW,20110723 0000,20110723 0000,3468, ,CFS
FOL,D,76,INFLOW,20110724 0000,20110724 0000,3294, ,CFS
FOL,D,76,INFLOW,20110725 0000,20110725 0000,3134, ,CFS
FOL,D,76,INFLOW,20110726 0000,20110726 0000,3501, ,CFS
FOL,D,76,INFLOW,20110727 0000,20110727 0000,3404, ,CFS
FOL,D,76,INFLOW,20110728 0000,20110728 0000,3111, ,CFS
FOL,D,76,INFLOW,20110729 0000,20110729 0000,3033, ,CFS
FOL,D,76,INFLOW,20110730 0000,20110730 0000,3064, ,CFS
FOL,D,76,INFLOW,20110731 0000,20110731 0000,2479, ,CFS
FOL,D,76,INFLOW,20110801 0000,20110801 0000,2312, ,CFS
FOL,D,76,INFLOW,20110802 0000,20110802 0000,2469, ,CFS
FOL,D,76,INFLOW,20110803 0000,20110803 0000,2156, ,CFS
FOL,D,76,INFLOW,20110804 0000,20110804 0000,2462, ,CFS
FOL,D,76,INFLOW,20110805 0000,20110805 0000,2461, ,CFS
FOL,D,76,INFLOW,20110806 0000,20110806 0000,2429, ,CFS
FOL,D,76,INFLOW,20110807 0000,20110807 0000,2364, ,CFS
FOL,D,76,INFLOW,20110808 0000,20110808 0000,2044, ,CFS
FOL,D,76,INFLOW,20110809 0000,20110809 0000,2437, ,CFS
FOL,D,76,INFLOW,20110810 0000,20110810 0000,2596, ,CFS
FOL,D,76,INFLOW,20110811 0000,20110811 0000,2287, ,CFS
FOL,D,76,INFLOW,20110812 0000,20110812 0000,2407, ,CFS
FOL,D,76,INFLOW,20110813 0000,20110813 0000,2336, ,CFS
FOL,D,76,INFLOW,20110814 0000,20110814 0000,1790, ,CFS
FOL,D,76,INFLOW,20110815 0000,20110815 0000,2355, ,CFS
FOL,D,76,INFLOW,20110816 0000,20110816 0000,2547, ,CFS
FOL,D,76,INFLOW,20110817 0000,20110817 0000,2061, ,CFS
FOL,D,76,INFLOW,20110818 0000,20110818 0000,2081, ,CFS
FOL,D,76,INFLOW,20110819 0000,20110819 0000,1886, ,CFS
FOL,D,76,INFLOW,20110820 0000,20110820 0000,2083, ,CFS
FOL,D,76,INFLOW,20110821 0000,20110821 0000,2408, ,CFS
FOL,D,76,INFLOW,20110822 0000,20110822 0000,2377, ,CFS
FOL,D,76,INFLOW,20110823 0000,20110823 0000,1947, ,CFS
FOL,D,76,INFLOW,20110824 0000,20110824 0000,2383, ,CFS
FOL,D,76,INFLOW,20110825 0000,20110825 0000,2853, ,CFS
FOL,D,76,INFLOW,20110826 0000,20110826 0000,2541, ,CFS
FOL,D,76,INFLOW,20110827 0000,20110827 0000,2178, ,CFS
FOL,D,76,INFLOW,20110828 0000,20110828 0000,2175, ,CFS
FOL,D,76,INFLOW,20110829 0000,20110829 0000,1767, ,CFS
FOL,D,76,INFLOW,20110830 0000,20110830 0000,1800, ,CFS
FOL,D,76,INFLOW,20110831 0000,20110831 0000,2034, ,CFS
FOL,D,76,INFLOW,20110901 0000,20110901 0000,2036, ,CFS
FOL,D,76,INFLOW,20110902 0000,20110902 0000,2407, ,CFS
FOL,D,76,INFLOW,20110903 0000,20110903 0000,2630, ,CFS
FOL,D,76,INFLOW,20110904 0000,20110904 0000,2349, ,CFS
FOL,D,76,INFLOW,20110905 0000,20110905 0000,1848, ,CFS
FOL,D,76,INFLOW,20110906 0000,20110906 0000,1401, ,CFS
FOL,D,76,INFLOW,20110907 0000,20110907 0000,2248, ,CFS
FOL,D,76,INFLOW,20110908 0000,20110908 0000,2427, ,CFS
FOL,D,76,INFLOW,20110909 0000,20110909 0000,2055, ,CFS
FOL,D,76,INFLOW,20110910 0000,20110910 0000,2670, ,CFS
FOL,D,76,INFLOW,20110911 0000,20110911 0000,2134, ,CFS
FOL,D,76,INFLOW,20110912 0000,20110912 0000,1775, ,CFS
FOL,D,76,INFLOW,20110913 0000,20110913 0000,2041, ,CFS
FOL,D,76,INFLOW,20110914 0000,20110914 0000,2007, ,CFS
FOL,D,76,INFLOW,20110915 0000,20110915 0000,2307, ,CFS
FOL,D,76,INFLOW,20110916 0000,20110916 0000,2311, ,CFS
FOL,D,76,INFLOW,20110917 0000,20110917 0000,1972, ,CFS
FOL,D,76,INFLOW,20110918 0000,20110918 0000,1852, ,CFS
FOL,D,76,INFLOW,20110919 0000,20110919 0000,2407, ,CFS
FOL,D,76,INFLOW,20110920 0000,20110920 0000,2376, ,CFS
FOL,D,76,INFLOW,20110921 0000,20110921 0000,1952, ,CFS
FOL,D,76,INFLOW,20110922 0000,20110922 0000,2272, ,CFS
FOL,D,76,INFLOW,20110923 0000,20110923 0000,2658, ,CFS
FOL,D,76,INFLOW,20110924 0000,20110924 0000,2158, ,CFS
FOL,D,76,INFLOW,20110925 0000,20110925 0000,1743, ,CFS
FOL,D,76,INFLOW,20110926 0000,20110926 0000,2119, ,CFS
FOL,D,76,INFLOW,20110927 0000,20110927 0000,2067, ,CFS
FOL,D,76,INFLOW,20110928 0000,20110928 0000,2107, ,CFS
FOL,D,76,INFLOW,20110929 0000,20110929 0000,2688, ,CFS
FOL,D,76,INFLOW,20110930 0000,20110930 0000,2167, ,CFS
FOL,D,76,INFLOW,20111001 0000,20111001 0000,1904, ,CFS
FOL,D,76,INFLOW,20111002 0000,20111002 0000,2052, ,CFS
FOL,D,76,INFLOW,20111003 0000,20111003 0000,1127, ,CFS
FOL,D,76,INFLOW,20111004 0000,20111004 0000,1363, ,CFS
FOL,D,76,INFLOW,20111005 0000,20111005 0000,1612, ,CFS
FOL,D,76,INFLOW,20111006 0000,20111006 0000,1361, ,CFS
FOL,D,76,INFLOW,20111007 0000,20111007 0000,917, ,CFS
FOL,D,76,INFLOW,20111008 0000,20111008 0000,1222, ,CFS
FOL,D,76,INFLOW,20111009 0000,20111009 0000,1277, ,CFS
FOL,D,76,INFLOW,20111010 0000,20111010 0000,2045, ,CFS
FOL,D,76,INFLOW,20111011 0000,20111011 0000,1546, ,CFS
FOL,D,76,INFLOW,20111012 0000,20111012 0000,1447, ,CFS
FOL,D,76,INFLOW,20111013 0000,20111013 0000,1706, ,CFS
FOL,D,76,INFLOW,20111014 0000,20111014 0000,1338, ,CFS
FOL,D,76,INFLOW,20111015 0000,20111015 0000,1306, ,CFS
FOL,D,76,INFLOW,20111016 0000,20111016 0000,1072, ,CFS
FOL,D,76,INFLOW,20111017 0000,20111017 0000,1049, ,CFS
FOL,D,76,INFLOW,20111018 0000,20111018 0000,971, ,CFS
FOL,D,76,INFLOW,20111019 0000,20111019 0000,886, ,CFS
FOL,D,76,INFLOW,20111020 0000,20111020 0000,887, ,CFS
FOL,D,76,INFLOW,20111021 0000,20111021 0000,1315, ,CFS
FOL,D,76,INFLOW,20111022 0000,20111022 0000,1110, ,CFS
FOL,D,76,INFLOW,20111023 0000,20111023 0000,1015, ,CFS
FOL,D,76,INFLOW,20111024 0000,20111024 0000,1008, ,CFS
FOL,D,76,INFLOW,20111025 0000,20111025 0000,738, ,CFS
FOL,D,76,INFLOW,20111026 0000,20111026 0000,527, ,CFS
FOL,D,76,INFLOW,20111027 0000,20111027 0000,858, ,CFS
FOL,D,76,INFLOW,20111028 0000,20111028 0000,1060, ,CFS
FOL,D,76,INFLOW,20111029 0000,20111029 0000,1584, ,CFS
FOL,D,76,INFLOW,20111030 0000,20111030 0000,1744, ,CFS
FOL,D,76,INFLOW,20111031 0000,20111031 0000,748, ,CFS
FOL,D,76,INFLOW,20111101 0000,20111101 0000,588, ,CFS
FOL,D,76,INFLOW,20111102 0000,20111102 0000,634, ,CFS
FOL,D,76,INFLOW,20111103 0000,20111103 0000,560, ,CFS
FOL,D,76,INFLOW,20111104 0000,20111104 0000,531, ,CFS
FOL,D,76,INFLOW,20111105 0000,20111105 0000,947, ,CFS
FOL,D,76,INFLOW,20111106 0000,20111106 0000,775, ,CFS
FOL,D,76,INFLOW,20111107 0000,20111107 0000,721, ,CFS
FOL,D,76,INFLOW,20111108 0000,20111108 0000,848, ,CFS
FOL,D,76,INFLOW,20111109 0000,20111109 0000,884, ,CFS
FOL,D,76,INFLOW,20111110 0000,20111110 0000,1065, ,CFS
FOL,D,76,INFLOW,20111111 0000,20111111 0000,809, ,CFS
FOL,D,76,INFLOW,20111112 0000,20111112 0000,1336, ,CFS
FOL,D,76,INFLOW,20111113 0000,20111113 0000,1328, ,CFS
FOL,D,76,INFLOW,20111114 0000,20111114 0000,820, ,CFS
FOL,D,76,INFLOW,20111115 0000,20111115 0000,846, ,CFS
FOL,D,76,INFLOW,20111116 0000,20111116 0000,845, ,CFS
FOL,D,76,INFLOW,20111117 0000,20111117 0000,949, ,CFS
FOL,D,76,INFLOW,20111118 0000,20111118 0000,945, ,CFS
FOL,D,76,INFLOW,20111119 0000,20111119 0000,1266, ,CFS
FOL,D,76,INFLOW,20111120 0000,20111120 0000,1318, ,CFS
FOL,D,76,INFLOW,20111121 0000,20111121 0000,947, ,CFS
FOL,D,76,INFLOW,20111122 0000,20111122 0000,825, ,CFS
FOL,D,76,INFLOW,20111123 0000,20111123 0000,797, ,CFS
FOL,D,76,INFLOW,20111124 0000,20111124 0000,839, ,CFS
FOL,D,76,INFLOW,20111125 0000,20111125 0000,1043, ,CFS
FOL,D,76,INFLOW,20111126 0000,20111126 0000,1340, ,CFS
FOL,D,76,INFLOW,20111127 0000,20111127 0000,1178, ,CFS
FOL,D,76,INFLOW,20111128 0000,20111128 0000,1030, ,CFS
FOL,D,76,INFLOW,20111129 0000,20111129 0000,1048, ,CFS
FOL,D,76,INFLOW,20111130 0000,20111130 0000,891, ,CFS
FOL,D,76,INFLOW,20111201 0000,20111201 0000,983, ,CFS
FOL,D,76,INFLOW,20111202 0000,20111202 0000,610, ,CFS
FOL,D,76,INFLOW,20111203 0000,20111203 0000,811, ,CFS
FOL,D,76,INFLOW,20111204 0000,20111204 0000,1190, ,CFS
FOL,D,76,INFLOW,20111205 0000,20111205 0000,955, ,CFS
FOL,D,76,INFLOW,20111206 0000,20111206 0000,984, ,CFS
FOL,D,76,INFLOW,20111207 0000,20111207 0000,900, ,CFS
FOL,D,76,INFLOW,20111208 0000,20111208 0000,821, ,CFS
FOL,D,76,INFLOW,20111209 0000,20111209 0000,765, ,CFS
FOL,D,76,INFLOW,20111210 0000,20111210 0000,1210, ,CFS
FOL,D,76,INFLOW,20111211 0000,20111211 0000,1185, ,CFS
FOL,D,76,INFLOW,20111212 0000,20111212 0000,989, ,CFS
FOL,D,76,INFLOW,20111213 0000,20111213 0000,1053, ,CFS
FOL,D,76,INFLOW,20111214 0000,20111214 0000,934, ,CFS
FOL,D,76,INFLOW,20111215 0000,20111215 0000,944, ,CFS
FOL,D,76,INFLOW,20111216 0000,20111216 0000,824, ,CFS
FOL,D,76,INFLOW,20111217 0000,20111217 0000,1353, ,CFS
FOL,D,76,INFLOW,20111218 0000,20111218 0000,1200, ,CFS
FOL,D,76,INFLOW,20111219 0000,20111219 0000,1036, ,CFS
FOL,D,76,INFLOW,20111220 0000,20111220 0000,886, ,CFS
FOL,D,76,INFLOW,20111221 0000,20111221 0000,969, ,CFS
FOL,D,76,INFLOW,20111222 0000,20111222 0000,991, ,CFS
FOL,D,76,INFLOW,20111223 0000,20111223 0000,992, ,CFS
FOL,D,76,INFLOW,20111224 0000,20111224 0000,1329, ,CFS
FOL,D,76,INFLOW,20111225 0000,20111225 0000,1322, ,CFS
FOL,D,76,INFLOW,20111226 0000,20111226 0000,1079, ,CFS
FOL,D,76,INFLOW,20111227 0000,20111227 0000,1284, ,CFS
FOL,D,76,INFLOW,20111228 0000,20111228 0000,1174, ,CFS
FOL,D,76,INFLOW,20111229 0000,20111229 0000,1311, ,CFS
FOL,D,76,INFLOW,20111230 0000,20111230 0000,1516, ,CFS
FOL,D,76,INFLOW,20111231 0000,20111231 0000,1827, ,CFS
FOL,D,76,INFLOW,20120101 0000,20120101 0000,1636, ,CFS
FOL,D,76,INFLOW,20120102 0000,20120102 0000,1074, ,CFS
FOL,D,76,INFLOW,20120103 0000,20120103 0000,1237, ,CFS
FOL,D,76,INFLOW,20120104 0000,20120104 0000,1310, ,CFS
FOL,D,76,INFLOW,20120105 0000,20120105 0000,1356, ,CFS
FOL,D,76,INFLOW,20120106 0000,20120106 0000,1167, ,CFS
FOL,D,76,INFLOW,20120107 0000,20120107 0000,1091, ,CFS
FOL,D,76,INFLOW,20120108 0000,20120108 0000,998, ,CFS
FOL,D,76,INFLOW,20120109 0000,20120109 0000,850, ,CFS
FOL,D,76,INFLOW,20120110 0000,20120110 0000,1004, ,CFS
FOL,D,76,INFLOW,20120111 0000,20120111 0000,914, ,CFS
FOL,D,76,INFLOW,20120112 0000,20120112 0000,989, ,CFS
FOL,D,76,INFLOW,20120113 0000,20120113 0000,1036, ,CFS
FOL,D,76,INFLOW,20120114 0000,20120114 0000,1264, ,CFS
FOL,D,76,INFLOW,20120115 0000,20120115 0000,1026, ,CFS
FOL,D,76,INFLOW,20120116 0000,20120116 0000,619, ,CFS
FOL,D,76,INFLOW,20120117 0000,20120117 0000,767, ,CFS
FOL,D,76,INFLOW,20120118 0000,20120118 0000,921, ,CFS
FOL,D,76,INFLOW,20120119 0000,20120119 0000,1312, ,CFS
FOL,D,76,INFLOW,20120120 0000,20120120 0000,2339, ,CFS
FOL,D,76,INFLOW,20120121 0000,20120121 0000,7293, ,CFS
FOL,D,76,INFLOW,20120122 0000,20120122 0000,3856, ,CFS
FOL,D,76,INFLOW,20120123 0000,20120123 0000,4380, ,CFS
FOL,D,76,INFLOW,20120124 0000,20120124 0000,3249, ,CFS
FOL,D,76,INFLOW,20120125 0000,20120125 0000,2063, ,CFS
FOL,D,76,INFLOW,20120126 0000,20120126 0000,1785, ,CFS
FOL,D,76,INFLOW,20120127 0000,20120127 0000,2258, ,CFS
FOL,D,76,INFLOW,20120128 0000,20120128 0000,2048, ,CFS
FOL,D,76,INFLOW,20120129 0000,20120129 0000,1887, ,CFS
FOL,D,76,INFLOW,20120130 0000,20120130 0000,1507, ,CFS
FOL,D,76,INFLOW,20120131 0000,20120131 0000,1584, ,CFS
FOL,D,76,INFLOW,20120201 0000,20120201 0000,1679, ,CFS
FOL,D,76,INFLOW,20120202 0000,20120202 0000,1720, ,CFS
FOL,D,76,INFLOW,20120203 0000,20120203 0000,1483, ,CFS
FOL,D,76,INFLOW,20120204 0000,20120204 0000,1680, ,CFS
FOL,D,76,INFLOW,20120205 0000,20120205 0000,1417, ,CFS
FOL,D,76,INFLOW,20120206 0000,20120206 0000,1273, ,CFS
FOL,D,76,INFLOW,20120207 0000,20120207 0000,1422, ,CFS
FOL,D,76,INFLOW,20120208 0000,20120208 0000,1275, ,CFS
FOL,D,76,INFLOW,20120209 0000,20120209 0000,1264, ,CFS
FOL,D,76,INFLOW,20120210 0000,20120210 0000,1691, ,CFS
FOL,D,76,INFLOW,20120211 0000,20120211 0000,1487, ,CFS
FOL,D,76,INFLOW,20120212 0000,20120212 0000,1346, ,CFS
FOL,D,76,INFLOW,20120213 0000,20120213 0000,1312, ,CFS
FOL,D,76,INFLOW,20120214 0000,20120214 0000,1122, ,CFS
FOL,D,76,INFLOW,20120215 0000,20120215 0000,1128, ,CFS
FOL,D,76,INFLOW,20120216 0000,20120216 0000,983, ,CFS
FOL,D,76,INFLOW,20120217 0000,20120217 0000,1065, ,CFS
FOL,D,76,INFLOW,20120218 0000,20120218 0000,1241, ,CFS
FOL,D,76,INFLOW,20120219 0000,20120219 0000,1240, ,CFS
FOL,D,76,INFLOW,20120220 0000,20120220 0000,958, ,CFS
FOL,D,76,INFLOW,20120221 0000,20120221 0000,892, ,CFS
FOL,D,76,INFLOW,20120222 0000,20120222 0000,861, ,CFS
FOL,D,76,INFLOW,20120223 0000,20120223 0000,722, ,CFS
FOL,D,76,INFLOW,20120224 0000,20120224 0000,766, ,CFS
FOL,D,76,INFLOW,20120225 0000,20120225 0000,1138, ,CFS
FOL,D,76,INFLOW,20120226 0000,20120226 0000,985, ,CFS
FOL,D,76,INFLOW,20120227 0000,20120227 0000,773, ,CFS
FOL,D,76,INFLOW,20120228 0000,20120228 0000,778, ,CFS
FOL,D,76,INFLOW,20120229 0000,20120229 0000,1436, ,CFS
FOL,D,76,INFLOW,20120301 0000,20120301 0000,1489, ,CFS
FOL,D,76,INFLOW,20120302 0000,20120302 0000,1797, ,CFS
FOL,D,76,INFLOW,20120303 0000,20120303 0000,1396, ,CFS
FOL,D,76,INFLOW,20120304 0000,20120304 0000,1473, ,CFS
FOL,D,76,INFLOW,20120305 0000,20120305 0000,1375, ,CFS
FOL,D,76,INFLOW,20120306 0000,20120306 0000,1518, ,CFS
FOL,D,76,INFLOW,20120307 0000,20120307 0000,1311, ,CFS
FOL,D,76,INFLOW,20120308 0000,20120308 0000,1179, ,CFS
FOL,D,76,INFLOW,20120309 0000,20120309 0000,1324, ,CFS
FOL,D,76,INFLOW,20120310 0000,20120310 0000,1365, ,CFS
FOL,D,76,INFLOW,20120311 0000,20120311 0000,1415, ,CFS
FOL,D,76,INFLOW,20120312 0000,20120312 0000,1543, ,CFS
FOL,D,76,INFLOW,20120313 0000,20120313 0000,1728, ,CFS
FOL,D,76,INFLOW,20120314 0000,20120314 0000,7658, ,CFS
FOL,D,76,INFLOW,20120315 0000,20120315 0000,10879, ,CFS
FOL,D,76,INFLOW,20120316 0000,20120316 0000,23705, ,CFS
FOL,D,76,INFLOW,20120317 0000,20120317 0000,31143, ,CFS
FOL,D,76,INFLOW,20120318 0000,20120318 0000,12666, ,CFS
FOL,D,76,INFLOW,20120319 0000,20120319 0000,8437, ,CFS
FOL,D,76,INFLOW,20120320 0000,20120320 0000,6018, ,CFS
FOL,D,76,INFLOW,20120321 0000,20120321 0000,4811, ,CFS
FOL,D,76,INFLOW,20120322 0000,20120322 0000,5490, ,CFS
FOL,D,76,INFLOW,20120323 0000,20120323 0000,4887, ,CFS
FOL,D,76,INFLOW,20120324 0000,20120324 0000,4752, ,CFS
FOL,D,76,INFLOW,20120325 0000,20120325 0000,4442, ,CFS
FOL,D,76,INFLOW,20120326 0000,20120326 0000,3983, ,CFS
FOL,D,76,INFLOW,20120327 0000,20120327 0000,4354, ,CFS
FOL,D,76,INFLOW,20120328 0000,20120328 0000,6267, ,CFS
FOL,D,76,INFLOW,20120329 0000,20120329 0000,5616, ,CFS
FOL,D,76,INFLOW,20120330 0000,20120330 0000,4508, ,CFS
FOL,D,76,INFLOW,20120331 0000,20120331 0000,5977, ,CFS
FOL,D,76,INFLOW,20120401 0000,20120401 0000,7567, ,CFS
FOL,D,76,INFLOW,20120402 0000,20120402 0000,6305, ,CFS
FOL,D,76,INFLOW,20120403 0000,20120403 0000,5643, ,CFS
FOL,D,76,INFLOW,20120404 0000,20120404 0000,5913, ,CFS
FOL,D,76,INFLOW,20120405 0000,20120405 0000,5451, ,CFS
FOL,D,76,INFLOW,20120406 0000,20120406 0000,4610, ,CFS
FOL,D,76,INFLOW,20120407 0000,20120407 0000,4254, ,CFS
FOL,D,76,INFLOW,20120408 0000,20120408 0000,3713, ,CFS
FOL,D,76,INFLOW,20120409 0000,20120409 0000,3592, ,CFS
FOL,D,76,INFLOW,20120410 0000,20120410 0000,4073, ,CFS
FOL,D,76,INFLOW,20120411 0000,20120411 0000,4195, ,CFS
FOL,D,76,INFLOW,20120412 0000,20120412 0000,6059, ,CFS
FOL,D,76,INFLOW,20120413 0000,20120413 0000,13207, ,CFS
FOL,D,76,INFLOW,20120414 0000,20120414 0000,9192, ,CFS
FOL,D,76,INFLOW,20120415 0000,20120415 0000,6796, ,CFS
FOL,D,76,INFLOW,20120416 0000,20120416 0000,5591, ,CFS
FOL,D,76,INFLOW,20120417 0000,20120417 0000,5704, ,CFS
FOL,D,76,INFLOW,20120418 0000,20120418 0000,5226, ,CFS
FOL,D,76,INFLOW,20120419 0000,20120419 0000,6683, ,CFS
FOL,D,76,INFLOW,20120420 0000,20120420 0000,7014, ,CFS
FOL,D,76,INFLOW,20120421 0000,20120421 0000,8228, ,CFS
FOL,D,76,INFLOW,20120422 0000,20120422 0000,8105, ,CFS
FOL,D,76,INFLOW,20120423 0000,20120423 0000,8730, ,CFS
FOL,D,76,INFLOW,20120424 0000,20120424 0000,8135, ,CFS
FOL,D,76,INFLOW,20120425 0000,20120425 0000,8524, ,CFS
FOL,D,76,INFLOW,20120426 0000,20120426 0000,12471, ,CFS
FOL,D,76,INFLOW,20120427 0000,20120427 0000,11672, ,CFS
FOL,D,76,INFLOW,20120428 0000,20120428 0000,8499, ,CFS
FOL,D,76,INFLOW,20120429 0000,20120429 0000,7426, ,CFS
FOL,D,76,INFLOW,20120430 0000,20120430 0000,7113, ,CFS
FOL,D,76,INFLOW,20120501 0000,20120501 0000,7029, ,CFS
FOL,D,76,INFLOW,20120502 0000,20120502 0000,6676, ,CFS
FOL,D,76,INFLOW,20120503 0000,20120503 0000,6354, ,CFS
FOL,D,76,INFLOW,20120504 0000,20120504 0000,5189, ,CFS
FOL,D,76,INFLOW,20120505 0000,20120505 0000,5053, ,CFS
FOL,D,76,INFLOW,20120506 0000,20120506 0000,5321, ,CFS
FOL,D,76,INFLOW,20120507 0000,20120507 0000,4845, ,CFS
FOL,D,76,INFLOW,20120508 0000,20120508 0000,3738, ,CFS
FOL,D,76,INFLOW,20120509 0000,20120509 0000,4596, ,CFS
FOL,D,76,INFLOW,20120510 0000,20120510 0000,4410, ,CFS
FOL,D,76,INFLOW,20120511 0000,20120511 0000,4554, ,CFS
FOL,D,76,INFLOW,20120512 0000,20120512 0000,4664, ,CFS
FOL,D,76,INFLOW,20120513 0000,20120513 0000,3725, ,CFS
FOL,D,76,INFLOW,20120514 0000,20120514 0000,4071, ,CFS
FOL,D,76,INFLOW,20120515 0000,20120515 0000,4142, ,CFS
FOL,D,76,INFLOW,20120516 0000,20120516 0000,3777, ,CFS
FOL,D,76,INFLOW,20120517 0000,20120517 0000,2480, ,CFS
FOL,D,76,INFLOW,20120518 0000,20120518 0000,7391, ,CFS
FOL,D,76,INFLOW,20120519 0000,20120519 0000,3689, ,CFS
FOL,D,76,INFLOW,20120520 0000,20120520 0000,3302, ,CFS
FOL,D,76,INFLOW,20120521 0000,20120521 0000,3342, ,CFS
FOL,D,76,INFLOW,20120522 0000,20120522 0000,3250, ,CFS
FOL,D,76,INFLOW,20120523 0000,20120523 0000,3167, ,CFS
FOL,D,76,INFLOW,20120524 0000,20120524 0000,2989, ,CFS
FOL,D,76,INFLOW,20120525 0000,20120525 0000,2893, ,CFS
FOL,D,76,INFLOW,20120526 0000,20120526 0000,2678, ,CFS
FOL,D,76,INFLOW,20120527 0000,20120527 0000,2352, ,CFS
FOL,D,76,INFLOW,20120528 0000,20120528 0000,2289, ,CFS
FOL,D,76,INFLOW,20120529 0000,20120529 0000,2884, ,CFS
FOL,D,76,INFLOW,20120530 0000,20120530 0000,2309, ,CFS
FOL,D,76,INFLOW,20120531 0000,20120531 0000,2507, ,CFS
FOL,D,76,INFLOW,20120601 0000,20120601 0000,2903, ,CFS
FOL,D,76,INFLOW,20120602 0000,20120602 0000,2193, ,CFS
FOL,D,76,INFLOW,20120603 0000,20120603 0000,1679, ,CFS
FOL,D,76,INFLOW,20120604 0000,20120604 0000,2129, ,CFS
FOL,D,76,INFLOW,20120605 0000,20120605 0000,2067, ,CFS
FOL,D,76,INFLOW,20120606 0000,20120606 0000,1981, ,CFS
FOL,D,76,INFLOW,20120607 0000,20120607 0000,2179, ,CFS
FOL,D,76,INFLOW,20120608 0000,20120608 0000,2357, ,CFS
FOL,D,76,INFLOW,20120609 0000,20120609 0000,2123, ,CFS
FOL,D,76,INFLOW,20120610 0000,20120610 0000,1988, ,CFS
FOL,D,76,INFLOW,20120611 0000,20120611 0000,1904, ,CFS
FOL,D,76,INFLOW,20120612 0000,20120612 0000,1562, ,CFS
FOL,D,76,INFLOW,20120613 0000,20120613 0000,1437, ,CFS
FOL,D,76,INFLOW,20120614 0000,20120614 0000,1674, ,CFS
FOL,D,76,INFLOW,20120615 0000,20120615 0000,1721, ,CFS
FOL,D,76,INFLOW,20120616 0000,20120616 0000,1850, ,CFS
FOL,D,76,INFLOW,20120617 0000,20120617 0000,1760, ,CFS
FOL,D,76,INFLOW,20120618 0000,20120618 0000,1272, ,CFS
FOL,D,76,INFLOW,20120619 0000,20120619 0000,1342, ,CFS
FOL,D,76,INFLOW,20120620 0000,20120620 0000,1108, ,CFS
FOL,D,76,INFLOW,20120621 0000,20120621 0000,1183, ,CFS
FOL,D,76,INFLOW,20120622 0000,20120622 0000,1212, ,CFS
FOL,D,76,INFLOW,20120623 0000,20120623 0000,1122, ,CFS
FOL,D,76,INFLOW,20120624 0000,20120624 0000,1294, ,CFS
FOL,D,76,INFLOW,20120625 0000,20120625 0000,1156, ,CFS
FOL,D,76,INFLOW,20120626 0000,20120626 0000,1163, ,CFS
FOL,D,76,INFLOW,20120627 0000,20120627 0000,978, ,CFS
FOL,D,76,INFLOW,20120628 0000,20120628 0000,1464, ,CFS
FOL,D,76,INFLOW,20120629 0000,20120629 0000,1448, ,CFS
FOL,D,76,INFLOW,20120630 0000,20120630 0000,1388, ,CFS
FOL,D,76,INFLOW,20120701 0000,20120701 0000,1576, ,CFS
FOL,D,76,INFLOW,20120702 0000,20120702 0000,1627, ,CFS
FOL,D,76,INFLOW,20120703 0000,20120703 0000,1727, ,CFS
FOL,D,76,INFLOW,20120704 0000,20120704 0000,1612, ,CFS
FOL,D,76,INFLOW,20120705 0000,20120705 0000,1314, ,CFS
FOL,D,76,INFLOW,20120706 0000,20120706 0000,1424, ,CFS
FOL,D,76,INFLOW,20120707 0000,20120707 0000,1677, ,CFS
FOL,D,76,INFLOW,20120708 0000,20120708 0000,1383, ,CFS
FOL,D,76,INFLOW,20120709 0000,20120709 0000,1304, ,CFS
FOL,D,76,INFLOW,20120710 0000,20120710 0000,1473, ,CFS
FOL,D,76,INFLOW,20120711 0000,20120711 0000,1426, ,CFS
FOL,D,76,INFLOW,20120712 0000,20120712 0000,1812, ,CFS
FOL,D,76,INFLOW,20120713 0000,20120713 0000,1553, ,CFS
FOL,D,76,INFLOW,20120714 0000,20120714 0000,1447, ,CFS
FOL,D,76,INFLOW,20120715 0000,20120715 0000,1254, ,CFS
FOL,D,76,INFLOW,20120716 0000,20120716 0000,997, ,CFS
FOL,D,76,INFLOW,20120717 0000,20120717 0000,1308, ,CFS
FOL,D,76,INFLOW,20120718 0000,20120718 0000,1349, ,CFS
FOL,D,76,INFLOW,20120719 0000,20120719 0000,1438, ,CFS
FOL,D,76,INFLOW,20120720 0000,20120720 0000,1446, ,CFS
FOL,D,76,INFLOW,20120721 0000,20120721 0000,1542, ,CFS
FOL,D,76,INFLOW,20120722 0000,20120722 0000,1469, ,CFS
FOL,D,76,INFLOW,20120723 0000,20120723 0000,1238, ,CFS
FOL,D,76,INFLOW,20120724 0000,20120724 0000,1167, ,CFS
FOL,D,76,INFLOW,20120725 0000,20120725 0000,1242, ,CFS
FOL,D,76,INFLOW,20120726 0000,20120726 0000,847, ,CFS
FOL,D,76,INFLOW,20120727 0000,20120727 0000,909, ,CFS
FOL,D,76,INFLOW,20120728 0000,20120728 0000,1168, ,CFS
FOL,D,76,INFLOW,20120729 0000,20120729 0000,1111, ,CFS
FOL,D,76,INFLOW,20120730 0000,20120730 0000,1060, ,CFS
FOL,D,76,INFLOW,20120731 0000,20120731 0000,1497, ,CFS
FOL,D,76,INFLOW,20120801 0000,20120801 0000,1421, ,CFS
FOL,D,76,INFLOW,20120802 0000,20120802 0000,1325, ,CFS
FOL,D,76,INFLOW,20120803 0000,20120803 0000,1189, ,CFS
FOL,D,76,INFLOW,20120804 0000,20120804 0000,1357, ,CFS
FOL,D,76,INFLOW,20120805 0000,20120805 0000,830, ,CFS
FOL,D,76,INFLOW,20120806 0000,20120806 0000,1351, ,CFS
FOL,D,76,INFLOW,20120807 0000,20120807 0000,1516, ,CFS
FOL,D,76,INFLOW,20120808 0000,20120808 0000,1111, ,CFS
FOL,D,76,INFLOW,20120809 0000,20120809 0000,1656, ,CFS
FOL,D,76,INFLOW,20120810 0000,20120810 0000,1637, ,CFS
FOL,D,76,INFLOW,20120811 0000,20120811 0000,1288, ,CFS
FOL,D,76,INFLOW,20120812 0000,20120812 0000,1828, ,CFS
FOL,D,76,INFLOW,20120813 0000,20120813 0000,1341, ,CFS
FOL,D,76,INFLOW,20120814 0000,20120814 0000,1453, ,CFS
FOL,D,76,INFLOW,20120815 0000,20120815 0000,1602, ,CFS
FOL,D,76,INFLOW,20120816 0000,20120816 0000,1440, ,CFS
FOL,D,76,INFLOW,20120817 0000,20120817 0000,1696, ,CFS
FOL,D,76,INFLOW,20120818 0000,20120818 0000,1675, ,CFS
FOL,D,76,INFLOW,20120819 0000,20120819 0000,1619, ,CFS
FOL,D,76,INFLOW,20120820 0000,20120820 0000,1564, ,CFS
FOL,D,76,INFLOW,20120821 0000,20120821 0000,1492, ,CFS
FOL,D,76,INFLOW,20120822 0000,20120822 0000,1486, ,CFS
FOL,D,76,INFLOW,20120823 0000,20120823 0000,1503, ,CFS
FOL,D,76,INFLOW,20120824 0000,20120824 0000,1780, ,CFS
FOL,D,76,INFLOW,20120825 0000,20120825 0000,1566, ,CFS
FOL,D,76,INFLOW,20120826 0000,20120826 0000,1135, ,CFS
FOL,D,76,INFLOW,20120827 0000,20120827 0000,1458, ,CFS
FOL,D,76,INFLOW,20120828 0000,20120828 0000,1831, ,CFS
FOL,D,76,INFLOW,20120829 0000,20120829 0000,1555, ,CFS
FOL,D,76,INFLOW,20120830 0000,20120830 0000,1826, ,CFS
FOL,D,76,INFLOW,20120831 0000,20120831 0000,1318, ,CFS
FOL,D,76,INFLOW,20120901 0000,20120901 0000,1409, ,CFS
FOL,D,76,INFLOW,20120902 0000,20120902 0000,1476, ,CFS
FOL,D,76,INFLOW,20120903 0000,20120903 0000,1839, ,CFS
FOL,D,76,INFLOW,20120904 0000,20120904 0000,1860, ,CFS
FOL,D,76,INFLOW,20120905 0000,20120905 0000,1242, ,CFS
FOL,D,76,INFLOW,20120906 0000,20120906 0000,1967, ,CFS
FOL,D,76,INFLOW,20120907 0000,20120907 0000,1779, ,CFS
FOL,D,76,INFLOW,20120908 0000,20120908 0000,1837, ,CFS
FOL,D,76,INFLOW,20120909 0000,20120909 0000,1369, ,CFS
FOL,D,76,INFLOW,20120910 0000,20120910 0000,1308, ,CFS
FOL,D,76,INFLOW,20120911 0000,20120911 0000,1363, ,CFS
FOL,D,76,INFLOW,20120912 0000,20120912 0000,1524, ,CFS
FOL,D,76,INFLOW,20120913 0000,20120913 0000,1320, ,CFS
FOL,D,76,INFLOW,20120914 0000,20120914 0000,1603, ,CFS
FOL,D,76,INFLOW,20120915 0000,20120915 0000,1235, ,CFS
FOL,D,76,INFLOW,20120916 0000,20120916 0000,988, ,CFS
FOL,D,76,INFLOW,20120917 0000,20120917 0000,1013, ,CFS
FOL,D,76,INFLOW,20120918 0000,20120918 0000,882, ,CFS
FOL,D,76,INFLOW,20120919 0000,20120919 0000,810, ,CFS
FOL,D,76,INFLOW,20120920 0000,20120920 0000,902, ,CFS
FOL,D,76,INFLOW,20120921 0000,20120921 0000,1012, ,CFS
FOL,D,76,INFLOW,20120922 0000,20120922 0000,1059, ,CFS
FOL,D,76,INFLOW,20120923 0000,20120923 0000,1104, ,CFS
FOL,D,76,INFLOW,20120924 0000,20120924 0000,868, ,CFS
FOL,D,76,INFLOW,20120925 0000,20120925 0000,1100, ,CFS
FOL,D,76,INFLOW,20120926 0000,20120926 0000,1021, ,CFS
FOL,D,76,INFLOW,20120927 0000,20120927 0000,1669, ,CFS
FOL,D,76,INFLOW,20120928 0000,20120928 0000,1447, ,CFS
FOL,D,76,INFLOW,20120929 0000,20120929 0000,1179, ,CFS
FOL,D,76,INFLOW,20120930 0000,20120930 0000,1198, ,CFS
FOL,D,76,INFLOW,20121001 0000,20121001 0000,1341, ,CFS
FOL,D,76,INFLOW,20121002 0000,20121002 0000,1456, ,CFS
FOL,D,76,INFLOW,20121003 0000,20121003 0000,997, ,CFS
FOL,D,76,INFLOW,20121004 0000,20121004 0000,842, ,CFS
FOL,D,76,INFLOW,20121005 0000,20121005 0000,436, ,CFS
FOL,D,76,INFLOW,20121006 0000,20121006 0000,1010, ,CFS
FOL,D,76,INFLOW,20121007 0000,20121007 0000,1012, ,CFS
FOL,D,76,INFLOW,20121008 0000,20121008 0000,978, ,CFS
FOL,D,76,INFLOW,20121009 0000,20121009 0000,1752, ,CFS
FOL,D,76,INFLOW,20121010 0000,20121010 0000,925, ,CFS
FOL,D,76,INFLOW,20121011 0000,20121011 0000,607, ,CFS
FOL,D,76,INFLOW,20121012 0000,20121012 0000,1045, ,CFS
FOL,D,76,INFLOW,20121013 0000,20121013 0000,835, ,CFS
FOL,D,76,INFLOW,20121014 0000,20121014 0000,939, ,CFS
FOL,D,76,INFLOW,20121015 0000,20121015 0000,948, ,CFS
FOL,D,76,INFLOW,20121016 0000,20121016 0000,977, ,CFS
FOL,D,76,INFLOW,20121017 0000,20121017 0000,893, ,CFS
FOL,D,76,INFLOW,20121018 0000,20121018 0000,965, ,CFS
FOL,D,76,INFLOW,20121019 0000,20121019 0000,1018, ,CFS
FOL,D,76,INFLOW,20121020 0000,20121020 0000,729, ,CFS
FOL,D,76,INFLOW,20121021 0000,20121021 0000,739, ,CFS
FOL,D,76,INFLOW,20121022 0000,20121022 0000,1226, ,CFS
FOL,D,76,INFLOW,20121023 0000,20121023 0000,1280, ,CFS
FOL,D,76,INFLOW,20121024 0000,20121024 0000,859, ,CFS
FOL,D,76,INFLOW,20121025 0000,20121025 0000,1209, ,CFS
FOL,D,76,INFLOW,20121026 0000,20121026 0000,1177, ,CFS
FOL,D,76,INFLOW,20121027 0000,20121027 0000,985, ,CFS
FOL,D,76,INFLOW,20121028 0000,20121028 0000,882, ,CFS
FOL,D,76,INFLOW,20121029 0000,20121029 0000,998, ,CFS
FOL,D,76,INFLOW,20121030 0000,20121030 0000,961, ,CFS
FOL,D,76,INFLOW,20121031 0000,20121031 0000,1049, ,CFS
FOL,D,76,INFLOW,20121101 0000,20121101 0000,1070, ,CFS
FOL,D,76,INFLOW,20121102 0000,20121102 0000,635, ,CFS
FOL,D,76,INFLOW,20121103 0000,20121103 0000,1049, ,CFS
FOL,D,76,INFLOW,20121104 0000,20121104 0000,620, ,CFS
FOL,D,76,INFLOW,20121105 0000,20121105 0000,453, ,CFS
FOL,D,76,INFLOW,20121106 0000,20121106 0000,558, ,CFS
FOL,D,76,INFLOW,20121107 0000,20121107 0000,421, ,CFS
FOL,D,76,INFLOW,20121108 0000,20121108 0000,572, ,CFS
FOL,D,76,INFLOW,20121109 0000,20121109 0000,525, ,CFS
FOL,D,76,INFLOW,20121110 0000,20121110 0000,1229, ,CFS
FOL,D,76,INFLOW,20121111 0000,20121111 0000,1086, ,CFS
FOL,D,76,INFLOW,20121112 0000,20121112 0000,977, ,CFS
FOL,D,76,INFLOW,20121113 0000,20121113 0000,993, ,CFS
FOL,D,76,INFLOW,20121114 0000,20121114 0000,810, ,CFS
FOL,D,76,INFLOW,20121115 0000,20121115 0000,726, ,CFS
FOL,D,76,INFLOW,20121116 0000,20121116 0000,888, ,CFS
FOL,D,76,INFLOW,20121117 0000,20121117 0000,1677, ,CFS
FOL,D,76,INFLOW,20121118 0000,20121118 0000,3012, ,CFS
FOL,D,76,INFLOW,20121119 0000,20121119 0000,2108, ,CFS
FOL,D,76,INFLOW,20121120 0000,20121120 0000,1404, ,CFS
FOL,D,76,INFLOW,20121121 0000,20121121 0000,2415, ,CFS
FOL,D,76,INFLOW,20121122 0000,20121122 0000,2847, ,CFS
FOL,D,76,INFLOW,20121123 0000,20121123 0000,1565, ,CFS
FOL,D,76,INFLOW,20121124 0000,20121124 0000,1511, ,CFS
FOL,D,76,INFLOW,20121125 0000,20121125 0000,1477, ,CFS
FOL,D,76,INFLOW,20121126 0000,20121126 0000,1269, ,CFS
FOL,D,76,INFLOW,20121127 0000,20121127 0000,1408, ,CFS
FOL,D,76,INFLOW,20121128 0000,20121128 0000,2734, ,CFS
FOL,D,76,INFLOW,20121129 0000,20121129 0000,3415, ,CFS
FOL,D,76,INFLOW,20121130 0000,20121130 0000,19621, ,CFS
FOL,D,76,INFLOW,20121201 0000,20121201 0000,18465, ,CFS
FOL,D,76,INFLOW,20121202 0000,20121202 0000,32162, ,CFS
FOL,D,76,INFLOW,20121203 0000,20121203 0000,15556, ,CFS
FOL,D,76,INFLOW,20121204 0000,20121204 0000,7998, ,CFS
FOL,D,76,INFLOW,20121205 0000,20121205 0000,10646, ,CFS
FOL,D,76,INFLOW,20121206 0000,20121206 0000,10462, ,CFS
FOL,D,76,INFLOW,20121207 0000,20121207 0000,6999, ,CFS
FOL,D,76,INFLOW,20121208 0000,20121208 0000,5467, ,CFS
FOL,D,76,INFLOW,20121209 0000,20121209 0000,4845, ,CFS
FOL,D,76,INFLOW,20121210 0000,20121210 0000,4040, ,CFS
FOL,D,76,INFLOW,20121211 0000,20121211 0000,4089, ,CFS
FOL,D,76,INFLOW,20121212 0000,20121212 0000,3823, ,CFS
FOL,D,76,INFLOW,20121213 0000,20121213 0000,4076, ,CFS
FOL,D,76,INFLOW,20121214 0000,20121214 0000,3846, ,CFS
FOL,D,76,INFLOW,20121215 0000,20121215 0000,3797, ,CFS
FOL,D,76,INFLOW,20121216 0000,20121216 0000,3190, ,CFS
FOL,D,76,INFLOW,20121217 0000,20121217 0000,5159, ,CFS
FOL,D,76,INFLOW,20121218 0000,20121218 0000,6615, ,CFS
FOL,D,76,INFLOW,20121219 0000,20121219 0000,5662, ,CFS
FOL,D,76,INFLOW,20121220 0000,20121220 0000,4964, ,CFS
FOL,D,76,INFLOW,20121221 0000,20121221 0000,4677, ,CFS
FOL,D,76,INFLOW,20121222 0000,20121222 0000,6273, ,CFS
FOL,D,76,INFLOW,20121223 0000,20121223 0000,10864, ,CFS
FOL,D,76,INFLOW,20121224 0000,20121224 0000,11835, ,CFS
FOL,D,76,INFLOW,20121225 0000,20121225 0000,8670, ,CFS
FOL,D,76,INFLOW,20121226 0000,20121226 0000,11762, ,CFS
FOL,D,76,INFLOW,20121227 0000,20121227 0000,8710, ,CFS
FOL,D,76,INFLOW,20121228 0000,20121228 0000,6922, ,CFS
FOL,D,76,INFLOW,20121229 0000,20121229 0000,5117, ,CFS
FOL,D,76,INFLOW,20121230 0000,20121230 0000,4659, ,CFS
FOL,D,76,INFLOW,20121231 0000,20121231 0000,4561, ,CFS
FOL,D,76,INFLOW,20130101 0000,20130101 0000,3838, ,CFS
FOL,D,76,INFLOW,20130102 0000,20130102 0000,4349, ,CFS
FOL,D,76,INFLOW,20130103 0000,20130103 0000,3696, ,CFS
FOL,D,76,INFLOW,20130104 0000,20130104 0000,3599, ,CFS
FOL,D,76,INFLOW,20130105 0000,20130105 0000,3034, ,CFS
FOL,D,76,INFLOW,20130106 0000,20130106 0000,2874, ,CFS
FOL,D,76,INFLOW,20130107 0000,20130107 0000,3202, ,CFS
FOL,D,76,INFLOW,20130108 0000,20130108 0000,2336, ,CFS
FOL,D,76,INFLOW,20130109 0000,20130109 0000,2447, ,CFS
FOL,D,76,INFLOW,20130110 0000,20130110 0000,2964, ,CFS
FOL,D,76,INFLOW,20130111 0000,20130111 0000,2939, ,CFS
FOL,D,76,INFLOW,20130112 0000,20130112 0000,2728, ,CFS
FOL,D,76,INFLOW,20130113 0000,20130113 0000,2649, ,CFS
FOL,D,76,INFLOW,20130114 0000,20130114 0000,2152, ,CFS
FOL,D,76,INFLOW,20130115 0000,20130115 0000,2534, ,CFS
FOL,D,76,INFLOW,20130116 0000,20130116 0000,2590, ,CFS
FOL,D,76,INFLOW,20130117 0000,20130117 0000,2418, ,CFS
FOL,D,76,INFLOW,20130118 0000,20130118 0000,2392, ,CFS
FOL,D,76,INFLOW,20130119 0000,20130119 0000,2472, ,CFS
FOL,D,76,INFLOW,20130120 0000,20130120 0000,2431, ,CFS
FOL,D,76,INFLOW,20130121 0000,20130121 0000,2235, ,CFS
FOL,D,76,INFLOW,20130122 0000,20130122 0000,2579, ,CFS
FOL,D,76,INFLOW,20130123 0000,20130123 0000,2309, ,CFS
FOL,D,76,INFLOW,20130124 0000,20130124 0000,2435, ,CFS
FOL,D,76,INFLOW,20130125 0000,20130125 0000,2160, ,CFS
FOL,D,76,INFLOW,20130126 0000,20130126 0000,3067, ,CFS
FOL,D,76,INFLOW,20130127 0000,20130127 0000,3576, ,CFS
FOL,D,76,INFLOW,20130128 0000,20130128 0000,2946, ,CFS
FOL,D,76,INFLOW,20130129 0000,20130129 0000,2972, ,CFS
FOL,D,76,INFLOW,20130130 0000,20130130 0000,2524, ,CFS
FOL,D,76,INFLOW,20130131 0000,20130131 0000,3069, ,CFS
FOL,D,76,INFLOW,20130201 0000,20130201 0000,3163, ,CFS
FOL,D,76,INFLOW,20130202 0000,20130202 0000,3179, ,CFS
FOL,D,76,INFLOW,20130203 0000,20130203 0000,2970, ,CFS
FOL,D,76,INFLOW,20130204 0000,20130204 0000,3239, ,CFS
FOL,D,76,INFLOW,20130205 0000,20130205 0000,2503, ,CFS
FOL,D,76,INFLOW,20130206 0000,20130206 0000,2217, ,CFS
FOL,D,76,INFLOW,20130207 0000,20130207 0000,2122, ,CFS
FOL,D,76,INFLOW,20130208 0000,20130208 0000,2094, ,CFS
FOL,D,76,INFLOW,20130209 0000,20130209 0000,2039, ,CFS
FOL,D,76,INFLOW,20130210 0000,20130210 0000,1840, ,CFS
FOL,D,76,INFLOW,20130211 0000,20130211 0000,2036, ,CFS
FOL,D,76,INFLOW,20130212 0000,20130212 0000,1659, ,CFS
FOL,D,76,INFLOW,20130213 0000,20130213 0000,2050, ,CFS
FOL,D,76,INFLOW,20130214 0000,20130214 0000,2061, ,CFS
FOL,D,76,INFLOW,20130215 0000,20130215 0000,2243, ,CFS
FOL,D,76,INFLOW,20130216 0000,20130216 0000,1871, ,CFS
FOL,D,76,INFLOW,20130217 0000,20130217 0000,1633, ,CFS
FOL,D,76,INFLOW,20130218 0000,20130218 0000,1584, ,CFS
FOL,D,76,INFLOW,20130219 0000,20130219 0000,1818, ,CFS
FOL,D,76,INFLOW,20130220 0000,20130220 0000,1866, ,CFS
FOL,D,76,INFLOW,20130221 0000,20130221 0000,1486, ,CFS
FOL,D,76,INFLOW,20130222 0000,20130222 0000,1779, ,CFS
FOL,D,76,INFLOW,20130223 0000,20130223 0000,1639, ,CFS
FOL,D,76,INFLOW,20130224 0000,20130224 0000,1753, ,CFS
FOL,D,76,INFLOW,20130225 0000,20130225 0000,1377, ,CFS
FOL,D,76,INFLOW,20130226 0000,20130226 0000,1400, ,CFS
FOL,D,76,INFLOW,20130227 0000,20130227 0000,1881, ,CFS
FOL,D,76,INFLOW,20130228 0000,20130228 0000,1608, ,CFS
FOL,D,76,INFLOW,20130301 0000,20130301 0000,1927, ,CFS
FOL,D,76,INFLOW,20130302 0000,20130302 0000,1878, ,CFS
FOL,D,76,INFLOW,20130303 0000,20130303 0000,1855, ,CFS
FOL,D,76,INFLOW,20130304 0000,20130304 0000,1880, ,CFS
FOL,D,76,INFLOW,20130305 0000,20130305 0000,2098, ,CFS
FOL,D,76,INFLOW,20130306 0000,20130306 0000,2327, ,CFS
FOL,D,76,INFLOW,20130307 0000,20130307 0000,2284, ,CFS
FOL,D,76,INFLOW,20130308 0000,20130308 0000,2227, ,CFS
FOL,D,76,INFLOW,20130309 0000,20130309 0000,2045, ,CFS
FOL,D,76,INFLOW,20130310 0000,20130310 0000,1983, ,CFS
FOL,D,76,INFLOW,20130311 0000,20130311 0000,2070, ,CFS
FOL,D,76,INFLOW,20130312 0000,20130312 0000,2008, ,CFS
FOL,D,76,INFLOW,20130313 0000,20130313 0000,2073, ,CFS
FOL,D,76,INFLOW,20130314 0000,20130314 0000,2351, ,CFS
FOL,D,76,INFLOW,20130315 0000,20130315 0000,2168, ,CFS
FOL,D,76,INFLOW,20130316 0000,20130316 0000,2476, ,CFS
FOL,D,76,INFLOW,20130317 0000,20130317 0000,2457, ,CFS
FOL,D,76,INFLOW,20130318 0000,20130318 0000,2622, ,CFS
FOL,D,76,INFLOW,20130319 0000,20130319 0000,2205, ,CFS
FOL,D,76,INFLOW,20130320 0000,20130320 0000,2947, ,CFS
FOL,D,76,INFLOW,20130321 0000,20130321 0000,4663, ,CFS
FOL,D,76,INFLOW,20130322 0000,20130322 0000,3715, ,CFS
FOL,D,76,INFLOW,20130323 0000,20130323 0000,3099, ,CFS
FOL,D,76,INFLOW,20130324 0000,20130324 0000,3294, ,CFS
FOL,D,76,INFLOW,20130325 0000,20130325 0000,2659, ,CFS
FOL,D,76,INFLOW,20130326 0000,20130326 0000,2359, ,CFS
FOL,D,76,INFLOW,20130327 0000,20130327 0000,2066, ,CFS
FOL,D,76,INFLOW,20130328 0000,20130328 0000,2766, ,CFS
FOL,D,76,INFLOW,20130329 0000,20130329 0000,2944, ,CFS
FOL,D,76,INFLOW,20130330 0000,20130330 0000,2813, ,CFS
FOL,D,76,INFLOW,20130331 0000,20130331 0000,3675, ,CFS
FOL,D,76,INFLOW,20130401 0000,20130401 0000,3845, ,CFS
FOL,D,76,INFLOW,20130402 0000,20130402 0000,3660, ,CFS
FOL,D,76,INFLOW,20130403 0000,20130403 0000,3533, ,CFS
FOL,D,76,INFLOW,20130404 0000,20130404 0000,3869, ,CFS
FOL,D,76,INFLOW,20130405 0000,20130405 0000,3552, ,CFS
FOL,D,76,INFLOW,20130406 0000,20130406 0000,3448, ,CFS
FOL,D,76,INFLOW,20130407 0000,20130407 0000,3091, ,CFS
FOL,D,76,INFLOW,20130408 0000,20130408 0000,3597, ,CFS
FOL,D,76,INFLOW,20130409 0000,20130409 0000,3184, ,CFS
FOL,D,76,INFLOW,20130410 0000,20130410 0000,2727, ,CFS
FOL,D,76,INFLOW,20130411 0000,20130411 0000,3132, ,CFS
FOL,D,76,INFLOW,20130412 0000,20130412 0000,2773, ,CFS
FOL,D,76,INFLOW,20130413 0000,20130413 0000,2778, ,CFS
FOL,D,76,INFLOW,20130414 0000,20130414 0000,2891, ,CFS
FOL,D,76,INFLOW,20130415 0000,20130415 0000,3263, ,CFS
FOL,D,76,INFLOW,20130416 0000,20130416 0000,2381, ,CFS
FOL,D,76,INFLOW,20130417 0000,20130417 0000,2572, ,CFS
FOL,D,76,INFLOW,20130418 0000,20130418 0000,2119, ,CFS
FOL,D,76,INFLOW,20130419 0000,20130419 0000,2035, ,CFS
FOL,D,76,INFLOW,20130420 0000,20130420 0000,2272, ,CFS
FOL,D,76,INFLOW,20130421 0000,20130421 0000,2489, ,CFS
FOL,D,76,INFLOW,20130422 0000,20130422 0000,2419, ,CFS
FOL,D,76,INFLOW,20130423 0000,20130423 0000,2050, ,CFS
FOL,D,76,INFLOW,20130424 0000,20130424 0000,2094, ,CFS
FOL,D,76,INFLOW,20130425 0000,20130425 0000,2080, ,CFS
FOL,D,76,INFLOW,20130426 0000,20130426 0000,1979, ,CFS
FOL,D,76,INFLOW,20130427 0000,20130427 0000,2185, ,CFS
FOL,D,76,INFLOW,20130428 0000,20130428 0000,2029, ,CFS
FOL,D,76,INFLOW,20130429 0000,20130429 0000,2199, ,CFS
FOL,D,76,INFLOW,20130430 0000,20130430 0000,2536, ,CFS
FOL,D,76,INFLOW,20130501 0000,20130501 0000,1695, ,CFS
FOL,D,76,INFLOW,20130502 0000,20130502 0000,2057, ,CFS
FOL,D,76,INFLOW,20130503 0000,20130503 0000,2418, ,CFS
FOL,D,76,INFLOW,20130504 0000,20130504 0000,2508, ,CFS
FOL,D,76,INFLOW,20130505 0000,20130505 0000,2160, ,CFS
FOL,D,76,INFLOW,20130506 0000,20130506 0000,1683, ,CFS
FOL,D,76,INFLOW,20130507 0000,20130507 0000,1976, ,CFS
FOL,D,76,INFLOW,20130508 0000,20130508 0000,2908, ,CFS
FOL,D,76,INFLOW,20130509 0000,20130509 0000,2318, ,CFS
FOL,D,76,INFLOW,20130510 0000,20130510 0000,2170, ,CFS
FOL,D,76,INFLOW,20130511 0000,20130511 0000,2447, ,CFS
FOL,D,76,INFLOW,20130512 0000,20130512 0000,---, ,CFS
FOL,D,76,INFLOW,20130513 0000,20130513 0000,2385, ,CFS
FOL,D,76,INFLOW,20130514 0000,20130514 0000,2697, ,CFS
FOL,D,76,INFLOW,20130515 0000,20130515 0000,2207, ,CFS
FOL,D,76,INFLOW,20130516 0000,20130516 0000,2273, ,CFS
FOL,D,76,INFLOW,20130517 0000,20130517 0000,2038, ,CFS
FOL,D,76,INFLOW,20130518 0000,20130518 0000,2536, ,CFS
FOL,D,76,INFLOW,20130519 0000,20130519 0000,1676, ,CFS
FOL,D,76,INFLOW,20130520 0000,20130520 0000,2134, ,CFS
FOL,D,76,INFLOW,20130521 0000,20130521 0000,1790, ,CFS
FOL,D,76,INFLOW,20130522 0000,20130522 0000,1712, ,CFS
FOL,D,76,INFLOW,20130523 0000,20130523 0000,1919, ,CFS
FOL,D,76,INFLOW,20130524 0000,20130524 0000,1904, ,CFS
FOL,D,76,INFLOW,20130525 0000,20130525 0000,1940, ,CFS
FOL,D,76,INFLOW,20130526 0000,20130526 0000,1564, ,CFS
FOL,D,76,INFLOW,20130527 0000,20130527 0000,1504, ,CFS
FOL,D,76,INFLOW,20130528 0000,20130528 0000,1944, ,CFS
FOL,D,76,INFLOW,20130529 0000,20130529 0000,3123, ,CFS
FOL,D,76,INFLOW,20130530 0000,20130530 0000,2614, ,CFS
FOL,D,76,INFLOW,20130531 0000,20130531 0000,2148, ,CFS
FOL,D,76,INFLOW,20130601 0000,20130601 0000,1884, ,CFS
FOL,D,76,INFLOW,20130602 0000,20130602 0000,1864, ,CFS
FOL,D,76,INFLOW,20130603 0000,20130603 0000,1495, ,CFS
FOL,D,76,INFLOW,20130604 0000,20130604 0000,1782, ,CFS
FOL,D,76,INFLOW,20130605 0000,20130605 0000,1824, ,CFS
FOL,D,76,INFLOW,20130606 0000,20130606 0000,1700, ,CFS
FOL,D,76,INFLOW,20130607 0000,20130607 0000,1305, ,CFS
FOL,D,76,INFLOW,20130608 0000,20130608 0000,1614, ,CFS
FOL,D,76,INFLOW,20130609 0000,20130609 0000,1520, ,CFS
FOL,D,76,INFLOW,20130610 0000,20130610 0000,1094, ,CFS
FOL,D,76,INFLOW,20130611 0000,20130611 0000,1455, ,CFS
FOL,D,76,INFLOW,20130612 0000,20130612 0000,1702, ,CFS
FOL,D,76,INFLOW,20130613 0000,20130613 0000,1264, ,CFS
FOL,D,76,INFLOW,20130614 0000,20130614 0000,978, ,CFS
FOL,D,76,INFLOW,20130615 0000,20130615 0000,1274, ,CFS
FOL,D,76,INFLOW,20130616 0000,20130616 0000,1236, ,CFS
FOL,D,76,INFLOW,20130617 0000,20130617 0000,1296, ,CFS
FOL,D,76,INFLOW,20130618 0000,20130618 0000,1357, ,CFS
FOL,D,76,INFLOW,20130619 0000,20130619 0000,876, ,CFS
FOL,D,76,INFLOW,20130620 0000,20130620 0000,1055, ,CFS
FOL,D,76,INFLOW,20130621 0000,20130621 0000,1527, ,CFS
FOL,D,76,INFLOW,20130622 0000,20130622 0000,1420, ,CFS
FOL,D,76,INFLOW,20130623 0000,20130623 0000,1501, ,CFS
FOL,D,76,INFLOW,20130624 0000,20130624 0000,1186, ,CFS
FOL,D,76,INFLOW,20130625 0000,20130625 0000,1626, ,CFS
FOL,D,76,INFLOW,20130626 0000,20130626 0000,2016, ,CFS
FOL,D,76,INFLOW,20130627 0000,20130627 0000,1690, ,CFS
FOL,D,76,INFLOW,20130628 0000,20130628 0000,1911, ,CFS
FOL,D,76,INFLOW,20130629 0000,20130629 0000,1610, ,CFS
FOL,D,76,INFLOW,20130630 0000,20130630 0000,1919, ,CFS
FOL,D,76,INFLOW,20130701 0000,20130701 0000,1021, ,CFS
FOL,D,76,INFLOW,20130702 0000,20130702 0000,1254, ,CFS
FOL,D,76,INFLOW,20130703 0000,20130703 0000,1244, ,CFS
FOL,D,76,INFLOW,20130704 0000,20130704 0000,1610, ,CFS
FOL,D,76,INFLOW,20130705 0000,20130705 0000,1218, ,CFS
FOL,D,76,INFLOW,20130706 0000,20130706 0000,1120, ,CFS
FOL,D,76,INFLOW,20130707 0000,20130707 0000,1077, ,CFS
FOL,D,76,INFLOW,20130708 0000,20130708 0000,949, ,CFS
FOL,D,76,INFLOW,20130709 0000,20130709 0000,1297, ,CFS
FOL,D,76,INFLOW,20130710 0000,20130710 0000,1519, ,CFS
FOL,D,76,INFLOW,20130711 0000,20130711 0000,1315, ,CFS
FOL,D,76,INFLOW,20130712 0000,20130712 0000,779, ,CFS
FOL,D,76,INFLOW,20130713 0000,20130713 0000,1257, ,CFS
FOL,D,76,INFLOW,20130714 0000,20130714 0000,1656, ,CFS
FOL,D,76,INFLOW,20130715 0000,20130715 0000,963, ,CFS
FOL,D,76,INFLOW,20130716 0000,20130716 0000,803, ,CFS
FOL,D,76,INFLOW,20130717 0000,20130717 0000,474, ,CFS
FOL,D,76,INFLOW,20130718 0000,20130718 0000,953, ,CFS
FOL,D,76,INFLOW,20130719 0000,20130719 0000,---, ,CFS
FOL,D,76,INFLOW,20130720 0000,20130720 0000,1127, ,CFS
FOL,D,76,INFLOW,20130721 0000,20130721 0000,1185, ,CFS
FOL,D,76,INFLOW,20130722 0000,20130722 0000,1813, ,CFS
FOL,D,76,INFLOW,20130723 0000,20130723 0000,1972, ,CFS
FOL,D,76,INFLOW,20130724 0000,20130724 0000,1527, ,CFS
FOL,D,76,INFLOW,20130725 0000,20130725 0000,1318, ,CFS
FOL,D,76,INFLOW,20130726 0000,20130726 0000,1424, ,CFS
FOL,D,76,INFLOW,20130727 0000,20130727 0000,1532, ,CFS
FOL,D,76,INFLOW,20130728 0000,20130728 0000,949, ,CFS
FOL,D,76,INFLOW,20130729 0000,20130729 0000,962, ,CFS
FOL,D,76,INFLOW,20130730 0000,20130730 0000,853, ,CFS
FOL,D,76,INFLOW,20130731 0000,20130731 0000,1362, ,CFS
FOL,D,76,INFLOW,20130801 0000,20130801 0000,1391, ,CFS
FOL,D,76,INFLOW,20130802 0000,20130802 0000,1274, ,CFS
FOL,D,76,INFLOW,20130803 0000,20130803 0000,1568, ,CFS
FOL,D,76,INFLOW,20130804 0000,20130804 0000,1410, ,CFS
FOL,D,76,INFLOW,20130805 0000,20130805 0000,1333, ,CFS
FOL,D,76,INFLOW,20130806 0000,20130806 0000,1299, ,CFS
FOL,D,76,INFLOW,20130807 0000,20130807 0000,1302, ,CFS
FOL,D,76,INFLOW,20130808 0000,20130808 0000,1324, ,CFS
FOL,D,76,INFLOW,20130809 0000,20130809 0000,1863, ,CFS
FOL,D,76,INFLOW,20130810 0000,20130810 0000,1303, ,CFS
FOL,D,76,INFLOW,20130811 0000,20130811 0000,1251, ,CFS
FOL,D,76,INFLOW,20130812 0000,20130812 0000,1100, ,CFS
FOL,D,76,INFLOW,20130813 0000,20130813 0000,1384, ,CFS
FOL,D,76,INFLOW,20130814 0000,20130814 0000,1255, ,CFS
FOL,D,76,INFLOW,20130815 0000,20130815 0000,1121, ,CFS
FOL,D,76,INFLOW,20130816 0000,20130816 0000,1495, ,CFS
FOL,D,76,INFLOW,20130817 0000,20130817 0000,1329, ,CFS
FOL,D,76,INFLOW,20130818 0000,20130818 0000,1262, ,CFS
FOL,D,76,INFLOW,20130819 0000,20130819 0000,1502, ,CFS
FOL,D,76,INFLOW,20130820 0000,20130820 0000,1356, ,CFS
FOL,D,76,INFLOW,20130821 0000,20130821 0000,1007, ,CFS
FOL,D,76,INFLOW,20130822 0000,20130822 0000,917, ,CFS
FOL,D,76,INFLOW,20130823 0000,20130823 0000,994, ,CFS
FOL,D,76,INFLOW,20130824 0000,20130824 0000,1333, ,CFS
FOL,D,76,INFLOW,20130825 0000,20130825 0000,1117, ,CFS
FOL,D,76,INFLOW,20130826 0000,20130826 0000,1653, ,CFS
FOL,D,76,INFLOW,20130827 0000,20130827 0000,1327, ,CFS
FOL,D,76,INFLOW,20130828 0000,20130828 0000,1055, ,CFS
FOL,D,76,INFLOW,20130829 0000,20130829 0000,1444, ,CFS
FOL,D,76,INFLOW,20130830 0000,20130830 0000,1208, ,CFS
FOL,D,76,INFLOW,20130831 0000,20130831 0000,1315, ,CFS
FOL,D,76,INFLOW,20130901 0000,20130901 0000,992, ,CFS
FOL,D,76,INFLOW,20130902 0000,20130902 0000,1065, ,CFS
FOL,D,76,INFLOW,20130903 0000,20130903 0000,660, ,CFS
FOL,D,76,INFLOW,20130904 0000,20130904 0000,652, ,CFS
FOL,D,76,INFLOW,20130905 0000,20130905 0000,694, ,CFS
FOL,D,76,INFLOW,20130906 0000,20130906 0000,1120, ,CFS
FOL,D,76,INFLOW,20130907 0000,20130907 0000,1544, ,CFS
FOL,D,76,INFLOW,20130908 0000,20130908 0000,1158, ,CFS
FOL,D,76,INFLOW,20130909 0000,20130909 0000,1353, ,CFS
FOL,D,76,INFLOW,20130910 0000,20130910 0000,997, ,CFS
FOL,D,76,INFLOW,20130911 0000,20130911 0000,508, ,CFS
FOL,D,76,INFLOW,20130912 0000,20130912 0000,650, ,CFS
FOL,D,76,INFLOW,20130913 0000,20130913 0000,893, ,CFS
FOL,D,76,INFLOW,20130914 0000,20130914 0000,850, ,CFS
FOL,D,76,INFLOW,20130915 0000,20130915 0000,954, ,CFS
FOL,D,76,INFLOW,20130916 0000,20130916 0000,814, ,CFS
FOL,D,76,INFLOW,20130917 0000,20130917 0000,627, ,CFS
FOL,D,76,INFLOW,20130918 0000,20130918 0000,616, ,CFS
FOL,D,76,INFLOW,20130919 0000,20130919 0000,562, ,CFS
FOL,D,76,INFLOW,20130920 0000,20130920 0000,1218, ,CFS
FOL,D,76,INFLOW,20130921 0000,20130921 0000,1104, ,CFS
FOL,D,76,INFLOW,20130922 0000,20130922 0000,1080, ,CFS
FOL,D,76,INFLOW,20130923 0000,20130923 0000,782, ,CFS
FOL,D,76,INFLOW,20130924 0000,20130924 0000,927, ,CFS
FOL,D,76,INFLOW,20130925 0000,20130925 0000,852, ,CFS
FOL,D,76,INFLOW,20130926 0000,20130926 0000,728, ,CFS
FOL,D,76,INFLOW,20130927 0000,20130927 0000,947, ,CFS
FOL,D,76,INFLOW,20130928 0000,20130928 0000,977, ,CFS
FOL,D,76,INFLOW,20130929 0000,20130929 0000,921, ,CFS
FOL,D,76,INFLOW,20130930 0000,20130930 0000,756, ,CFS
FOL,D,76,INFLOW,20131001 0000,20131001 0000,636, ,CFS
FOL,D,76,INFLOW,20131002 0000,20131002 0000,570, ,CFS
FOL,D,76,INFLOW,20131003 0000,20131003 0000,504, ,CFS
FOL,D,76,INFLOW,20131004 0000,20131004 0000,563, ,CFS
FOL,D,76,INFLOW,20131005 0000,20131005 0000,711, ,CFS
FOL,D,76,INFLOW,20131006 0000,20131006 0000,896, ,CFS
FOL,D,76,INFLOW,20131007 0000,20131007 0000,502, ,CFS
FOL,D,76,INFLOW,20131008 0000,20131008 0000,473, ,CFS
FOL,D,76,INFLOW,20131009 0000,20131009 0000,447, ,CFS
FOL,D,76,INFLOW,20131010 0000,20131010 0000,438, ,CFS
FOL,D,76,INFLOW,20131011 0000,20131011 0000,600, ,CFS
FOL,D,76,INFLOW,20131012 0000,20131012 0000,679, ,CFS
FOL,D,76,INFLOW,20131013 0000,20131013 0000,726, ,CFS
FOL,D,76,INFLOW,20131014 0000,20131014 0000,454, ,CFS
FOL,D,76,INFLOW,20131015 0000,20131015 0000,391, ,CFS
FOL,D,76,INFLOW,20131016 0000,20131016 0000,303, ,CFS
FOL,D,76,INFLOW,20131017 0000,20131017 0000,296, ,CFS
FOL,D,76,INFLOW,20131018 0000,20131018 0000,371, ,CFS
FOL,D,76,INFLOW,20131019 0000,20131019 0000,581, ,CFS
FOL,D,76,INFLOW,20131020 0000,20131020 0000,607, ,CFS
FOL,D,76,INFLOW,20131021 0000,20131021 0000,373, ,CFS
FOL,D,76,INFLOW,20131022 0000,20131022 0000,363, ,CFS
FOL,D,76,INFLOW,20131023 0000,20131023 0000,306, ,CFS
FOL,D,76,INFLOW,20131024 0000,20131024 0000,377, ,CFS
FOL,D,76,INFLOW,20131025 0000,20131025 0000,319, ,CFS
FOL,D,76,INFLOW,20131026 0000,20131026 0000,650, ,CFS
FOL,D,76,INFLOW,20131027 0000,20131027 0000,593, ,CFS
FOL,D,76,INFLOW,20131028 0000,20131028 0000,285, ,CFS
FOL,D,76,INFLOW,20131029 0000,20131029 0000,298, ,CFS
FOL,D,76,INFLOW,20131030 0000,20131030 0000,258, ,CFS
FOL,D,76,INFLOW,20131031 0000,20131031 0000,234, ,CFS
FOL,D,76,INFLOW,20131101 0000,20131101 0000,218, ,CFS
FOL,D,76,INFLOW,20131102 0000,20131102 0000,539, ,CFS
FOL,D,76,INFLOW,20131103 0000,20131103 0000,506, ,CFS
FOL,D,76,INFLOW,20131104 0000,20131104 0000,204, ,CFS
FOL,D,76,INFLOW,20131105 0000,20131105 0000,285, ,CFS
FOL,D,76,INFLOW,20131106 0000,20131106 0000,335, ,CFS
FOL,D,76,INFLOW,20131107 0000,20131107 0000,381, ,CFS
FOL,D,76,INFLOW,20131108 0000,20131108 0000,357, ,CFS
FOL,D,76,INFLOW,20131109 0000,20131109 0000,562, ,CFS
FOL,D,76,INFLOW,20131110 0000,20131110 0000,555, ,CFS
FOL,D,76,INFLOW,20131111 0000,20131111 0000,359, ,CFS
FOL,D,76,INFLOW,20131112 0000,20131112 0000,391, ,CFS
FOL,D,76,INFLOW,20131113 0000,20131113 0000,490, ,CFS
FOL,D,76,INFLOW,20131114 0000,20131114 0000,403, ,CFS
FOL,D,76,INFLOW,20131115 0000,20131115 0000,325, ,CFS
FOL,D,76,INFLOW,20131116 0000,20131116 0000,490, ,CFS
FOL,D,76,INFLOW,20131117 0000,20131117 0000,547, ,CFS
FOL,D,76,INFLOW,20131118 0000,20131118 0000,365, ,CFS
FOL,D,76,INFLOW,20131119 0000,20131119 0000,563, ,CFS
FOL,D,76,INFLOW,20131120 0000,20131120 0000,687, ,CFS
FOL,D,76,INFLOW,20131121 0000,20131121 0000,548, ,CFS
FOL,D,76,INFLOW,20131122 0000,20131122 0000,568, ,CFS
FOL,D,76,INFLOW,20131123 0000,20131123 0000,954, ,CFS
FOL,D,76,INFLOW,20131124 0000,20131124 0000,629, ,CFS
FOL,D,76,INFLOW,20131125 0000,20131125 0000,509, ,CFS
FOL,D,76,INFLOW,20131126 0000,20131126 0000,405, ,CFS
FOL,D,76,INFLOW,20131127 0000,20131127 0000,529, ,CFS
FOL,D,76,INFLOW,20131128 0000,20131128 0000,501, ,CFS
FOL,D,76,INFLOW,20131129 0000,20131129 0000,---, ,CFS
FOL,D,76,INFLOW,20131130 0000,20131130 0000,591, ,CFS
FOL,D,76,INFLOW,20131201 0000,20131201 0000,743, ,CFS
FOL,D,76,INFLOW,20131202 0000,20131202 0000,531, ,CFS
FOL,D,76,INFLOW,20131203 0000,20131203 0000,398, ,CFS
FOL,D,76,INFLOW,20131204 0000,20131204 0000,656, ,CFS
FOL,D,76,INFLOW,20131205 0000,20131205 0000,539, ,CFS
FOL,D,76,INFLOW,20131206 0000,20131206 0000,568, ,CFS
FOL,D,76,INFLOW,20131207 0000,20131207 0000,701, ,CFS
FOL,D,76,INFLOW,20131208 0000,20131208 0000,714, ,CFS
FOL,D,76,INFLOW,20131209 0000,20131209 0000,437, ,CFS
FOL,D,76,INFLOW,20131210 0000,20131210 0000,465, ,CFS
FOL,D,76,INFLOW,20131211 0000,20131211 0000,561, ,CFS
FOL,D,76,INFLOW,20131212 0000,20131212 0000,763, ,CFS
FOL,D,76,INFLOW,20131213 0000,20131213 0000,776, ,CFS
FOL,D,76,INFLOW,20131214 0000,20131214 0000,714, ,CFS
FOL,D,76,INFLOW,20131215 0000,20131215 0000,706, ,CFS
FOL,D,76,INFLOW,20131216 0000,20131216 0000,655, ,CFS
FOL,D,76,INFLOW,20131217 0000,20131217 0000,438, ,CFS
FOL,D,76,INFLOW,20131218 0000,20131218 0000,411, ,CFS
FOL,D,76,INFLOW,20131219 0000,20131219 0000,376, ,CFS
FOL,D,76,INFLOW,20131220 0000,20131220 0000,529, ,CFS
FOL,D,76,INFLOW,20131221 0000,20131221 0000,656, ,CFS
FOL,D,76,INFLOW,20131222 0000,20131222 0000,583, ,CFS
FOL,D,76,INFLOW,20131223 0000,20131223 0000,364, ,CFS
FOL,D,76,INFLOW,20131224 0000,20131224 0000,352, ,CFS
FOL,D,76,INFLOW,20131225 0000,20131225 0000,283, ,CFS
FOL,D,76,INFLOW,20131226 0000,20131226 0000,320, ,CFS
FOL,D,76,INFLOW,20131227 0000,20131227 0000,431, ,CFS
FOL,D,76,INFLOW,20131228 0000,20131228 0000,600, ,CFS
FOL,D,76,INFLOW,20131229 0000,20131229 0000,634, ,CFS
FOL,D,76,INFLOW,20131230 0000,20131230 0000,360, ,CFS
FOL,D,76,INFLOW,20131231 0000,20131231 0000,393, ,CFS
FOL,D,76,INFLOW,20140101 0000,20140101 0000,299, ,CFS
FOL,D,76,INFLOW,20140102 0000,20140102 0000,305, ,CFS
FOL,D,76,INFLOW,20140103 0000,20140103 0000,266, ,CFS
FOL,D,76,INFLOW,20140104 0000,20140104 0000,557, ,CFS
FOL,D,76,INFLOW,20140105 0000,20140105 0000,515, ,CFS
FOL,D,76,INFLOW,20140106 0000,20140106 0000,240, ,CFS
FOL,D,76,INFLOW,20140107 0000,20140107 0000,390, ,CFS
FOL,D,76,INFLOW,20140108 0000,20140108 0000,340, ,CFS
FOL,D,76,INFLOW,20140109 0000,20140109 0000,340, ,CFS
FOL,D,76,INFLOW,20140110 0000,20140110 0000,345, ,CFS
FOL,D,76,INFLOW,20140111 0000,20140111 0000,588, ,CFS
FOL,D,76,INFLOW,20140112 0000,20140112 0000,618, ,CFS
FOL,D,76,INFLOW,20140113 0000,20140113 0000,433, ,CFS
FOL,D,76,INFLOW,20140114 0000,20140114 0000,362, ,CFS
FOL,D,76,INFLOW,20140115 0000,20140115 0000,333, ,CFS
FOL,D,76,INFLOW,20140116 0000,20140116 0000,328, ,CFS
FOL,D,76,INFLOW,20140117 0000,20140117 0000,335, ,CFS
FOL,D,76,INFLOW,20140118 0000,20140118 0000,529, ,CFS
FOL,D,76,INFLOW,20140119 0000,20140119 0000,632, ,CFS
FOL,D,76,INFLOW,20140120 0000,20140120 0000,314, ,CFS
FOL,D,76,INFLOW,20140121 0000,20140121 0000,285, ,CFS
FOL,D,76,INFLOW,20140122 0000,20140122 0000,262, ,CFS
FOL,D,76,INFLOW,20140123 0000,20140123 0000,215, ,CFS
FOL,D,76,INFLOW,20140124 0000,20140124 0000,280, ,CFS
FOL,D,76,INFLOW,20140125 0000,20140125 0000,558, ,CFS
FOL,D,76,INFLOW,20140126 0000,20140126 0000,619, ,CFS
FOL,D,76,INFLOW,20140127 0000,20140127 0000,353, ,CFS
FOL,D,76,INFLOW,20140128 0000,20140128 0000,287, ,CFS
FOL,D,76,INFLOW,20140129 0000,20140129 0000,320, ,CFS
FOL,D,76,INFLOW,20140130 0000,20140130 0000,439, ,CFS
FOL,D,76,INFLOW,20140131 0000,20140131 0000,800, ,CFS
FOL,D,76,INFLOW,20140201 0000,20140201 0000,681, ,CFS
FOL,D,76,INFLOW,20140202 0000,20140202 0000,877, ,CFS
FOL,D,76,INFLOW,20140203 0000,20140203 0000,403, ,CFS
FOL,D,76,INFLOW,20140204 0000,20140204 0000,333, ,CFS
FOL,D,76,INFLOW,20140205 0000,20140205 0000,307, ,CFS
FOL,D,76,INFLOW,20140206 0000,20140206 0000,431, ,CFS
FOL,D,76,INFLOW,20140207 0000,20140207 0000,867, ,CFS
FOL,D,76,INFLOW,20140208 0000,20140208 0000,2557, ,CFS
FOL,D,76,INFLOW,20140209 0000,20140209 0000,24099, ,CFS
FOL,D,76,INFLOW,20140210 0000,20140210 0000,18483, ,CFS
FOL,D,76,INFLOW,20140211 0000,20140211 0000,6778, ,CFS
FOL,D,76,INFLOW,20140212 0000,20140212 0000,3634, ,CFS
FOL,D,76,INFLOW,20140213 0000,20140213 0000,2276, ,CFS
FOL,D,76,INFLOW,20140214 0000,20140214 0000,2032, ,CFS
FOL,D,76,INFLOW,20140215 0000,20140215 0000,2103, ,CFS
FOL,D,76,INFLOW,20140216 0000,20140216 0000,1973, ,CFS
FOL,D,76,INFLOW,20140217 0000,20140217 0000,1886, ,CFS
FOL,D,76,INFLOW,20140218 0000,20140218 0000,1322, ,CFS
FOL,D,76,INFLOW,20140219 0000,20140219 0000,1071, ,CFS
FOL,D,76,INFLOW,20140220 0000,20140220 0000,1045, ,CFS
FOL,D,76,INFLOW,20140221 0000,20140221 0000,968, ,CFS
FOL,D,76,INFLOW,20140222 0000,20140222 0000,1164, ,CFS
FOL,D,76,INFLOW,20140223 0000,20140223 0000,924, ,CFS
FOL,D,76,INFLOW,20140224 0000,20140224 0000,1294, ,CFS
FOL,D,76,INFLOW,20140225 0000,20140225 0000,1124, ,CFS
FOL,D,76,INFLOW,20140226 0000,20140226 0000,915, ,CFS
FOL,D,76,INFLOW,20140227 0000,20140227 0000,1840, ,CFS
FOL,D,76,INFLOW,20140228 0000,20140228 0000,5036, ,CFS
FOL,D,76,INFLOW,20140301 0000,20140301 0000,5928, ,CFS
FOL,D,76,INFLOW,20140302 0000,20140302 0000,2954, ,CFS
FOL,D,76,INFLOW,20140303 0000,20140303 0000,3149, ,CFS
FOL,D,76,INFLOW,20140304 0000,20140304 0000,5420, ,CFS
FOL,D,76,INFLOW,20140305 0000,20140305 0000,4922, ,CFS
FOL,D,76,INFLOW,20140306 0000,20140306 0000,5794, ,CFS
FOL,D,76,INFLOW,20140307 0000,20140307 0000,5486, ,CFS
FOL,D,76,INFLOW,20140308 0000,20140308 0000,3875, ,CFS
FOL,D,76,INFLOW,20140309 0000,20140309 0000,2900, ,CFS
FOL,D,76,INFLOW,20140310 0000,20140310 0000,3186, ,CFS
FOL,D,76,INFLOW,20140311 0000,20140311 0000,2829, ,CFS
FOL,D,76,INFLOW,20140312 0000,20140312 0000,2300, ,CFS
FOL,D,76,INFLOW,20140313 0000,20140313 0000,2337, ,CFS
FOL,D,76,INFLOW,20140314 0000,20140314 0000,2163, ,CFS
FOL,D,76,INFLOW,20140315 0000,20140315 0000,2076, ,CFS
FOL,D,76,INFLOW,20140316 0000,20140316 0000,1364, ,CFS
FOL,D,76,INFLOW,20140317 0000,20140317 0000,1379, ,CFS
FOL,D,76,INFLOW,20140318 0000,20140318 0000,1428, ,CFS
FOL,D,76,INFLOW,20140319 0000,20140319 0000,1297, ,CFS
FOL,D,76,INFLOW,20140320 0000,20140320 0000,1200, ,CFS
FOL,D,76,INFLOW,20140321 0000,20140321 0000,1507, ,CFS
FOL,D,76,INFLOW,20140322 0000,20140322 0000,1167, ,CFS
FOL,D,76,INFLOW,20140323 0000,20140323 0000,1000, ,CFS
FOL,D,76,INFLOW,20140324 0000,20140324 0000,1248, ,CFS
FOL,D,76,INFLOW,20140325 0000,20140325 0000,1336, ,CFS
FOL,D,76,INFLOW,20140326 0000,20140326 0000,1805, ,CFS
FOL,D,76,INFLOW,20140327 0000,20140327 0000,1812, ,CFS
FOL,D,76,INFLOW,20140328 0000,20140328 0000,1888, ,CFS
FOL,D,76,INFLOW,20140329 0000,20140329 0000,2696, ,CFS
FOL,D,76,INFLOW,20140330 0000,20140330 0000,5610, ,CFS
FOL,D,76,INFLOW,20140331 0000,20140331 0000,3275, ,CFS
FOL,D,76,INFLOW,20140401 0000,20140401 0000,5311, ,CFS
FOL,D,76,INFLOW,20140402 0000,20140402 0000,4874, ,CFS
FOL,D,76,INFLOW,20140403 0000,20140403 0000,3356, ,CFS
FOL,D,76,INFLOW,20140404 0000,20140404 0000,2984, ,CFS
FOL,D,76,INFLOW,20140405 0000,20140405 0000,2600, ,CFS
FOL,D,76,INFLOW,20140406 0000,20140406 0000,2350, ,CFS
FOL,D,76,INFLOW,20140407 0000,20140407 0000,2702, ,CFS
FOL,D,76,INFLOW,20140408 0000,20140408 0000,3138, ,CFS
FOL,D,76,INFLOW,20140409 0000,20140409 0000,3540, ,CFS
FOL,D,76,INFLOW,20140410 0000,20140410 0000,3635, ,CFS
FOL,D,76,INFLOW,20140411 0000,20140411 0000,3075, ,CFS
FOL,D,76,INFLOW,20140412 0000,20140412 0000,3162, ,CFS
FOL,D,76,INFLOW,20140413 0000,20140413 0000,2620, ,CFS
FOL,D,76,INFLOW,20140414 0000,20140414 0000,2888, ,CFS
FOL,D,76,INFLOW,20140415 0000,20140415 0000,2726, ,CFS
FOL,D,76,INFLOW,20140416 0000,20140416 0000,2669, ,CFS
FOL,D,76,INFLOW,20140417 0000,20140417 0000,2477, ,CFS
FOL,D,76,INFLOW,20140418 0000,20140418 0000,2429, ,CFS
FOL,D,76,INFLOW,20140419 0000,20140419 0000,2429, ,CFS
FOL,D,76,INFLOW,20140420 0000,20140420 0000,1797, ,CFS
FOL,D,76,INFLOW,20140421 0000,20140421 0000,2183, ,CFS
FOL,D,76,INFLOW,20140422 0000,20140422 0000,1988, ,CFS
FOL,D,76,INFLOW,20140423 0000,20140423 0000,1486, ,CFS
FOL,D,76,INFLOW,20140424 0000,20140424 0000,1625, ,CFS
FOL,D,76,INFLOW,20140425 0000,20140425 0000,2413, ,CFS
FOL,D,76,INFLOW,20140426 0000,20140426 0000,2689, ,CFS
FOL,D,76,INFLOW,20140427 0000,20140427 0000,1923, ,CFS
FOL,D,76,INFLOW,20140428 0000,20140428 0000,1988, ,CFS
FOL,D,76,INFLOW,20140429 0000,20140429 0000,1689, ,CFS
FOL,D,76,INFLOW,20140430 0000,20140430 0000,2382, ,CFS
FOL,D,76,INFLOW,20140501 0000,20140501 0000,2932, ,CFS
FOL,D,76,INFLOW,20140502 0000,20140502 0000,2408, ,CFS
FOL,D,76,INFLOW,20140503 0000,20140503 0000,2056, ,CFS
FOL,D,76,INFLOW,20140504 0000,20140504 0000,1632, ,CFS
FOL,D,76,INFLOW,20140505 0000,20140505 0000,2296, ,CFS
FOL,D,76,INFLOW,20140506 0000,20140506 0000,1781, ,CFS
FOL,D,76,INFLOW,20140507 0000,20140507 0000,1546, ,CFS
FOL,D,76,INFLOW,20140508 0000,20140508 0000,965, ,CFS
FOL,D,76,INFLOW,20140509 0000,20140509 0000,1947, ,CFS
FOL,D,76,INFLOW,20140510 0000,20140510 0000,1901, ,CFS
FOL,D,76,INFLOW,20140511 0000,20140511 0000,1818, ,CFS
FOL,D,76,INFLOW,20140512 0000,20140512 0000,1870, ,CFS
FOL,D,76,INFLOW,20140513 0000,20140513 0000,2146, ,CFS
FOL,D,76,INFLOW,20140514 0000,20140514 0000,1652, ,CFS
FOL,D,76,INFLOW,20140515 0000,20140515 0000,1872, ,CFS
FOL,D,76,INFLOW,20140516 0000,20140516 0000,1584, ,CFS
FOL,D,76,INFLOW,20140517 0000,20140517 0000,1402, ,CFS
FOL,D,76,INFLOW,20140518 0000,20140518 0000,1476, ,CFS
FOL,D,76,INFLOW,20140519 0000,20140519 0000,1240, ,CFS
FOL,D,76,INFLOW,20140520 0000,20140520 0000,1030, ,CFS
FOL,D,76,INFLOW,20140521 0000,20140521 0000,1011, ,CFS
FOL,D,76,INFLOW,20140522 0000,20140522 0000,1535, ,CFS
FOL,D,76,INFLOW,20140523 0000,20140523 0000,1378, ,CFS
FOL,D,76,INFLOW,20140524 0000,20140524 0000,1400, ,CFS
FOL,D,76,INFLOW,20140525 0000,20140525 0000,1220, ,CFS
FOL,D,76,INFLOW,20140526 0000,20140526 0000,1244, ,CFS
FOL,D,76,INFLOW,20140527 0000,20140527 0000,1309, ,CFS
FOL,D,76,INFLOW,20140528 0000,20140528 0000,981, ,CFS
FOL,D,76,INFLOW,20140529 0000,20140529 0000,1208, ,CFS
FOL,D,76,INFLOW,20140530 0000,20140530 0000,1530, ,CFS
FOL,D,76,INFLOW,20140531 0000,20140531 0000,1217, ,CFS
FOL,D,76,INFLOW,20140601 0000,20140601 0000,1236, ,CFS
FOL,D,76,INFLOW,20140602 0000,20140602 0000,1332, ,CFS
FOL,D,76,INFLOW,20140603 0000,20140603 0000,869, ,CFS
FOL,D,76,INFLOW,20140604 0000,20140604 0000,781, ,CFS
FOL,D,76,INFLOW,20140605 0000,20140605 0000,1056, ,CFS
FOL,D,76,INFLOW,20140606 0000,20140606 0000,1018, ,CFS
FOL,D,76,INFLOW,20140607 0000,20140607 0000,1090, ,CFS
FOL,D,76,INFLOW,20140608 0000,20140608 0000,1105, ,CFS
FOL,D,76,INFLOW,20140609 0000,20140609 0000,1496, ,CFS
FOL,D,76,INFLOW,20140610 0000,20140610 0000,1438, ,CFS
FOL,D,76,INFLOW,20140611 0000,20140611 0000,927, ,CFS
FOL,D,76,INFLOW,20140612 0000,20140612 0000,1195, ,CFS
FOL,D,76,INFLOW,20140613 0000,20140613 0000,861, ,CFS
FOL,D,76,INFLOW,20140614 0000,20140614 0000,1099, ,CFS
FOL,D,76,INFLOW,20140615 0000,20140615 0000,983, ,CFS
FOL,D,76,INFLOW,20140616 0000,20140616 0000,778, ,CFS
FOL,D,76,INFLOW,20140617 0000,20140617 0000,631, ,CFS
FOL,D,76,INFLOW,20140618 0000,20140618 0000,709, ,CFS
FOL,D,76,INFLOW,20140619 0000,20140619 0000,1102, ,CFS
FOL,D,76,INFLOW,20140620 0000,20140620 0000,1129, ,CFS
FOL,D,76,INFLOW,20140621 0000,20140621 0000,1269, ,CFS
FOL,D,76,INFLOW,20140622 0000,20140622 0000,1007, ,CFS
FOL,D,76,INFLOW,20140623 0000,20140623 0000,918, ,CFS
FOL,D,76,INFLOW,20140624 0000,20140624 0000,797, ,CFS
FOL,D,76,INFLOW,20140625 0000,20140625 0000,710, ,CFS
FOL,D,76,INFLOW,20140626 0000,20140626 0000,846, ,CFS
FOL,D,76,INFLOW,20140627 0000,20140627 0000,1152, ,CFS
FOL,D,76,INFLOW,20140628 0000,20140628 0000,1063, ,CFS
FOL,D,76,INFLOW,20140629 0000,20140629 0000,823, ,CFS
FOL,D,76,INFLOW,20140630 0000,20140630 0000,1125, ,CFS
FOL,D,76,INFLOW,20140701 0000,20140701 0000,865, ,CFS
FOL,D,76,INFLOW,20140702 0000,20140702 0000,619, ,CFS
FOL,D,76,INFLOW,20140703 0000,20140703 0000,837, ,CFS
FOL,D,76,INFLOW,20140704 0000,20140704 0000,991, ,CFS
FOL,D,76,INFLOW,20140705 0000,20140705 0000,1153, ,CFS
FOL,D,76,INFLOW,20140706 0000,20140706 0000,1137, ,CFS
FOL,D,76,INFLOW,20140707 0000,20140707 0000,1047, ,CFS
FOL,D,76,INFLOW,20140708 0000,20140708 0000,731, ,CFS
FOL,D,76,INFLOW,20140709 0000,20140709 0000,1016, ,CFS
FOL,D,76,INFLOW,20140710 0000,20140710 0000,1277, ,CFS
FOL,D,76,INFLOW,20140711 0000,20140711 0000,887, ,CFS
FOL,D,76,INFLOW,20140712 0000,20140712 0000,1041, ,CFS
FOL,D,76,INFLOW,20140713 0000,20140713 0000,1028, ,CFS
FOL,D,76,INFLOW,20140714 0000,20140714 0000,1305, ,CFS
FOL,D,76,INFLOW,20140715 0000,20140715 0000,1059, ,CFS
FOL,D,76,INFLOW,20140716 0000,20140716 0000,712, ,CFS
FOL,D,76,INFLOW,20140717 0000,20140717 0000,849, ,CFS
FOL,D,76,INFLOW,20140718 0000,20140718 0000,1210, ,CFS
FOL,D,76,INFLOW,20140719 0000,20140719 0000,1248, ,CFS
FOL,D,76,INFLOW,20140720 0000,20140720 0000,1269, ,CFS
FOL,D,76,INFLOW,20140721 0000,20140721 0000,903, ,CFS
FOL,D,76,INFLOW,20140722 0000,20140722 0000,1597, ,CFS
FOL,D,76,INFLOW,20140723 0000,20140723 0000,1317, ,CFS
FOL,D,76,INFLOW,20140724 0000,20140724 0000,1385, ,CFS
FOL,D,76,INFLOW,20140725 0000,20140725 0000,1237, ,CFS
FOL,D,76,INFLOW,20140726 0000,20140726 0000,1459, ,CFS
FOL,D,76,INFLOW,20140727 0000,20140727 0000,1343, ,CFS
FOL,D,76,INFLOW,20140728 0000,20140728 0000,996, ,CFS
FOL,D,76,INFLOW,20140729 0000,20140729 0000,779, ,CFS
FOL,D,76,INFLOW,20140730 0000,20140730 0000,977, ,CFS
FOL,D,76,INFLOW,20140731 0000,20140731 0000,1383, ,CFS
FOL,D,76,INFLOW,20140801 0000,20140801 0000,1668, ,CFS
FOL,D,76,INFLOW,20140802 0000,20140802 0000,1465, ,CFS
FOL,D,76,INFLOW,20140803 0000,20140803 0000,876, ,CFS
FOL,D,76,INFLOW,20140804 0000,20140804 0000,835, ,CFS
FOL,D,76,INFLOW,20140805 0000,20140805 0000,885, ,CFS
FOL,D,76,INFLOW,20140806 0000,20140806 0000,890, ,CFS
FOL,D,76,INFLOW,20140807 0000,20140807 0000,1558, ,CFS
FOL,D,76,INFLOW,20140808 0000,20140808 0000,1213, ,CFS
FOL,D,76,INFLOW,20140809 0000,20140809 0000,1335, ,CFS
FOL,D,76,INFLOW,20140810 0000,20140810 0000,938, ,CFS
FOL,D,76,INFLOW,20140811 0000,20140811 0000,1112, ,CFS
FOL,D,76,INFLOW,20140812 0000,20140812 0000,1494, ,CFS
FOL,D,76,INFLOW,20140813 0000,20140813 0000,1070, ,CFS
FOL,D,76,INFLOW,20140814 0000,20140814 0000,1956, ,CFS
FOL,D,76,INFLOW,20140815 0000,20140815 0000,2007, ,CFS
FOL,D,76,INFLOW,20140816 0000,20140816 0000,2251, ,CFS
FOL,D,76,INFLOW,20140817 0000,20140817 0000,1701, ,CFS
FOL,D,76,INFLOW,20140818 0000,20140818 0000,1157, ,CFS
FOL,D,76,INFLOW,20140819 0000,20140819 0000,1162, ,CFS
FOL,D,76,INFLOW,20140820 0000,20140820 0000,928, ,CFS
FOL,D,76,INFLOW,20140821 0000,20140821 0000,828, ,CFS
FOL,D,76,INFLOW,20140822 0000,20140822 0000,1348, ,CFS
FOL,D,76,INFLOW,20140823 0000,20140823 0000,1074, ,CFS
FOL,D,76,INFLOW,20140824 0000,20140824 0000,1419, ,CFS
FOL,D,76,INFLOW,20140825 0000,20140825 0000,1178, ,CFS
FOL,D,76,INFLOW,20140826 0000,20140826 0000,927, ,CFS
FOL,D,76,INFLOW,20140827 0000,20140827 0000,1333, ,CFS
FOL,D,76,INFLOW,20140828 0000,20140828 0000,1573, ,CFS
FOL,D,76,INFLOW,20140829 0000,20140829 0000,1626, ,CFS
FOL,D,76,INFLOW,20140830 0000,20140830 0000,1273, ,CFS
FOL,D,76,INFLOW,20140831 0000,20140831 0000,1474, ,CFS
FOL,D,76,INFLOW,20140901 0000,20140901 0000,1606, ,CFS
FOL,D,76,INFLOW,20140902 0000,20140902 0000,1983, ,CFS
FOL,D,76,INFLOW,20140903 0000,20140903 0000,1282, ,CFS
FOL,D,76,INFLOW,20140904 0000,20140904 0000,1490, ,CFS
FOL,D,76,INFLOW,20140905 0000,20140905 0000,949, ,CFS
FOL,D,76,INFLOW,20140906 0000,20140906 0000,1211, ,CFS
FOL,D,76,INFLOW,20140907 0000,20140907 0000,1040, ,CFS
FOL,D,76,INFLOW,20140908 0000,20140908 0000,957, ,CFS
FOL,D,76,INFLOW,20140909 0000,20140909 0000,777, ,CFS
FOL,D,76,INFLOW,20140910 0000,20140910 0000,618, ,CFS
FOL,D,76,INFLOW,20140911 0000,20140911 0000,952, ,CFS
FOL,D,76,INFLOW,20140912 0000,20140912 0000,1810, ,CFS
FOL,D,76,INFLOW,20140913 0000,20140913 0000,1694, ,CFS
FOL,D,76,INFLOW,20140914 0000,20140914 0000,1182, ,CFS
FOL,D,76,INFLOW,20140915 0000,20140915 0000,1079, ,CFS
FOL,D,76,INFLOW,20140916 0000,20140916 0000,694, ,CFS
FOL,D,76,INFLOW,20140917 0000,20140917 0000,686, ,CFS
FOL,D,76,INFLOW,20140918 0000,20140918 0000,670, ,CFS
FOL,D,76,INFLOW,20140919 0000,20140919 0000,517, ,CFS
FOL,D,76,INFLOW,20140920 0000,20140920 0000,613, ,CFS
FOL,D,76,INFLOW,20140921 0000,20140921 0000,552, ,CFS
FOL,D,76,INFLOW,20140922 0000,20140922 0000,300, ,CFS
FOL,D,76,INFLOW,20140923 0000,20140923 0000,511, ,CFS
FOL,D,76,INFLOW,20140924 0000,20140924 0000,706, ,CFS
FOL,D,76,INFLOW,20140925 0000,20140925 0000,930, ,CFS
FOL,D,76,INFLOW,20140926 0000,20140926 0000,850, ,CFS
FOL,D,76,INFLOW,20140927 0000,20140927 0000,1071, ,CFS
FOL,D,76,INFLOW,20140928 0000,20140928 0000,920, ,CFS
FOL,D,76,INFLOW,20140929 0000,20140929 0000,683, ,CFS
FOL,D,76,INFLOW,20140930 0000,20140930 0000,543, ,CFS
FOL,D,76,INFLOW,20141001 0000,20141001 0000,562, ,CFS
FOL,D,76,INFLOW,20141002 0000,20141002 0000,359, ,CFS
FOL,D,76,INFLOW,20141003 0000,20141003 0000,667, ,CFS
FOL,D,76,INFLOW,20141004 0000,20141004 0000,1058, ,CFS
FOL,D,76,INFLOW,20141005 0000,20141005 0000,778, ,CFS
FOL,D,76,INFLOW,20141006 0000,20141006 0000,1058, ,CFS
FOL,D,76,INFLOW,20141007 0000,20141007 0000,1152, ,CFS
FOL,D,76,INFLOW,20141008 0000,20141008 0000,734, ,CFS
FOL,D,76,INFLOW,20141009 0000,20141009 0000,757, ,CFS
FOL,D,76,INFLOW,20141010 0000,20141010 0000,579, ,CFS
FOL,D,76,INFLOW,20141011 0000,20141011 0000,781, ,CFS
FOL,D,76,INFLOW,20141012 0000,20141012 0000,445, ,CFS
FOL,D,76,INFLOW,20141013 0000,20141013 0000,869, ,CFS
FOL,D,76,INFLOW,20141014 0000,20141014 0000,713, ,CFS
FOL,D,76,INFLOW,20141015 0000,20141015 0000,841, ,CFS
FOL,D,76,INFLOW,20141016 0000,20141016 0000,911, ,CFS
FOL,D,76,INFLOW,20141017 0000,20141017 0000,577, ,CFS
FOL,D,76,INFLOW,20141018 0000,20141018 0000,501, ,CFS
FOL,D,76,INFLOW,20141019 0000,20141019 0000,326, ,CFS
FOL,D,76,INFLOW,20141020 0000,20141020 0000,541, ,CFS
FOL,D,76,INFLOW,20141021 0000,20141021 0000,395, ,CFS
FOL,D,76,INFLOW,20141022 0000,20141022 0000,220, ,CFS
FOL,D,76,INFLOW,20141023 0000,20141023 0000,305, ,CFS
FOL,D,76,INFLOW,20141024 0000,20141024 0000,478, ,CFS
FOL,D,76,INFLOW,20141025 0000,20141025 0000,465, ,CFS
FOL,D,76,INFLOW,20141026 0000,20141026 0000,392, ,CFS
FOL,D,76,INFLOW,20141027 0000,20141027 0000,286, ,CFS
FOL,D,76,INFLOW,20141028 0000,20141028 0000,305, ,CFS
FOL,D,76,INFLOW,20141029 0000,20141029 0000,327, ,CFS
FOL,D,76,INFLOW,20141030 0000,20141030 0000,231, ,CFS
FOL,D,76,INFLOW,20141031 0000,20141031 0000,608, ,CFS
FOL,D,76,INFLOW,20141101 0000,20141101 0000,1199, ,CFS
FOL,D,76,INFLOW,20141102 0000,20141102 0000,494, ,CFS
FOL,D,76,INFLOW,20141103 0000,20141103 0000,489, ,CFS
FOL,D,76,INFLOW,20141104 0000,20141104 0000,740, ,CFS
FOL,D,76,INFLOW,20141105 0000,20141105 0000,385, ,CFS
FOL,D,76,INFLOW,20141106 0000,20141106 0000,414, ,CFS
FOL,D,76,INFLOW,20141107 0000,20141107 0000,257, ,CFS
FOL,D,76,INFLOW,20141108 0000,20141108 0000,500, ,CFS
FOL,D,76,INFLOW,20141109 0000,20141109 0000,402, ,CFS
FOL,D,76,INFLOW,20141110 0000,20141110 0000,441, ,CFS
FOL,D,76,INFLOW,20141111 0000,20141111 0000,519, ,CFS
FOL,D,76,INFLOW,20141112 0000,20141112 0000,380, ,CFS
FOL,D,76,INFLOW,20141113 0000,20141113 0000,549, ,CFS
FOL,D,76,INFLOW,20141114 0000,20141114 0000,479, ,CFS
FOL,D,76,INFLOW,20141115 0000,20141115 0000,653, ,CFS
FOL,D,76,INFLOW,20141116 0000,20141116 0000,452, ,CFS
FOL,D,76,INFLOW,20141117 0000,20141117 0000,568, ,CFS
FOL,D,76,INFLOW,20141118 0000,20141118 0000,942, ,CFS
FOL,D,76,INFLOW,20141119 0000,20141119 0000,818, ,CFS
FOL,D,76,INFLOW,20141120 0000,20141120 0000,1028, ,CFS
FOL,D,76,INFLOW,20141121 0000,20141121 0000,854, ,CFS
FOL,D,76,INFLOW,20141122 0000,20141122 0000,891, ,CFS
FOL,D,76,INFLOW,20141123 0000,20141123 0000,1025, ,CFS
FOL,D,76,INFLOW,20141124 0000,20141124 0000,741, ,CFS
FOL,D,76,INFLOW,20141125 0000,20141125 0000,767, ,CFS
FOL,D,76,INFLOW,20141126 0000,20141126 0000,621, ,CFS
FOL,D,76,INFLOW,20141127 0000,20141127 0000,571, ,CFS
FOL,D,76,INFLOW,20141128 0000,20141128 0000,542, ,CFS
FOL,D,76,INFLOW,20141129 0000,20141129 0000,1002, ,CFS
FOL,D,76,INFLOW,20141130 0000,20141130 0000,1084, ,CFS
FOL,D,76,INFLOW,20141201 0000,20141201 0000,1606, ,CFS
FOL,D,76,INFLOW,20141202 0000,20141202 0000,1592, ,CFS
FOL,D,76,INFLOW,20141203 0000,20141203 0000,5004, ,CFS
FOL,D,76,INFLOW,20141204 0000,20141204 0000,7877, ,CFS
FOL,D,76,INFLOW,20141205 0000,20141205 0000,3776, ,CFS
FOL,D,76,INFLOW,20141206 0000,20141206 0000,3280, ,CFS
FOL,D,76,INFLOW,20141207 0000,20141207 0000,2325, ,CFS
FOL,D,76,INFLOW,20141208 0000,20141208 0000,2263, ,CFS
FOL,D,76,INFLOW,20141209 0000,20141209 0000,2882, ,CFS
FOL,D,76,INFLOW,20141210 0000,20141210 0000,1944, ,CFS
FOL,D,76,INFLOW,20141211 0000,20141211 0000,4267, ,CFS
FOL,D,76,INFLOW,20141212 0000,20141212 0000,10795, ,CFS
FOL,D,76,INFLOW,20141213 0000,20141213 0000,4430, ,CFS
FOL,D,76,INFLOW,20141214 0000,20141214 0000,2595, ,CFS
FOL,D,76,INFLOW,20141215 0000,20141215 0000,2863, ,CFS
FOL,D,76,INFLOW,20141216 0000,20141216 0000,2416, ,CFS
FOL,D,76,INFLOW,20141217 0000,20141217 0000,2772, ,CFS
FOL,D,76,INFLOW,20141218 0000,20141218 0000,2598, ,CFS
FOL,D,76,INFLOW,20141219 0000,20141219 0000,2851, ,CFS
FOL,D,76,INFLOW,20141220 0000,20141220 0000,3556, ,CFS
FOL,D,76,INFLOW,20141221 0000,20141221 0000,3185, ,CFS
FOL,D,76,INFLOW,20141222 0000,20141222 0000,3404, ,CFS
FOL,D,76,INFLOW,20141223 0000,20141223 0000,3356, ,CFS
FOL,D,76,INFLOW,20141224 0000,20141224 0000,2582, ,CFS
FOL,D,76,INFLOW,20141225 0000,20141225 0000,2616, ,CFS
FOL,D,76,INFLOW,20141226 0000,20141226 0000,2428, ,CFS
FOL,D,76,INFLOW,20141227 0000,20141227 0000,2685, ,CFS
FOL,D,76,INFLOW,20141228 0000,20141228 0000,1803, ,CFS
FOL,D,76,INFLOW,20141229 0000,20141229 0000,2210, ,CFS
FOL,D,76,INFLOW,20141230 0000,20141230 0000,2577, ,CFS
FOL,D,76,INFLOW,20141231 0000,20141231 0000,2484, ,CFS
FOL,D,76,INFLOW,20150101 0000,20150101 0000,1667, ,CFS
FOL,D,76,INFLOW,20150102 0000,20150102 0000,1874, ,CFS
FOL,D,76,INFLOW,20150103 0000,20150103 0000,1703, ,CFS
FOL,D,76,INFLOW,20150104 0000,20150104 0000,1549, ,CFS
FOL,D,76,INFLOW,20150105 0000,20150105 0000,1680, ,CFS
FOL,D,76,INFLOW,20150106 0000,20150106 0000,1636, ,CFS
FOL,D,76,INFLOW,20150107 0000,20150107 0000,1547, ,CFS
FOL,D,76,INFLOW,20150108 0000,20150108 0000,1433, ,CFS
FOL,D,76,INFLOW,20150109 0000,20150109 0000,1285, ,CFS
FOL,D,76,INFLOW,20150110 0000,20150110 0000,1414, ,CFS
FOL,D,76,INFLOW,20150111 0000,20150111 0000,1165, ,CFS
FOL,D,76,INFLOW,20150112 0000,20150112 0000,1332, ,CFS
FOL,D,76,INFLOW,20150113 0000,20150113 0000,1137, ,CFS
FOL,D,76,INFLOW,20150114 0000,20150114 0000,1212, ,CFS
FOL,D,76,INFLOW,20150115 0000,20150115 0000,1221, ,CFS
FOL,D,76,INFLOW,20150116 0000,20150116 0000,1153, ,CFS
FOL,D,76,INFLOW,20150117 0000,20150117 0000,1261, ,CFS
FOL,D,76,INFLOW,20150118 0000,20150118 0000,1019, ,CFS
FOL,D,76,INFLOW,20150119 0000,20150119 0000,993, ,CFS
FOL,D,76,INFLOW,20150120 0000,20150120 0000,1148, ,CFS
FOL,D,76,INFLOW,20150121 0000,20150121 0000,1402, ,CFS
FOL,D,76,INFLOW,20150122 0000,20150122 0000,1005, ,CFS
FOL,D,76,INFLOW,20150123 0000,20150123 0000,896, ,CFS
FOL,D,76,INFLOW,20150124 0000,20150124 0000,1215, ,CFS
FOL,D,76,INFLOW,20150125 0000,20150125 0000,879, ,CFS
FOL,D,76,INFLOW,20150126 0000,20150126 0000,894, ,CFS
FOL,D,76,INFLOW,20150127 0000,20150127 0000,952, ,CFS
FOL,D,76,INFLOW,20150128 0000,20150128 0000,967, ,CFS
FOL,D,76,INFLOW,20150129 0000,20150129 0000,1016, ,CFS
FOL,D,76,INFLOW,20150130 0000,20150130 0000,997, ,CFS
FOL,D,76,INFLOW,20150131 0000,20150131 0000,976, ,CFS
FOL,D,76,INFLOW,20150201 0000,20150201 0000,733, ,CFS
FOL,D,76,INFLOW,20150202 0000,20150202 0000,730, ,CFS
FOL,D,76,INFLOW,20150203 0000,20150203 0000,877, ,CFS
FOL,D,76,INFLOW,20150204 0000,20150204 0000,1100, ,CFS
FOL,D,76,INFLOW,20150205 0000,20150205 0000,1195, ,CFS
FOL,D,76,INFLOW,20150206 0000,20150206 0000,2224, ,CFS
FOL,D,76,INFLOW,20150207 0000,20150207 0000,5430, ,CFS
FOL,D,76,INFLOW,20150208 0000,20150208 0000,6659, ,CFS
FOL,D,76,INFLOW,20150209 0000,20150209 0000,15926, ,CFS
FOL,D,76,INFLOW,20150210 0000,20150210 0000,8933, ,CFS
FOL,D,76,INFLOW,20150211 0000,20150211 0000,5463, ,CFS
FOL,D,76,INFLOW,20150212 0000,20150212 0000,4061, ,CFS
FOL,D,76,INFLOW,20150213 0000,20150213 0000,3326, ,CFS
FOL,D,76,INFLOW,20150214 0000,20150214 0000,3144, ,CFS
FOL,D,76,INFLOW,20150215 0000,20150215 0000,2330, ,CFS
FOL,D,76,INFLOW,20150216 0000,20150216 0000,2374, ,CFS
FOL,D,76,INFLOW,20150217 0000,20150217 0000,2464, ,CFS
FOL,D,76,INFLOW,20150218 0000,20150218 0000,1986, ,CFS
FOL,D,76,INFLOW,20150219 0000,20150219 0000,1805, ,CFS
FOL,D,76,INFLOW,20150220 0000,20150220 0000,1509, ,CFS
FOL,D,76,INFLOW,20150221 0000,20150221 0000,2017, ,CFS
FOL,D,76,INFLOW,20150222 0000,20150222 0000,1679, ,CFS
FOL,D,76,INFLOW,20150223 0000,20150223 0000,1469, ,CFS
FOL,D,76,INFLOW,20150224 0000,20150224 0000,1474, ,CFS
FOL,D,76,INFLOW,20150225 0000,20150225 0000,1363, ,CFS
FOL,D,76,INFLOW,20150226 0000,20150226 0000,1434, ,CFS
FOL,D,76,INFLOW,20150227 0000,20150227 0000,1191, ,CFS
FOL,D,76,INFLOW,20150228 0000,20150228 0000,1771, ,CFS
FOL,D,76,INFLOW,20150301 0000,20150301 0000,1462, ,CFS
FOL,D,76,INFLOW,20150302 0000,20150302 0000,1677, ,CFS
FOL,D,76,INFLOW,20150303 0000,20150303 0000,1488, ,CFS
FOL,D,76,INFLOW,20150304 0000,20150304 0000,1254, ,CFS
FOL,D,76,INFLOW,20150305 0000,20150305 0000,1119, ,CFS
FOL,D,76,INFLOW,20150306 0000,20150306 0000,1303, ,CFS
FOL,D,76,INFLOW,20150307 0000,20150307 0000,1505, ,CFS
FOL,D,76,INFLOW,20150308 0000,20150308 0000,1166, ,CFS
FOL,D,76,INFLOW,20150309 0000,20150309 0000,1365, ,CFS
FOL,D,76,INFLOW,20150310 0000,20150310 0000,1115, ,CFS
FOL,D,76,INFLOW,20150311 0000,20150311 0000,1258, ,CFS
FOL,D,76,INFLOW,20150312 0000,20150312 0000,1348, ,CFS
FOL,D,76,INFLOW,20150313 0000,20150313 0000,1105, ,CFS
FOL,D,76,INFLOW,20150314 0000,20150314 0000,1335, ,CFS
FOL,D,76,INFLOW,20150315 0000,20150315 0000,1222, ,CFS
FOL,D,76,INFLOW,20150316 0000,20150316 0000,1118, ,CFS
FOL,D,76,INFLOW,20150317 0000,20150317 0000,1005, ,CFS
FOL,D,76,INFLOW,20150318 0000,20150318 0000,878, ,CFS
FOL,D,76,INFLOW,20150319 0000,20150319 0000,871, ,CFS
FOL,D,76,INFLOW,20150320 0000,20150320 0000,781, ,CFS
FOL,D,76,INFLOW,20150321 0000,20150321 0000,929, ,CFS
FOL,D,76,INFLOW,20150322 0000,20150322 0000,742, ,CFS
FOL,D,76,INFLOW,20150323 0000,20150323 0000,767, ,CFS
FOL,D,76,INFLOW,20150324 0000,20150324 0000,975, ,CFS
FOL,D,76,INFLOW,20150325 0000,20150325 0000,751, ,CFS
FOL,D,76,INFLOW,20150326 0000,20150326 0000,699, ,CFS
FOL,D,76,INFLOW,20150327 0000,20150327 0000,745, ,CFS
FOL,D,76,INFLOW,20150328 0000,20150328 0000,892, ,CFS
FOL,D,76,INFLOW,20150329 0000,20150329 0000,626, ,CFS
FOL,D,76,INFLOW,20150330 0000,20150330 0000,513, ,CFS
FOL,D,76,INFLOW,20150331 0000,20150331 0000,540, ,CFS
FOL,D,76,INFLOW,20150401 0000,20150401 0000,524, ,CFS
FOL,D,76,INFLOW,20150402 0000,20150402 0000,522, ,CFS
FOL,D,76,INFLOW,20150403 0000,20150403 0000,517, ,CFS
FOL,D,76,INFLOW,20150404 0000,20150404 0000,684, ,CFS
FOL,D,76,INFLOW,20150405 0000,20150405 0000,734, ,CFS
FOL,D,76,INFLOW,20150406 0000,20150406 0000,781, ,CFS
FOL,D,76,INFLOW,20150407 0000,20150407 0000,984, ,CFS
FOL,D,76,INFLOW,20150408 0000,20150408 0000,732, ,CFS
FOL,D,76,INFLOW,20150409 0000,20150409 0000,702, ,CFS
FOL,D,76,INFLOW,20150410 0000,20150410 0000,766, ,CFS
FOL,D,76,INFLOW,20150411 0000,20150411 0000,945, ,CFS
FOL,D,76,INFLOW,20150412 0000,20150412 0000,973, ,CFS
FOL,D,76,INFLOW,20150413 0000,20150413 0000,949, ,CFS
FOL,D,76,INFLOW,20150414 0000,20150414 0000,628, ,CFS
FOL,D,76,INFLOW,20150415 0000,20150415 0000,942, ,CFS
FOL,D,76,INFLOW,20150416 0000,20150416 0000,581, ,CFS
FOL,D,76,INFLOW,20150417 0000,20150417 0000,561, ,CFS
FOL,D,76,INFLOW,20150418 0000,20150418 0000,808, ,CFS
FOL,D,76,INFLOW,20150419 0000,20150419 0000,854, ,CFS
FOL,D,76,INFLOW,20150420 0000,20150420 0000,861, ,CFS
FOL,D,76,INFLOW,20150421 0000,20150421 0000,569, ,CFS
FOL,D,76,INFLOW,20150422 0000,20150422 0000,496, ,CFS
FOL,D,76,INFLOW,20150423 0000,20150423 0000,493, ,CFS
FOL,D,76,INFLOW,20150424 0000,20150424 0000,618, ,CFS
FOL,D,76,INFLOW,20150425 0000,20150425 0000,1787, ,CFS
FOL,D,76,INFLOW,20150426 0000,20150426 0000,1745, ,CFS
FOL,D,76,INFLOW,20150427 0000,20150427 0000,1401, ,CFS
FOL,D,76,INFLOW,20150428 0000,20150428 0000,1245, ,CFS
FOL,D,76,INFLOW,20150429 0000,20150429 0000,991, ,CFS
FOL,D,76,INFLOW,20150430 0000,20150430 0000,776, ,CFS
FOL,D,76,INFLOW,20150501 0000,20150501 0000,933, ,CFS
FOL,D,76,INFLOW,20150502 0000,20150502 0000,1136, ,CFS
FOL,D,76,INFLOW,20150503 0000,20150503 0000,1093, ,CFS
FOL,D,76,INFLOW,20150504 0000,20150504 0000,944, ,CFS
FOL,D,76,INFLOW,20150505 0000,20150505 0000,585, ,CFS
FOL,D,76,INFLOW,20150506 0000,20150506 0000,575, ,CFS
FOL,D,76,INFLOW,20150507 0000,20150507 0000,646, ,CFS
FOL,D,76,INFLOW,20150508 0000,20150508 0000,1080, ,CFS
FOL,D,76,INFLOW,20150509 0000,20150509 0000,984, ,CFS
FOL,D,76,INFLOW,20150510 0000,20150510 0000,844, ,CFS
FOL,D,76,INFLOW,20150511 0000,20150511 0000,972, ,CFS
FOL,D,76,INFLOW,20150512 0000,20150512 0000,611, ,CFS
FOL,D,76,INFLOW,20150513 0000,20150513 0000,687, ,CFS
FOL,D,76,INFLOW,20150514 0000,20150514 0000,1145, ,CFS
FOL,D,76,INFLOW,20150515 0000,20150515 0000,724, ,CFS
FOL,D,76,INFLOW,20150516 0000,20150516 0000,910, ,CFS
FOL,D,76,INFLOW,20150517 0000,20150517 0000,931, ,CFS
FOL,D,76,INFLOW,20150518 0000,20150518 0000,822, ,CFS
FOL,D,76,INFLOW,20150519 0000,20150519 0000,701, ,CFS
FOL,D,76,INFLOW,20150520 0000,20150520 0000,488, ,CFS
FOL,D,76,INFLOW,20150521 0000,20150521 0000,411, ,CFS
FOL,D,76,INFLOW,20150522 0000,20150522 0000,584, ,CFS
FOL,D,76,INFLOW,20150523 0000,20150523 0000,1130, ,CFS
FOL,D,76,INFLOW,20150524 0000,20150524 0000,1167, ,CFS
FOL,D,76,INFLOW,20150525 0000,20150525 0000,1076, ,CFS
FOL,D,76,INFLOW,20150526 0000,20150526 0000,1075, ,CFS
FOL,D,76,INFLOW,20150527 0000,20150527 0000,830, ,CFS
FOL,D,76,INFLOW,20150528 0000,20150528 0000,913, ,CFS
FOL,D,76,INFLOW,20150529 0000,20150529 0000,682, ,CFS
FOL,D,76,INFLOW,20150530 0000,20150530 0000,738, ,CFS
FOL,D,76,INFLOW,20150531 0000,20150531 0000,746, ,CFS
FOL,D,76,INFLOW,20150601 0000,20150601 0000,618, ,CFS
FOL,D,76,INFLOW,20150602 0000,20150602 0000,329, ,CFS
FOL,D,76,INFLOW,20150603 0000,20150603 0000,720, ,CFS
FOL,D,76,INFLOW,20150604 0000,20150604 0000,884, ,CFS
FOL,D,76,INFLOW,20150605 0000,20150605 0000,1011, ,CFS
FOL,D,76,INFLOW,20150606 0000,20150606 0000,1040, ,CFS
FOL,D,76,INFLOW,20150607 0000,20150607 0000,1204, ,CFS
FOL,D,76,INFLOW,20150608 0000,20150608 0000,1605, ,CFS
FOL,D,76,INFLOW,20150609 0000,20150609 0000,1433, ,CFS
FOL,D,76,INFLOW,20150610 0000,20150610 0000,821, ,CFS
FOL,D,76,INFLOW,20150611 0000,20150611 0000,837, ,CFS
FOL,D,76,INFLOW,20150612 0000,20150612 0000,936, ,CFS
FOL,D,76,INFLOW,20150613 0000,20150613 0000,1165, ,CFS
FOL,D,76,INFLOW,20150614 0000,20150614 0000,898, ,CFS
FOL,D,76,INFLOW,20150615 0000,20150615 0000,722, ,CFS
FOL,D,76,INFLOW,20150616 0000,20150616 0000,428, ,CFS
FOL,D,76,INFLOW,20150617 0000,20150617 0000,544, ,CFS
FOL,D,76,INFLOW,20150618 0000,20150618 0000,619, ,CFS
FOL,D,76,INFLOW,20150619 0000,20150619 0000,766, ,CFS
FOL,D,76,INFLOW,20150620 0000,20150620 0000,794, ,CFS
FOL,D,76,INFLOW,20150621 0000,20150621 0000,878, ,CFS
FOL,D,76,INFLOW,20150622 0000,20150622 0000,538, ,CFS
FOL,D,76,INFLOW,20150623 0000,20150623 0000,517, ,CFS
FOL,D,76,INFLOW,20150624 0000,20150624 0000,668, ,CFS
FOL,D,76,INFLOW,20150625 0000,20150625 0000,854, ,CFS
FOL,D,76,INFLOW,20150626 0000,20150626 0000,1022, ,CFS
FOL,D,76,INFLOW,20150627 0000,20150627 0000,949, ,CFS
FOL,D,76,INFLOW,20150628 0000,20150628 0000,823, ,CFS
FOL,D,76,INFLOW,20150629 0000,20150629 0000,675, ,CFS
FOL,D,76,INFLOW,20150630 0000,20150630 0000,531, ,CFS
FOL,D,76,INFLOW,20150701 0000,20150701 0000,961, ,CFS
FOL,D,76,INFLOW,20150702 0000,20150702 0000,867, ,CFS
FOL,D,76,INFLOW,20150703 0000,20150703 0000,781, ,CFS
FOL,D,76,INFLOW,20150704 0000,20150704 0000,833, ,CFS
FOL,D,76,INFLOW,20150705 0000,20150705 0000,938, ,CFS
FOL,D,76,INFLOW,20150706 0000,20150706 0000,657, ,CFS
FOL,D,76,INFLOW,20150707 0000,20150707 0000,409, ,CFS
FOL,D,76,INFLOW,20150708 0000,20150708 0000,307, ,CFS
FOL,D,76,INFLOW,20150709 0000,20150709 0000,425, ,CFS
FOL,D,76,INFLOW,20150710 0000,20150710 0000,586, ,CFS
FOL,D,76,INFLOW,20150711 0000,20150711 0000,818, ,CFS
FOL,D,76,INFLOW,20150712 0000,20150712 0000,699, ,CFS
FOL,D,76,INFLOW,20150713 0000,20150713 0000,660, ,CFS
FOL,D,76,INFLOW,20150714 0000,20150714 0000,301, ,CFS
FOL,D,76,INFLOW,20150715 0000,20150715 0000,300, ,CFS
FOL,D,76,INFLOW,20150716 0000,20150716 0000,516, ,CFS
FOL,D,76,INFLOW,20150717 0000,20150717 0000,680, ,CFS
FOL,D,76,INFLOW,20150718 0000,20150718 0000,737, ,CFS
FOL,D,76,INFLOW,20150719 0000,20150719 0000,879, ,CFS
FOL,D,76,INFLOW,20150720 0000,20150720 0000,763, ,CFS
FOL,D,76,INFLOW,20150721 0000,20150721 0000,483, ,CFS
FOL,D,76,INFLOW,20150722 0000,20150722 0000,300, ,CFS
FOL,D,76,INFLOW,20150723 0000,20150723 0000,509, ,CFS
FOL,D,76,INFLOW,20150724 0000,20150724 0000,514, ,CFS
FOL,D,76,INFLOW,20150725 0000,20150725 0000,825, ,CFS
FOL,D,76,INFLOW,20150726 0000,20150726 0000,867, ,CFS
FOL,D,76,INFLOW,20150727 0000,20150727 0000,721, ,CFS
FOL,D,76,INFLOW,20150728 0000,20150728 0000,413, ,CFS
FOL,D,76,INFLOW,20150729 0000,20150729 0000,530, ,CFS
FOL,D,76,INFLOW,20150730 0000,20150730 0000,834, ,CFS
FOL,D,76,INFLOW,20150731 0000,20150731 0000,830, ,CFS
FOL,D,76,INFLOW,20150801 0000,20150801 0000,889, ,CFS
FOL,D,76,INFLOW,20150802 0000,20150802 0000,795, ,CFS
FOL,D,76,INFLOW,20150803 0000,20150803 0000,770, ,CFS
FOL,D,76,INFLOW,20150804 0000,20150804 0000,482, ,CFS
FOL,D,76,INFLOW,20150805 0000,20150805 0000,493, ,CFS
FOL,D,76,INFLOW,20150806 0000,20150806 0000,900, ,CFS
FOL,D,76,INFLOW,20150807 0000,20150807 0000,1171, ,CFS
FOL,D,76,INFLOW,20150808 0000,20150808 0000,897, ,CFS
FOL,D,76,INFLOW,20150809 0000,20150809 0000,874, ,CFS
FOL,D,76,INFLOW,20150810 0000,20150810 0000,896, ,CFS
FOL,D,76,INFLOW,20150811 0000,20150811 0000,712, ,CFS
FOL,D,76,INFLOW,20150812 0000,20150812 0000,658, ,CFS
FOL,D,76,INFLOW,20150813 0000,20150813 0000,900, ,CFS
FOL,D,76,INFLOW,20150814 0000,20150814 0000,918, ,CFS
FOL,D,76,INFLOW,20150815 0000,20150815 0000,1012, ,CFS
FOL,D,76,INFLOW,20150816 0000,20150816 0000,1017, ,CFS
FOL,D,76,INFLOW,20150817 0000,20150817 0000,949, ,CFS
FOL,D,76,INFLOW,20150818 0000,20150818 0000,696, ,CFS
FOL,D,76,INFLOW,20150819 0000,20150819 0000,534, ,CFS
FOL,D,76,INFLOW,20150820 0000,20150820 0000,795, ,CFS
FOL,D,76,INFLOW,20150821 0000,20150821 0000,830, ,CFS
FOL,D,76,INFLOW,20150822 0000,20150822 0000,934, ,CFS
FOL,D,76,INFLOW,20150823 0000,20150823 0000,938, ,CFS
FOL,D,76,INFLOW,20150824 0000,20150824 0000,870, ,CFS
FOL,D,76,INFLOW,20150825 0000,20150825 0000,593, ,CFS
FOL,D,76,INFLOW,20150826 0000,20150826 0000,562, ,CFS
FOL,D,76,INFLOW,20150827 0000,20150827 0000,1075, ,CFS
FOL,D,76,INFLOW,20150828 0000,20150828 0000,1106, ,CFS
FOL,D,76,INFLOW,20150829 0000,20150829 0000,1041, ,CFS
FOL,D,76,INFLOW,20150830 0000,20150830 0000,934, ,CFS
FOL,D,76,INFLOW,20150831 0000,20150831 0000,965, ,CFS
FOL,D,76,INFLOW,20150901 0000,20150901 0000,598, ,CFS
FOL,D,76,INFLOW,20150902 0000,20150902 0000,625, ,CFS
FOL,D,76,INFLOW,20150903 0000,20150903 0000,739, ,CFS
FOL,D,76,INFLOW,20150904 0000,20150904 0000,724, ,CFS
FOL,D,76,INFLOW,20150905 0000,20150905 0000,846, ,CFS
FOL,D,76,INFLOW,20150906 0000,20150906 0000,945, ,CFS
FOL,D,76,INFLOW,20150907 0000,20150907 0000,995, ,CFS
FOL,D,76,INFLOW,20150908 0000,20150908 0000,718, ,CFS
FOL,D,76,INFLOW,20150909 0000,20150909 0000,704, ,CFS
FOL,D,76,INFLOW,20150910 0000,20150910 0000,742, ,CFS
FOL,D,76,INFLOW,20150911 0000,20150911 0000,877, ,CFS
FOL,D,76,INFLOW,20150912 0000,20150912 0000,1048, ,CFS
FOL,D,76,INFLOW,20150913 0000,20150913 0000,862, ,CFS
FOL,D,76,INFLOW,20150914 0000,20150914 0000,696, ,CFS
FOL,D,76,INFLOW,20150915 0000,20150915 0000,546, ,CFS
FOL,D,76,INFLOW,20150916 0000,20150916 0000,744, ,CFS
FOL,D,76,INFLOW,20150917 0000,20150917 0000,388, ,CFS
FOL,D,76,INFLOW,20150918 0000,20150918 0000,429, ,CFS
FOL,D,76,INFLOW,20150919 0000,20150919 0000,785, ,CFS
FOL,D,76,INFLOW,20150920 0000,20150920 0000,954, ,CFS
FOL,D,76,INFLOW,20150921 0000,20150921 0000,734, ,CFS
FOL,D,76,INFLOW,20150922 0000,20150922 0000,717, ,CFS
FOL,D,76,INFLOW,20150923 0000,20150923 0000,483, ,CFS
FOL,D,76,INFLOW,20150924 0000,20150924 0000,555, ,CFS
FOL,D,76,INFLOW,20150925 0000,20150925 0000,555, ,CFS
FOL,D,76,INFLOW,20150926 0000,20150926 0000,825, ,CFS
FOL,D,76,INFLOW,20150927 0000,20150927 0000,820, ,CFS
FOL,D,76,INFLOW,20150928 0000,20150928 0000,598, ,CFS
FOL,D,76,INFLOW,20150929 0000,20150929 0000,456, ,CFS
FOL,D,76,INFLOW,20150930 0000,20150930 0000,331, ,CFS
FOL,D,76,INFLOW,20151001 0000,20151001 0000,352, ,CFS
FOL,D,76,INFLOW,20151002 0000,20151002 0000,430, ,CFS
FOL,D,76,INFLOW,20151003 0000,20151003 0000,710, ,CFS
FOL,D,76,INFLOW,20151004 0000,20151004 0000,478, ,CFS
FOL,D,76,INFLOW,20151005 0000,20151005 0000,439, ,CFS
FOL,D,76,INFLOW,20151006 0000,20151006 0000,434, ,CFS
FOL,D,76,INFLOW,20151007 0000,20151007 0000,438, ,CFS
FOL,D,76,INFLOW,20151008 0000,20151008 0000,384, ,CFS
FOL,D,76,INFLOW,20151009 0000,20151009 0000,347, ,CFS
FOL,D,76,INFLOW,20151010 0000,20151010 0000,626, ,CFS
FOL,D,76,INFLOW,20151011 0000,20151011 0000,431, ,CFS
FOL,D,76,INFLOW,20151012 0000,20151012 0000,384, ,CFS
FOL,D,76,INFLOW,20151013 0000,20151013 0000,343, ,CFS
FOL,D,76,INFLOW,20151014 0000,20151014 0000,352, ,CFS
FOL,D,76,INFLOW,20151015 0000,20151015 0000,381, ,CFS
FOL,D,76,INFLOW,20151016 0000,20151016 0000,280, ,CFS
FOL,D,76,INFLOW,20151017 0000,20151017 0000,546, ,CFS
FOL,D,76,INFLOW,20151018 0000,20151018 0000,394, ,CFS
FOL,D,76,INFLOW,20151019 0000,20151019 0000,296, ,CFS
FOL,D,76,INFLOW,20151020 0000,20151020 0000,313, ,CFS
FOL,D,76,INFLOW,20151021 0000,20151021 0000,257, ,CFS
FOL,D,76,INFLOW,20151022 0000,20151022 0000,250, ,CFS
FOL,D,76,INFLOW,20151023 0000,20151023 0000,253, ,CFS
FOL,D,76,INFLOW,20151024 0000,20151024 0000,509, ,CFS
FOL,D,76,INFLOW,20151025 0000,20151025 0000,316, ,CFS
FOL,D,76,INFLOW,20151026 0000,20151026 0000,236, ,CFS
FOL,D,76,INFLOW,20151027 0000,20151027 0000,254, ,CFS
FOL,D,76,INFLOW,20151028 0000,20151028 0000,251, ,CFS
FOL,D,76,INFLOW,20151029 0000,20151029 0000,257, ,CFS
FOL,D,76,INFLOW,20151030 0000,20151030 0000,242, ,CFS
FOL,D,76,INFLOW,20151031 0000,20151031 0000,472, ,CFS
FOL,D,76,INFLOW,20151101 0000,20151101 0000,262, ,CFS
FOL,D,76,INFLOW,20151102 0000,20151102 0000,355, ,CFS
FOL,D,76,INFLOW,20151103 0000,20151103 0000,411, ,CFS
FOL,D,76,INFLOW,20151104 0000,20151104 0000,379, ,CFS
FOL,D,76,INFLOW,20151105 0000,20151105 0000,344, ,CFS
FOL,D,76,INFLOW,20151106 0000,20151106 0000,386, ,CFS
FOL,D,76,INFLOW,20151107 0000,20151107 0000,580, ,CFS
FOL,D,76,INFLOW,20151108 0000,20151108 0000,356, ,CFS
FOL,D,76,INFLOW,20151109 0000,20151109 0000,395, ,CFS
FOL,D,76,INFLOW,20151110 0000,20151110 0000,404, ,CFS
FOL,D,76,INFLOW,20151111 0000,20151111 0000,382, ,CFS
FOL,D,76,INFLOW,20151112 0000,20151112 0000,320, ,CFS
FOL,D,76,INFLOW,20151113 0000,20151113 0000,319, ,CFS
FOL,D,76,INFLOW,20151114 0000,20151114 0000,574, ,CFS
FOL,D,76,INFLOW,20151115 0000,20151115 0000,450, ,CFS
FOL,D,76,INFLOW,20151116 0000,20151116 0000,402, ,CFS
FOL,D,76,INFLOW,20151117 0000,20151117 0000,542, ,CFS
FOL,D,76,INFLOW,20151118 0000,20151118 0000,546, ,CFS
FOL,D,76,INFLOW,20151119 0000,20151119 0000,575, ,CFS
FOL,D,76,INFLOW,20151120 0000,20151120 0000,595, ,CFS
FOL,D,76,INFLOW,20151121 0000,20151121 0000,749, ,CFS
FOL,D,76,INFLOW,20151122 0000,20151122 0000,556, ,CFS
FOL,D,76,INFLOW,20151123 0000,20151123 0000,459, ,CFS
FOL,D,76,INFLOW,20151124 0000,20151124 0000,498, ,CFS
FOL,D,76,INFLOW,20151125 0000,20151125 0000,456, ,CFS
FOL,D,76,INFLOW,20151126 0000,20151126 0000,494, ,CFS
FOL,D,76,INFLOW,20151127 0000,20151127 0000,539, ,CFS
FOL,D,76,INFLOW,20151128 0000,20151128 0000,755, ,CFS
FOL,D,76,INFLOW,20151129 0000,20151129 0000,452, ,CFS
FOL,D,76,INFLOW,20151130 0000,20151130 0000,612, ,CFS
FOL,D,76,INFLOW,20151201 0000,20151201 0000,519, ,CFS
FOL,D,76,INFLOW,20151202 0000,20151202 0000,504, ,CFS
FOL,D,76,INFLOW,20151203 0000,20151203 0000,457, ,CFS
FOL,D,76,INFLOW,20151204 0000,20151204 0000,612, ,CFS
FOL,D,76,INFLOW,20151205 0000,20151205 0000,887, ,CFS
FOL,D,76,INFLOW,20151206 0000,20151206 0000,561, ,CFS
FOL,D,76,INFLOW,20151207 0000,20151207 0000,506, ,CFS
FOL,D,76,INFLOW,20151208 0000,20151208 0000,569, ,CFS
FOL,D,76,INFLOW,20151209 0000,20151209 0000,542, ,CFS
FOL,D,76,INFLOW,20151210 0000,20151210 0000,716, ,CFS
FOL,D,76,INFLOW,20151211 0000,20151211 0000,2316, ,CFS
FOL,D,76,INFLOW,20151212 0000,20151212 0000,1538, ,CFS
FOL,D,76,INFLOW,20151213 0000,20151213 0000,1110, ,CFS
FOL,D,76,INFLOW,20151214 0000,20151214 0000,1589, ,CFS
FOL,D,76,INFLOW,20151215 0000,20151215 0000,1067, ,CFS
FOL,D,76,INFLOW,20151216 0000,20151216 0000,847, ,CFS
FOL,D,76,INFLOW,20151217 0000,20151217 0000,761, ,CFS
FOL,D,76,INFLOW,20151218 0000,20151218 0000,912, ,CFS
FOL,D,76,INFLOW,20151219 0000,20151219 0000,1304, ,CFS
FOL,D,76,INFLOW,20151220 0000,20151220 0000,866, ,CFS
FOL,D,76,INFLOW,20151221 0000,20151221 0000,1933, ,CFS
FOL,D,76,INFLOW,20151222 0000,20151222 0000,17904, ,CFS
FOL,D,76,INFLOW,20151223 0000,20151223 0000,10873, ,CFS
FOL,D,76,INFLOW,20151224 0000,20151224 0000,5047, ,CFS
FOL,D,76,INFLOW,20151225 0000,20151225 0000,3141, ,CFS
FOL,D,76,INFLOW,20151226 0000,20151226 0000,2459, ,CFS
FOL,D,76,INFLOW,20151227 0000,20151227 0000,1988, ,CFS
FOL,D,76,INFLOW,20151228 0000,20151228 0000,2205, ,CFS
FOL,D,76,INFLOW,20151229 0000,20151229 0000,1963, ,CFS
FOL,D,76,INFLOW,20151230 0000,20151230 0000,2414, ,CFS
FOL,D,76,INFLOW,20151231 0000,20151231 0000,1755, ,CFS
FOL,D,76,INFLOW,20160101 0000,20160101 0000,1496, ,CFS
FOL,D,76,INFLOW,20160102 0000,20160102 0000,1636, ,CFS
FOL,D,76,INFLOW,20160103 0000,20160103 0000,958, ,CFS
FOL,D,76,INFLOW,20160104 0000,20160104 0000,1492, ,CFS
FOL,D,76,INFLOW,20160105 0000,20160105 0000,2352, ,CFS
FOL,D,76,INFLOW,20160106 0000,20160106 0000,2557, ,CFS
FOL,D,76,INFLOW,20160107 0000,20160107 0000,2433, ,CFS
FOL,D,76,INFLOW,20160108 0000,20160108 0000,2190, ,CFS
FOL,D,76,INFLOW,20160109 0000,20160109 0000,2094, ,CFS
FOL,D,76,INFLOW,20160110 0000,20160110 0000,2027, ,CFS
FOL,D,76,INFLOW,20160111 0000,20160111 0000,2042, ,CFS
FOL,D,76,INFLOW,20160112 0000,20160112 0000,1792, ,CFS
FOL,D,76,INFLOW,20160113 0000,20160113 0000,1559, ,CFS
FOL,D,76,INFLOW,20160114 0000,20160114 0000,2108, ,CFS
FOL,D,76,INFLOW,20160115 0000,20160115 0000,3112, ,CFS
FOL,D,76,INFLOW,20160116 0000,20160116 0000,3481, ,CFS
FOL,D,76,INFLOW,20160117 0000,20160117 0000,4181, ,CFS
FOL,D,76,INFLOW,20160118 0000,20160118 0000,9434, ,CFS
FOL,D,76,INFLOW,20160119 0000,20160119 0000,8220, ,CFS
FOL,D,76,INFLOW,20160120 0000,20160120 0000,8381, ,CFS
FOL,D,76,INFLOW,20160121 0000,20160121 0000,5772, ,CFS
FOL,D,76,INFLOW,20160122 0000,20160122 0000,4575, ,CFS
FOL,D,76,INFLOW,20160123 0000,20160123 0000,7510, ,CFS
FOL,D,76,INFLOW,20160124 0000,20160124 0000,7774, ,CFS
FOL,D,76,INFLOW,20160125 0000,20160125 0000,5764, ,CFS
FOL,D,76,INFLOW,20160126 0000,20160126 0000,4644, ,CFS
FOL,D,76,INFLOW,20160127 0000,20160127 0000,4360, ,CFS
FOL,D,76,INFLOW,20160128 0000,20160128 0000,3858, ,CFS
FOL,D,76,INFLOW,20160129 0000,20160129 0000,6047, ,CFS
FOL,D,76,INFLOW,20160130 0000,20160130 0000,36323, ,CFS
FOL,D,76,INFLOW,20160131 0000,20160131 0000,15102, ,CFS
FOL,D,76,INFLOW,20160201 0000,20160201 0000,9576, ,CFS
FOL,D,76,INFLOW,20160202 0000,20160202 0000,7328, ,CFS
FOL,D,76,INFLOW,20160203 0000,20160203 0000,6184, ,CFS
FOL,D,76,INFLOW,20160204 0000,20160204 0000,5271, ,CFS
FOL,D,76,INFLOW,20160205 0000,20160205 0000,5142, ,CFS
FOL,D,76,INFLOW,20160206 0000,20160206 0000,4722, ,CFS
FOL,D,76,INFLOW,20160207 0000,20160207 0000,4308, ,CFS
FOL,D,76,INFLOW,20160208 0000,20160208 0000,4483, ,CFS
FOL,D,76,INFLOW,20160209 0000,20160209 0000,4127, ,CFS
FOL,D,76,INFLOW,20160210 0000,20160210 0000,3719, ,CFS
FOL,D,76,INFLOW,20160211 0000,20160211 0000,3871, ,CFS
FOL,D,76,INFLOW,20160212 0000,20160212 0000,3800, ,CFS
FOL,D,76,INFLOW,20160213 0000,20160213 0000,3715, ,CFS
FOL,D,76,INFLOW,20160214 0000,20160214 0000,3455, ,CFS
FOL,D,76,INFLOW,20160215 0000,20160215 0000,3398, ,CFS
FOL,D,76,INFLOW,20160216 0000,20160216 0000,4012, ,CFS
FOL,D,76,INFLOW,20160217 0000,20160217 0000,4666, ,CFS
FOL,D,76,INFLOW,20160218 0000,20160218 0000,6055, ,CFS
FOL,D,76,INFLOW,20160219 0000,20160219 0000,5218, ,CFS
FOL,D,76,INFLOW,20160220 0000,20160220 0000,4191, ,CFS
FOL,D,76,INFLOW,20160221 0000,20160221 0000,3819, ,CFS
FOL,D,76,INFLOW,20160222 0000,20160222 0000,4046, ,CFS
FOL,D,76,INFLOW,20160223 0000,20160223 0000,3984, ,CFS
FOL,D,76,INFLOW,20160224 0000,20160224 0000,4237, ,CFS
FOL,D,76,INFLOW,20160225 0000,20160225 0000,3634, ,CFS
FOL,D,76,INFLOW,20160226 0000,20160226 0000,3091, ,CFS
FOL,D,76,INFLOW,20160227 0000,20160227 0000,3232, ,CFS
FOL,D,76,INFLOW,20160228 0000,20160228 0000,2998, ,CFS
FOL,D,76,INFLOW,20160229 0000,20160229 0000,3759, ,CFS
FOL,D,76,INFLOW,20160301 0000,20160301 0000,3456, ,CFS
FOL,D,76,INFLOW,20160302 0000,20160302 0000,3218, ,CFS
FOL,D,76,INFLOW,20160303 0000,20160303 0000,4200, ,CFS
FOL,D,76,INFLOW,20160304 0000,20160304 0000,4856, ,CFS
FOL,D,76,INFLOW,20160305 0000,20160305 0000,10058, ,CFS
FOL,D,76,INFLOW,20160306 0000,20160306 0000,25932, ,CFS
FOL,D,76,INFLOW,20160307 0000,20160307 0000,23005, ,CFS
FOL,D,76,INFLOW,20160308 0000,20160308 0000,12817, ,CFS
FOL,D,76,INFLOW,20160309 0000,20160309 0000,9276, ,CFS
FOL,D,76,INFLOW,20160310 0000,20160310 0000,9078, ,CFS
FOL,D,76,INFLOW,20160311 0000,20160311 0000,11756, ,CFS
FOL,D,76,INFLOW,20160312 0000,20160312 0000,14795, ,CFS
FOL,D,76,INFLOW,20160313 0000,20160313 0000,23953, ,CFS
FOL,D,76,INFLOW,20160314 0000,20160314 0000,32216, ,CFS
FOL,D,76,INFLOW,20160315 0000,20160315 0000,18118, ,CFS
FOL,D,76,INFLOW,20160316 0000,20160316 0000,12646, ,CFS
FOL,D,76,INFLOW,20160317 0000,20160317 0000,10825, ,CFS
FOL,D,76,INFLOW,20160318 0000,20160318 0000,9014, ,CFS
FOL,D,76,INFLOW,20160319 0000,20160319 0000,8547, ,CFS
FOL,D,76,INFLOW,20160320 0000,20160320 0000,8517, ,CFS
FOL,D,76,INFLOW,20160321 0000,20160321 0000,11809, ,CFS
FOL,D,76,INFLOW,20160322 0000,20160322 0000,12408, ,CFS
FOL,D,76,INFLOW,20160323 0000,20160323 0000,10132, ,CFS
FOL,D,76,INFLOW,20160324 0000,20160324 0000,9076, ,CFS
FOL,D,76,INFLOW,20160325 0000,20160325 0000,9254, ,CFS
FOL,D,76,INFLOW,20160326 0000,20160326 0000,8800, ,CFS
FOL,D,76,INFLOW,20160327 0000,20160327 0000,7847, ,CFS
FOL,D,76,INFLOW,20160328 0000,20160328 0000,8206, ,CFS
FOL,D,76,INFLOW,20160329 0000,20160329 0000,7364, ,CFS
FOL,D,76,INFLOW,20160330 0000,20160330 0000,6480, ,CFS
FOL,D,76,INFLOW,20160331 0000,20160331 0000,6243, ,CFS
FOL,D,76,INFLOW,20160401 0000,20160401 0000,5775, ,CFS
FOL,D,76,INFLOW,20160402 0000,20160402 0000,6169, ,CFS
FOL,D,76,INFLOW,20160403 0000,20160403 0000,6710, ,CFS
FOL,D,76,INFLOW,20160404 0000,20160404 0000,6028, ,CFS
FOL,D,76,INFLOW,20160405 0000,20160405 0000,6419, ,CFS
FOL,D,76,INFLOW,20160406 0000,20160406 0000,6778, ,CFS
FOL,D,76,INFLOW,20160407 0000,20160407 0000,6219, ,CFS
FOL,D,76,INFLOW,20160408 0000,20160408 0000,7039, ,CFS
FOL,D,76,INFLOW,20160409 0000,20160409 0000,6816, ,CFS
FOL,D,76,INFLOW,20160410 0000,20160410 0000,7573, ,CFS
FOL,D,76,INFLOW,20160411 0000,20160411 0000,7291, ,CFS
FOL,D,76,INFLOW,20160412 0000,20160412 0000,6956, ,CFS
FOL,D,76,INFLOW,20160413 0000,20160413 0000,6047, ,CFS
FOL,D,76,INFLOW,20160414 0000,20160414 0000,5610, ,CFS
FOL,D,76,INFLOW,20160415 0000,20160415 0000,5567, ,CFS
FOL,D,76,INFLOW,20160416 0000,20160416 0000,5052, ,CFS
FOL,D,76,INFLOW,20160417 0000,20160417 0000,4783, ,CFS
FOL,D,76,INFLOW,20160418 0000,20160418 0000,5230, ,CFS
FOL,D,76,INFLOW,20160419 0000,20160419 0000,5448, ,CFS
FOL,D,76,INFLOW,20160420 0000,20160420 0000,5399, ,CFS
FOL,D,76,INFLOW,20160421 0000,20160421 0000,5328, ,CFS
FOL,D,76,INFLOW,20160422 0000,20160422 0000,6678, ,CFS
FOL,D,76,INFLOW,20160423 0000,20160423 0000,5744, ,CFS
FOL,D,76,INFLOW,20160424 0000,20160424 0000,5228, ,CFS
FOL,D,76,INFLOW,20160425 0000,20160425 0000,5343, ,CFS
FOL,D,76,INFLOW,20160426 0000,20160426 0000,6268, ,CFS
FOL,D,76,INFLOW,20160427 0000,20160427 0000,3566, ,CFS
FOL,D,76,INFLOW,20160428 0000,20160428 0000,3318, ,CFS
FOL,D,76,INFLOW,20160429 0000,20160429 0000,3617, ,CFS
FOL,D,76,INFLOW,20160430 0000,20160430 0000,4112, ,CFS
FOL,D,76,INFLOW,20160501 0000,20160501 0000,4141, ,CFS
FOL,D,76,INFLOW,20160502 0000,20160502 0000,4782, ,CFS
FOL,D,76,INFLOW,20160503 0000,20160503 0000,4964, ,CFS
FOL,D,76,INFLOW,20160504 0000,20160504 0000,5111, ,CFS
FOL,D,76,INFLOW,20160505 0000,20160505 0000,4063, ,CFS
FOL,D,76,INFLOW,20160506 0000,20160506 0000,5366, ,CFS
FOL,D,76,INFLOW,20160507 0000,20160507 0000,5631, ,CFS
FOL,D,76,INFLOW,20160508 0000,20160508 0000,4944, ,CFS
FOL,D,76,INFLOW,20160509 0000,20160509 0000,4487, ,CFS
FOL,D,76,INFLOW,20160510 0000,20160510 0000,5120, ,CFS
FOL,D,76,INFLOW,20160511 0000,20160511 0000,5158, ,CFS
FOL,D,76,INFLOW,20160512 0000,20160512 0000,4979, ,CFS
FOL,D,76,INFLOW,20160513 0000,20160513 0000,5070, ,CFS
FOL,D,76,INFLOW,20160514 0000,20160514 0000,4618, ,CFS
FOL,D,76,INFLOW,20160515 0000,20160515 0000,5020, ,CFS
FOL,D,76,INFLOW,20160516 0000,20160516 0000,5591, ,CFS
FOL,D,76,INFLOW,20160517 0000,20160517 0000,5479, ,CFS
FOL,D,76,INFLOW,20160518 0000,20160518 0000,5691, ,CFS
FOL,D,76,INFLOW,20160519 0000,20160519 0000,5420, ,CFS
FOL,D,76,INFLOW,20160520 0000,20160520 0000,5496, ,CFS
FOL,D,76,INFLOW,20160521 0000,20160521 0000,5322, ,CFS
FOL,D,76,INFLOW,20160522 0000,20160522 0000,5235, ,CFS
FOL,D,76,INFLOW,20160523 0000,20160523 0000,4449, ,CFS
FOL,D,76,INFLOW,20160524 0000,20160524 0000,4273, ,CFS
FOL,D,76,INFLOW,20160525 0000,20160525 0000,3837, ,CFS
FOL,D,76,INFLOW,20160526 0000,20160526 0000,4130, ,CFS
FOL,D,76,INFLOW,20160527 0000,20160527 0000,3596, ,CFS
FOL,D,76,INFLOW,20160528 0000,20160528 0000,3552, ,CFS
FOL,D,76,INFLOW,20160529 0000,20160529 0000,3431, ,CFS
FOL,D,76,INFLOW,20160530 0000,20160530 0000,3389, ,CFS
FOL,D,76,INFLOW,20160531 0000,20160531 0000,4125, ,CFS
FOL,D,76,INFLOW,20160601 0000,20160601 0000,3949, ,CFS
FOL,D,76,INFLOW,20160602 0000,20160602 0000,3731, ,CFS
FOL,D,76,INFLOW,20160603 0000,20160603 0000,3836, ,CFS
FOL,D,76,INFLOW,20160604 0000,20160604 0000,3789, ,CFS
FOL,D,76,INFLOW,20160605 0000,20160605 0000,3702, ,CFS
FOL,D,76,INFLOW,20160606 0000,20160606 0000,3921, ,CFS
FOL,D,76,INFLOW,20160607 0000,20160607 0000,3036, ,CFS
FOL,D,76,INFLOW,20160608 0000,20160608 0000,2589, ,CFS
FOL,D,76,INFLOW,20160609 0000,20160609 0000,3487, ,CFS
FOL,D,76,INFLOW,20160610 0000,20160610 0000,4033, ,CFS
FOL,D,76,INFLOW,20160611 0000,20160611 0000,3721, ,CFS
FOL,D,76,INFLOW,20160612 0000,20160612 0000,2741, ,CFS
FOL,D,76,INFLOW,20160613 0000,20160613 0000,2030, ,CFS
FOL,D,76,INFLOW,20160614 0000,20160614 0000,2212, ,CFS
FOL,D,76,INFLOW,20160615 0000,20160615 0000,2605, ,CFS
FOL,D,76,INFLOW,20160616 0000,20160616 0000,2342, ,CFS
FOL,D,76,INFLOW,20160617 0000,20160617 0000,2059, ,CFS
FOL,D,76,INFLOW,20160618 0000,20160618 0000,1902, ,CFS
FOL,D,76,INFLOW,20160619 0000,20160619 0000,2030, ,CFS
FOL,D,76,INFLOW,20160620 0000,20160620 0000,1853, ,CFS
FOL,D,76,INFLOW,20160621 0000,20160621 0000,2136, ,CFS
FOL,D,76,INFLOW,20160622 0000,20160622 0000,2148, ,CFS
FOL,D,76,INFLOW,20160623 0000,20160623 0000,1698, ,CFS
FOL,D,76,INFLOW,20160624 0000,20160624 0000,1419, ,CFS
FOL,D,76,INFLOW,20160625 0000,20160625 0000,1960, ,CFS
FOL,D,76,INFLOW,20160626 0000,20160626 0000,2340, ,CFS
FOL,D,76,INFLOW,20160627 0000,20160627 0000,2426, ,CFS
FOL,D,76,INFLOW,20160628 0000,20160628 0000,2251, ,CFS
FOL,D,76,INFLOW,20160629 0000,20160629 0000,1689, ,CFS
FOL,D,76,INFLOW,20160630 0000,20160630 0000,1621, ,CFS
FOL,D,76,INFLOW,20160701 0000,20160701 0000,2200, ,CFS
FOL,D,76,INFLOW,20160702 0000,20160702 0000,2067, ,CFS
FOL,D,76,INFLOW,20160703 0000,20160703 0000,1821, ,CFS
FOL,D,76,INFLOW,20160704 0000,20160704 0000,1926, ,CFS
FOL,D,76,INFLOW,20160705 0000,20160705 0000,1716, ,CFS
FOL,D,76,INFLOW,20160706 0000,20160706 0000,1422, ,CFS
FOL,D,76,INFLOW,20160707 0000,20160707 0000,1809, ,CFS
FOL,D,76,INFLOW,20160708 0000,20160708 0000,1636, ,CFS
FOL,D,76,INFLOW,20160709 0000,20160709 0000,2391, ,CFS
FOL,D,76,INFLOW,20160710 0000,20160710 0000,1882, ,CFS
FOL,D,76,INFLOW,20160711 0000,20160711 0000,1372, ,CFS
FOL,D,76,INFLOW,20160712 0000,20160712 0000,1588, ,CFS
FOL,D,76,INFLOW,20160713 0000,20160713 0000,1508, ,CFS
FOL,D,76,INFLOW,20160714 0000,20160714 0000,1972, ,CFS
FOL,D,76,INFLOW,20160715 0000,20160715 0000,1776, ,CFS
FOL,D,76,INFLOW,20160716 0000,20160716 0000,1753, ,CFS
FOL,D,76,INFLOW,20160717 0000,20160717 0000,1482, ,CFS
FOL,D,76,INFLOW,20160718 0000,20160718 0000,915, ,CFS
FOL,D,76,INFLOW,20160719 0000,20160719 0000,1574, ,CFS
FOL,D,76,INFLOW,20160720 0000,20160720 0000,1534, ,CFS
FOL,D,76,INFLOW,20160721 0000,20160721 0000,1585, ,CFS
FOL,D,76,INFLOW,20160722 0000,20160722 0000,1439, ,CFS
FOL,D,76,INFLOW,20160723 0000,20160723 0000,1700, ,CFS
FOL,D,76,INFLOW,20160724 0000,20160724 0000,1590, ,CFS
FOL,D,76,INFLOW,20160725 0000,20160725 0000,1616, ,CFS
FOL,D,76,INFLOW,20160726 0000,20160726 0000,1474, ,CFS
FOL,D,76,INFLOW,20160727 0000,20160727 0000,1596, ,CFS
FOL,D,76,INFLOW,20160728 0000,20160728 0000,1682, ,CFS
FOL,D,76,INFLOW,20160729 0000,20160729 0000,1689, ,CFS
FOL,D,76,INFLOW,20160730 0000,20160730 0000,1836, ,CFS
FOL,D,76,INFLOW,20160731 0000,20160731 0000,1760, ,CFS
FOL,D,76,INFLOW,20160801 0000,20160801 0000,1522, ,CFS
FOL,D,76,INFLOW,20160802 0000,20160802 0000,1567, ,CFS
FOL,D,76,INFLOW,20160803 0000,20160803 0000,1607, ,CFS
FOL,D,76,INFLOW,20160804 0000,20160804 0000,1596, ,CFS
FOL,D,76,INFLOW,20160805 0000,20160805 0000,1454, ,CFS
FOL,D,76,INFLOW,20160806 0000,20160806 0000,1484, ,CFS
FOL,D,76,INFLOW,20160807 0000,20160807 0000,1521, ,CFS
FOL,D,76,INFLOW,20160808 0000,20160808 0000,1424, ,CFS
FOL,D,76,INFLOW,20160809 0000,20160809 0000,1476, ,CFS
FOL,D,76,INFLOW,20160810 0000,20160810 0000,1353, ,CFS
FOL,D,76,INFLOW,20160811 0000,20160811 0000,1480, ,CFS
FOL,D,76,INFLOW,20160812 0000,20160812 0000,1545, ,CFS
FOL,D,76,INFLOW,20160813 0000,20160813 0000,1676, ,CFS
FOL,D,76,INFLOW,20160814 0000,20160814 0000,1798, ,CFS
FOL,D,76,INFLOW,20160815 0000,20160815 0000,1579, ,CFS
FOL,D,76,INFLOW,20160816 0000,20160816 0000,1603, ,CFS
FOL,D,76,INFLOW,20160817 0000,20160817 0000,1595, ,CFS
FOL,D,76,INFLOW,20160818 0000,20160818 0000,1737, ,CFS
FOL,D,76,INFLOW,20160819 0000,20160819 0000,1598, ,CFS
FOL,D,76,INFLOW,20160820 0000,20160820 0000,1656, ,CFS
FOL,D,76,INFLOW,20160821 0000,20160821 0000,1438, ,CFS
FOL,D,76,INFLOW,20160822 0000,20160822 0000,1265, ,CFS
FOL,D,76,INFLOW,20160823 0000,20160823 0000,1430, ,CFS
FOL,D,76,INFLOW,20160824 0000,20160824 0000,1443, ,CFS
FOL,D,76,INFLOW,20160825 0000,20160825 0000,1530, ,CFS
FOL,D,76,INFLOW,20160826 0000,20160826 0000,1224, ,CFS
FOL,D,76,INFLOW,20160827 0000,20160827 0000,1340, ,CFS
FOL,D,76,INFLOW,20160828 0000,20160828 0000,1158, ,CFS
FOL,D,76,INFLOW,20160829 0000,20160829 0000,1457, ,CFS
FOL,D,76,INFLOW,20160830 0000,20160830 0000,1677, ,CFS
FOL,D,76,INFLOW,20160831 0000,20160831 0000,1882, ,CFS
FOL,D,76,INFLOW,20160901 0000,20160901 0000,1656, ,CFS
FOL,D,76,INFLOW,20160902 0000,20160902 0000,1525, ,CFS
FOL,D,76,INFLOW,20160903 0000,20160903 0000,1642, ,CFS
FOL,D,76,INFLOW,20160904 0000,20160904 0000,1582, ,CFS
FOL,D,76,INFLOW,20160905 0000,20160905 0000,1600, ,CFS
FOL,D,76,INFLOW,20160906 0000,20160906 0000,1222, ,CFS
FOL,D,76,INFLOW,20160907 0000,20160907 0000,1102, ,CFS
FOL,D,76,INFLOW,20160908 0000,20160908 0000,1287, ,CFS
FOL,D,76,INFLOW,20160909 0000,20160909 0000,1524, ,CFS
FOL,D,76,INFLOW,20160910 0000,20160910 0000,1576, ,CFS
FOL,D,76,INFLOW,20160911 0000,20160911 0000,1346, ,CFS
FOL,D,76,INFLOW,20160912 0000,20160912 0000,838, ,CFS
FOL,D,76,INFLOW,20160913 0000,20160913 0000,702, ,CFS
FOL,D,76,INFLOW,20160914 0000,20160914 0000,930, ,CFS
FOL,D,76,INFLOW,20160915 0000,20160915 0000,1195, ,CFS
FOL,D,76,INFLOW,20160916 0000,20160916 0000,1275, ,CFS
FOL,D,76,INFLOW,20160917 0000,20160917 0000,1173, ,CFS
FOL,D,76,INFLOW,20160918 0000,20160918 0000,1127, ,CFS
FOL,D,76,INFLOW,20160919 0000,20160919 0000,999, ,CFS
FOL,D,76,INFLOW,20160920 0000,20160920 0000,1331, ,CFS
FOL,D,76,INFLOW,20160921 0000,20160921 0000,920, ,CFS
FOL,D,76,INFLOW,20160922 0000,20160922 0000,1239, ,CFS
FOL,D,76,INFLOW,20160923 0000,20160923 0000,940, ,CFS
FOL,D,76,INFLOW,20160924 0000,20160924 0000,1093, ,CFS
FOL,D,76,INFLOW,20160925 0000,20160925 0000,1135, ,CFS
FOL,D,76,INFLOW,20160926 0000,20160926 0000,1055, ,CFS
FOL,D,76,INFLOW,20160927 0000,20160927 0000,1380, ,CFS
FOL,D,76,INFLOW,20160928 0000,20160928 0000,1162, ,CFS
FOL,D,76,INFLOW,20160929 0000,20160929 0000,1243, ,CFS
FOL,D,76,INFLOW,20160930 0000,20160930 0000,1081, ,CFS
FOL,D,76,INFLOW,20161001 0000,20161001 0000,1038, ,CFS
FOL,D,76,INFLOW,20161002 0000,20161002 0000,1525, ,CFS
FOL,D,76,INFLOW,20161003 0000,20161003 0000,1043, ,CFS
FOL,D,76,INFLOW,20161004 0000,20161004 0000,1159, ,CFS
FOL,D,76,INFLOW,20161005 0000,20161005 0000,645, ,CFS
FOL,D,76,INFLOW,20161006 0000,20161006 0000,631, ,CFS
FOL,D,76,INFLOW,20161007 0000,20161007 0000,1158, ,CFS
FOL,D,76,INFLOW,20161008 0000,20161008 0000,867, ,CFS
FOL,D,76,INFLOW,20161009 0000,20161009 0000,842, ,CFS
FOL,D,76,INFLOW,20161010 0000,20161010 0000,836, ,CFS
FOL,D,76,INFLOW,20161011 0000,20161011 0000,574, ,CFS
FOL,D,76,INFLOW,20161012 0000,20161012 0000,925, ,CFS
FOL,D,76,INFLOW,20161013 0000,20161013 0000,807, ,CFS
FOL,D,76,INFLOW,20161014 0000,20161014 0000,1523, ,CFS
FOL,D,76,INFLOW,20161015 0000,20161015 0000,1369, ,CFS
FOL,D,76,INFLOW,20161016 0000,20161016 0000,3057, ,CFS
FOL,D,76,INFLOW,20161017 0000,20161017 0000,7480, ,CFS
FOL,D,76,INFLOW,20161018 0000,20161018 0000,3552, ,CFS
FOL,D,76,INFLOW,20161019 0000,20161019 0000,1408, ,CFS
FOL,D,76,INFLOW,20161020 0000,20161020 0000,1266, ,CFS
FOL,D,76,INFLOW,20161021 0000,20161021 0000,1584, ,CFS
FOL,D,76,INFLOW,20161022 0000,20161022 0000,1802, ,CFS
FOL,D,76,INFLOW,20161023 0000,20161023 0000,1512, ,CFS
FOL,D,76,INFLOW,20161024 0000,20161024 0000,984, ,CFS
FOL,D,76,INFLOW,20161025 0000,20161025 0000,1053, ,CFS
FOL,D,76,INFLOW,20161026 0000,20161026 0000,1376, ,CFS
FOL,D,76,INFLOW,20161027 0000,20161027 0000,1953, ,CFS
FOL,D,76,INFLOW,20161028 0000,20161028 0000,4648, ,CFS
FOL,D,76,INFLOW,20161029 0000,20161029 0000,5639, ,CFS
FOL,D,76,INFLOW,20161030 0000,20161030 0000,3902, ,CFS
FOL,D,76,INFLOW,20161031 0000,20161031 0000,6314, ,CFS
FOL,D,76,INFLOW,20161101 0000,20161101 0000,4966, ,CFS
FOL,D,76,INFLOW,20161102 0000,20161102 0000,4077, ,CFS
FOL,D,76,INFLOW,20161103 0000,20161103 0000,3152, ,CFS
FOL,D,76,INFLOW,20161104 0000,20161104 0000,2261, ,CFS
FOL,D,76,INFLOW,20161105 0000,20161105 0000,1963, ,CFS
FOL,D,76,INFLOW,20161106 0000,20161106 0000,2121, ,CFS
FOL,D,76,INFLOW,20161107 0000,20161107 0000,2146, ,CFS
FOL,D,76,INFLOW,20161108 0000,20161108 0000,1958, ,CFS
FOL,D,76,INFLOW,20161109 0000,20161109 0000,1790, ,CFS
FOL,D,76,INFLOW,20161110 0000,20161110 0000,1850, ,CFS
FOL,D,76,INFLOW,20161111 0000,20161111 0000,1353, ,CFS
FOL,D,76,INFLOW,20161112 0000,20161112 0000,1760, ,CFS
FOL,D,76,INFLOW,20161113 0000,20161113 0000,2017, ,CFS
FOL,D,76,INFLOW,20161114 0000,20161114 0000,1673, ,CFS
FOL,D,76,INFLOW,20161115 0000,20161115 0000,1759, ,CFS
FOL,D,76,INFLOW,20161116 0000,20161116 0000,2195, ,CFS
FOL,D,76,INFLOW,20161117 0000,20161117 0000,2102, ,CFS
FOL,D,76,INFLOW,20161118 0000,20161118 0000,1664, ,CFS
FOL,D,76,INFLOW,20161119 0000,20161119 0000,2428, ,CFS
FOL,D,76,INFLOW,20161120 0000,20161120 0000,4212, ,CFS
FOL,D,76,INFLOW,20161121 0000,20161121 0000,3575, ,CFS
FOL,D,76,INFLOW,20161122 0000,20161122 0000,3041, ,CFS
FOL,D,76,INFLOW,20161123 0000,20161123 0000,2899, ,CFS
FOL,D,76,INFLOW,20161124 0000,20161124 0000,3223, ,CFS
FOL,D,76,INFLOW,20161125 0000,20161125 0000,3173, ,CFS
FOL,D,76,INFLOW,20161126 0000,20161126 0000,3590, ,CFS
FOL,D,76,INFLOW,20161127 0000,20161127 0000,4783, ,CFS
FOL,D,76,INFLOW,20161128 0000,20161128 0000,4361, ,CFS
FOL,D,76,INFLOW,20161129 0000,20161129 0000,3437, ,CFS
FOL,D,76,INFLOW,20161130 0000,20161130 0000,3241, ,CFS
FOL,D,76,INFLOW,20161201 0000,20161201 0000,3024, ,CFS
FOL,D,76,INFLOW,20161202 0000,20161202 0000,2897, ,CFS
FOL,D,76,INFLOW,20161203 0000,20161203 0000,2808, ,CFS
FOL,D,76,INFLOW,20161204 0000,20161204 0000,2784, ,CFS
FOL,D,76,INFLOW,20161205 0000,20161205 0000,2444, ,CFS
FOL,D,76,INFLOW,20161206 0000,20161206 0000,2439, ,CFS
FOL,D,76,INFLOW,20161207 0000,20161207 0000,2653, ,CFS
FOL,D,76,INFLOW,20161208 0000,20161208 0000,2825, ,CFS
FOL,D,76,INFLOW,20161209 0000,20161209 0000,4219, ,CFS
FOL,D,76,INFLOW,20161210 0000,20161210 0000,36020, ,CFS
FOL,D,76,INFLOW,20161211 0000,20161211 0000,29907, ,CFS
FOL,D,76,INFLOW,20161212 0000,20161212 0000,12047, ,CFS
FOL,D,76,INFLOW,20161213 0000,20161213 0000,9377, ,CFS
FOL,D,76,INFLOW,20161214 0000,20161214 0000,7799, ,CFS
FOL,D,76,INFLOW,20161215 0000,20161215 0000,12425, ,CFS
FOL,D,76,INFLOW,20161216 0000,20161216 0000,42914, ,CFS
FOL,D,76,INFLOW,20161217 0000,20161217 0000,17976, ,CFS
FOL,D,76,INFLOW,20161218 0000,20161218 0000,12090, ,CFS
FOL,D,76,INFLOW,20161219 0000,20161219 0000,9370, ,CFS
FOL,D,76,INFLOW,20161220 0000,20161220 0000,7999, ,CFS
FOL,D,76,INFLOW,20161221 0000,20161221 0000,6720, ,CFS
FOL,D,76,INFLOW,20161222 0000,20161222 0000,6516, ,CFS
FOL,D,76,INFLOW,20161223 0000,20161223 0000,5523, ,CFS
FOL,D,76,INFLOW,20161224 0000,20161224 0000,5495, ,CFS
FOL,D,76,INFLOW,20161225 0000,20161225 0000,4606, ,CFS
FOL,D,76,INFLOW,20161226 0000,20161226 0000,4999, ,CFS
FOL,D,76,INFLOW,20161227 0000,20161227 0000,4470, ,CFS
FOL,D,76,INFLOW,20161228 0000,20161228 0000,4771, ,CFS
FOL,D,76,INFLOW,20161229 0000,20161229 0000,4597, ,CFS
FOL,D,76,INFLOW,20161230 0000,20161230 0000,4139, ,CFS
FOL,D,76,INFLOW,20161231 0000,20161231 0000,4296, ,CFS
FOL,D,76,INFLOW,20170101 0000,20170101 0000,3655, ,CFS
FOL,D,76,INFLOW,20170102 0000,20170102 0000,4131, ,CFS
FOL,D,76,INFLOW,20170103 0000,20170103 0000,5077, ,CFS
FOL,D,76,INFLOW,20170104 0000,20170104 0000,18871, ,CFS
FOL,D,76,INFLOW,20170105 0000,20170105 0000,24476, ,CFS
FOL,D,76,INFLOW,20170106 0000,20170106 0000,15006, ,CFS
FOL,D,76,INFLOW,20170107 0000,20170107 0000,14131, ,CFS
FOL,D,76,INFLOW,20170108 0000,20170108 0000,61704, ,CFS
FOL,D,76,INFLOW,20170109 0000,20170109 0000,93775, ,CFS
FOL,D,76,INFLOW,20170110 0000,20170110 0000,72787, ,CFS
FOL,D,76,INFLOW,20170111 0000,20170111 0000,74708, ,CFS
FOL,D,76,INFLOW,20170112 0000,20170112 0000,35529, ,CFS
FOL,D,76,INFLOW,20170113 0000,20170113 0000,23419, ,CFS
FOL,D,76,INFLOW,20170114 0000,20170114 0000,18134, ,CFS
FOL,D,76,INFLOW,20170115 0000,20170115 0000,15491, ,CFS
FOL,D,76,INFLOW,20170116 0000,20170116 0000,13339, ,CFS
FOL,D,76,INFLOW,20170117 0000,20170117 0000,12074, ,CFS
FOL,D,76,INFLOW,20170118 0000,20170118 0000,13017, ,CFS
FOL,D,76,INFLOW,20170119 0000,20170119 0000,17329, ,CFS
FOL,D,76,INFLOW,20170120 0000,20170120 0000,21076, ,CFS
FOL,D,76,INFLOW,20170121 0000,20170121 0000,19084, ,CFS
FOL,D,76,INFLOW,20170122 0000,20170122 0000,18576, ,CFS
FOL,D,76,INFLOW,20170123 0000,20170123 0000,20223, ,CFS
FOL,D,76,INFLOW,20170124 0000,20170124 0000,15852, ,CFS
FOL,D,76,INFLOW,20170125 0000,20170125 0000,12463, ,CFS
FOL,D,76,INFLOW,20170126 0000,20170126 0000,10369, ,CFS
FOL,D,76,INFLOW,20170127 0000,20170127 0000,9115, ,CFS
FOL,D,76,INFLOW,20170128 0000,20170128 0000,8465, ,CFS
FOL,D,76,INFLOW,20170129 0000,20170129 0000,8212, ,CFS
FOL,D,76,INFLOW,20170130 0000,20170130 0000,6803, ,CFS
FOL,D,76,INFLOW,20170131 0000,20170131 0000,6984, ,CFS
FOL,D,76,INFLOW,20170201 0000,20170201 0000,6325, ,CFS
FOL,D,76,INFLOW,20170202 0000,20170202 0000,7312, ,CFS
FOL,D,76,INFLOW,20170203 0000,20170203 0000,12251, ,CFS
FOL,D,76,INFLOW,20170204 0000,20170204 0000,23086, ,CFS
FOL,D,76,INFLOW,20170205 0000,20170205 0000,18309, ,CFS
FOL,D,76,INFLOW,20170206 0000,20170206 0000,26641, ,CFS
FOL,D,76,INFLOW,20170207 0000,20170207 0000,84749, ,CFS
FOL,D,76,INFLOW,20170208 0000,20170208 0000,94770, ,CFS
FOL,D,76,INFLOW,20170209 0000,20170209 0000,99288, ,CFS
FOL,D,76,INFLOW,20170210 0000,20170210 0000,112641, ,CFS
FOL,D,76,INFLOW,20170211 0000,20170211 0000,56824, ,CFS
FOL,D,76,INFLOW,20170212 0000,20170212 0000,35697, ,CFS
FOL,D,76,INFLOW,20170213 0000,20170213 0000,26370, ,CFS
FOL,D,76,INFLOW,20170214 0000,20170214 0000,21125, ,CFS
FOL,D,76,INFLOW,20170215 0000,20170215 0000,18210, ,CFS
FOL,D,76,INFLOW,20170216 0000,20170216 0000,17444, ,CFS
FOL,D,76,INFLOW,20170217 0000,20170217 0000,18102, ,CFS
FOL,D,76,INFLOW,20170218 0000,20170218 0000,18560, ,CFS
FOL,D,76,INFLOW,20170219 0000,20170219 0000,17222, ,CFS
FOL,D,76,INFLOW,20170220 0000,20170220 0000,38368, ,CFS
FOL,D,76,INFLOW,20170221 0000,20170221 0000,74281, ,CFS
FOL,D,76,INFLOW,20170222 0000,20170222 0000,42442, ,CFS
FOL,D,76,INFLOW,20170223 0000,20170223 0000,29400, ,CFS
FOL,D,76,INFLOW,20170224 0000,20170224 0000,22874, ,CFS
FOL,D,76,INFLOW,20170225 0000,20170225 0000,19049, ,CFS
FOL,D,76,INFLOW,20170226 0000,20170226 0000,16538, ,CFS
FOL,D,76,INFLOW,20170227 0000,20170227 0000,15161, ,CFS
FOL,D,76,INFLOW,20170228 0000,20170228 0000,13236, ,CFS
FOL,D,76,INFLOW,20170301 0000,20170301 0000,12304, ,CFS
FOL,D,76,INFLOW,20170302 0000,20170302 0000,11243, ,CFS
FOL,D,76,INFLOW,20170303 0000,20170303 0000,10725, ,CFS
FOL,D,76,INFLOW,20170304 0000,20170304 0000,10306, ,CFS
FOL,D,76,INFLOW,20170305 0000,20170305 0000,11225, ,CFS
FOL,D,76,INFLOW,20170306 0000,20170306 0000,10270, ,CFS
FOL,D,76,INFLOW,20170307 0000,20170307 0000,7881, ,CFS
FOL,D,76,INFLOW,20170308 0000,20170308 0000,7496, ,CFS
FOL,D,76,INFLOW,20170309 0000,20170309 0000,7992, ,CFS
FOL,D,76,INFLOW,20170310 0000,20170310 0000,9627, ,CFS
FOL,D,76,INFLOW,20170311 0000,20170311 0000,9083, ,CFS
FOL,D,76,INFLOW,20170312 0000,20170312 0000,8842, ,CFS
FOL,D,76,INFLOW,20170313 0000,20170313 0000,9097, ,CFS
FOL,D,76,INFLOW,20170314 0000,20170314 0000,9432, ,CFS
FOL,D,76,INFLOW,20170315 0000,20170315 0000,9616, ,CFS
FOL,D,76,INFLOW,20170316 0000,20170316 0000,10441, ,CFS
FOL,D,76,INFLOW,20170317 0000,20170317 0000,10641, ,CFS
FOL,D,76,INFLOW,20170318 0000,20170318 0000,10896, ,CFS
FOL,D,76,INFLOW,20170319 0000,20170319 0000,11163, ,CFS
FOL,D,76,INFLOW,20170320 0000,20170320 0000,11065, ,CFS
FOL,D,76,INFLOW,20170321 0000,20170321 0000,16358, ,CFS
FOL,D,76,INFLOW,20170322 0000,20170322 0000,22533, ,CFS
FOL,D,76,INFLOW,20170323 0000,20170323 0000,16307, ,CFS
FOL,D,76,INFLOW,20170324 0000,20170324 0000,14206, ,CFS
FOL,D,76,INFLOW,20170325 0000,20170325 0000,13075, ,CFS
FOL,D,76,INFLOW,20170326 0000,20170326 0000,12470, ,CFS
FOL,D,76,INFLOW,20170327 0000,20170327 0000,12491, ,CFS
FOL,D,76,INFLOW,20170328 0000,20170328 0000,11252, ,CFS
FOL,D,76,INFLOW,20170329 0000,20170329 0000,9330, ,CFS
FOL,D,76,INFLOW,20170330 0000,20170330 0000,11563, ,CFS
FOL,D,76,INFLOW,20170331 0000,20170331 0000,12325, ,CFS
FOL,D,76,INFLOW,20170401 0000,20170401 0000,10236, ,CFS
FOL,D,76,INFLOW,20170402 0000,20170402 0000,10219, ,CFS
FOL,D,76,INFLOW,20170403 0000,20170403 0000,11077, ,CFS
FOL,D,76,INFLOW,20170404 0000,20170404 0000,10883, ,CFS
FOL,D,76,INFLOW,20170405 0000,20170405 0000,10255, ,CFS
FOL,D,76,INFLOW,20170406 0000,20170406 0000,10791, ,CFS
FOL,D,76,INFLOW,20170407 0000,20170407 0000,17231, ,CFS
FOL,D,76,INFLOW,20170408 0000,20170408 0000,23628, ,CFS
FOL,D,76,INFLOW,20170409 0000,20170409 0000,15632, ,CFS
FOL,D,76,INFLOW,20170410 0000,20170410 0000,13266, ,CFS
FOL,D,76,INFLOW,20170411 0000,20170411 0000,12332, ,CFS
FOL,D,76,INFLOW,20170412 0000,20170412 0000,10537, ,CFS
FOL,D,76,INFLOW,20170413 0000,20170413 0000,19391, ,CFS
FOL,D,76,INFLOW,20170414 0000,20170414 0000,17751, ,CFS
FOL,D,76,INFLOW,20170415 0000,20170415 0000,14795, ,CFS
FOL,D,76,INFLOW,20170416 0000,20170416 0000,13891, ,CFS
FOL,D,76,INFLOW,20170417 0000,20170417 0000,15068, ,CFS
FOL,D,76,INFLOW,20170418 0000,20170418 0000,22631, ,CFS
FOL,D,76,INFLOW,20170419 0000,20170419 0000,19746, ,CFS
FOL,D,76,INFLOW,20170420 0000,20170420 0000,16693, ,CFS
FOL,D,76,INFLOW,20170421 0000,20170421 0000,15042, ,CFS
FOL,D,76,INFLOW,20170422 0000,20170422 0000,14371, ,CFS
FOL,D,76,INFLOW,20170423 0000,20170423 0000,13357, ,CFS
FOL,D,76,INFLOW,20170424 0000,20170424 0000,13437, ,CFS
FOL,D,76,INFLOW,20170425 0000,20170425 0000,12656, ,CFS
FOL,D,76,INFLOW,20170426 0000,20170426 0000,13303, ,CFS
FOL,D,76,INFLOW,20170427 0000,20170427 0000,14836, ,CFS
FOL,D,76,INFLOW,20170428 0000,20170428 0000,14142, ,CFS
FOL,D,76,INFLOW,20170429 0000,20170429 0000,13223, ,CFS
FOL,D,76,INFLOW,20170430 0000,20170430 0000,12462, ,CFS
FOL,D,76,INFLOW,20170501 0000,20170501 0000,13184, ,CFS
FOL,D,76,INFLOW,20170502 0000,20170502 0000,12949, ,CFS
FOL,D,76,INFLOW,20170503 0000,20170503 0000,14148, ,CFS
FOL,D,76,INFLOW,20170504 0000,20170504 0000,16049, ,CFS
FOL,D,76,INFLOW,20170505 0000,20170505 0000,18385, ,CFS
FOL,D,76,INFLOW,20170506 0000,20170506 0000,19962, ,CFS
FOL,D,76,INFLOW,20170507 0000,20170507 0000,16563, ,CFS
FOL,D,76,INFLOW,20170508 0000,20170508 0000,15392, ,CFS
FOL,D,76,INFLOW,20170509 0000,20170509 0000,15127, ,CFS
FOL,D,76,INFLOW,20170510 0000,20170510 0000,13114, ,CFS
FOL,D,76,INFLOW,20170511 0000,20170511 0000,14053, ,CFS
FOL,D,76,INFLOW,20170512 0000,20170512 0000,15500, ,CFS
FOL,D,76,INFLOW,20170513 0000,20170513 0000,14766, ,CFS
FOL,D,76,INFLOW,20170514 0000,20170514 0000,13026, ,CFS
FOL,D,76,INFLOW,20170515 0000,20170515 0000,12648, ,CFS
FOL,D,76,INFLOW,20170516 0000,20170516 0000,11464, ,CFS
FOL,D,76,INFLOW,20170517 0000,20170517 0000,11293, ,CFS
FOL,D,76,INFLOW,20170518 0000,20170518 0000,10847, ,CFS
FOL,D,76,INFLOW,20170519 0000,20170519 0000,10215, ,CFS
FOL,D,76,INFLOW,20170520 0000,20170520 0000,10643, ,CFS
FOL,D,76,INFLOW,20170521 0000,20170521 0000,11556, ,CFS
FOL,D,76,INFLOW,20170522 0000,20170522 0000,12882, ,CFS
FOL,D,76,INFLOW,20170523 0000,20170523 0000,14049, ,CFS
FOL,D,76,INFLOW,20170524 0000,20170524 0000,14515, ,CFS
FOL,D,76,INFLOW,20170525 0000,20170525 0000,15372, ,CFS
FOL,D,76,INFLOW,20170526 0000,20170526 0000,15097, ,CFS
FOL,D,76,INFLOW,20170527 0000,20170527 0000,14007, ,CFS
FOL,D,76,INFLOW,20170528 0000,20170528 0000,14192, ,CFS
FOL,D,76,INFLOW,20170529 0000,20170529 0000,13825, ,CFS
FOL,D,76,INFLOW,20170530 0000,20170530 0000,13011, ,CFS
FOL,D,76,INFLOW,20170531 0000,20170531 0000,12760, ,CFS
FOL,D,76,INFLOW,20170601 0000,20170601 0000,11516, ,CFS
FOL,D,76,INFLOW,20170602 0000,20170602 0000,10772, ,CFS
FOL,D,76,INFLOW,20170603 0000,20170603 0000,10665, ,CFS
FOL,D,76,INFLOW,20170604 0000,20170604 0000,10825, ,CFS
FOL,D,76,INFLOW,20170605 0000,20170605 0000,11069, ,CFS
FOL,D,76,INFLOW,20170606 0000,20170606 0000,10650, ,CFS
FOL,D,76,INFLOW,20170607 0000,20170607 0000,9812, ,CFS
FOL,D,76,INFLOW,20170608 0000,20170608 0000,9603, ,CFS
FOL,D,76,INFLOW,20170609 0000,20170609 0000,10294, ,CFS
FOL,D,76,INFLOW,20170610 0000,20170610 0000,9031, ,CFS
FOL,D,76,INFLOW,20170611 0000,20170611 0000,7852, ,CFS
FOL,D,76,INFLOW,20170612 0000,20170612 0000,6221, ,CFS
FOL,D,76,INFLOW,20170613 0000,20170613 0000,6820, ,CFS
FOL,D,76,INFLOW,20170614 0000,20170614 0000,6741, ,CFS
FOL,D,76,INFLOW,20170615 0000,20170615 0000,5536, ,CFS
FOL,D,76,INFLOW,20170616 0000,20170616 0000,5853, ,CFS
FOL,D,76,INFLOW,20170617 0000,20170617 0000,6142, ,CFS
FOL,D,76,INFLOW,20170618 0000,20170618 0000,7012, ,CFS
FOL,D,76,INFLOW,20170619 0000,20170619 0000,2027, ,CFS
FOL,D,76,INFLOW,20170620 0000,20170620 0000,7792, ,CFS
FOL,D,76,INFLOW,20170621 0000,20170621 0000,7966, ,CFS
FOL,D,76,INFLOW,20170622 0000,20170622 0000,7705, ,CFS
FOL,D,76,INFLOW,20170623 0000,20170623 0000,7716, ,CFS
FOL,D,76,INFLOW,20170624 0000,20170624 0000,7774, ,CFS
FOL,D,76,INFLOW,20170625 0000,20170625 0000,7168, ,CFS
FOL,D,76,INFLOW,20170626 0000,20170626 0000,6494, ,CFS
FOL,D,76,INFLOW,20170627 0000,20170627 0000,5958, ,CFS
FOL,D,76,INFLOW,20170628 0000,20170628 0000,5085, ,CFS
FOL,D,76,INFLOW,20170629 0000,20170629 0000,5342, ,CFS
FOL,D,76,INFLOW,20170630 0000,20170630 0000,4574, ,CFS
FOL,D,76,INFLOW,20170701 0000,20170701 0000,4698, ,CFS
FOL,D,76,INFLOW,20170702 0000,20170702 0000,4647, ,CFS
FOL,D,76,INFLOW,20170703 0000,20170703 0000,4501, ,CFS
FOL,D,76,INFLOW,20170704 0000,20170704 0000,4578, ,CFS
FOL,D,76,INFLOW,20170705 0000,20170705 0000,4404, ,CFS
FOL,D,76,INFLOW,20170706 0000,20170706 0000,4163, ,CFS
FOL,D,76,INFLOW,20170707 0000,20170707 0000,3602, ,CFS
FOL,D,76,INFLOW,20170708 0000,20170708 0000,3737, ,CFS
FOL,D,76,INFLOW,20170709 0000,20170709 0000,3110, ,CFS
FOL,D,76,INFLOW,20170710 0000,20170710 0000,3110, ,CFS
FOL,D,76,INFLOW,20170711 0000,20170711 0000,2950, ,CFS
FOL,D,76,INFLOW,20170712 0000,20170712 0000,3028, ,CFS
FOL,D,76,INFLOW,20170713 0000,20170713 0000,2956, ,CFS
FOL,D,76,INFLOW,20170714 0000,20170714 0000,2281, ,CFS
FOL,D,76,INFLOW,20170715 0000,20170715 0000,3077, ,CFS
FOL,D,76,INFLOW,20170716 0000,20170716 0000,3113, ,CFS
FOL,D,76,INFLOW,20170717 0000,20170717 0000,2534, ,CFS
FOL,D,76,INFLOW,20170718 0000,20170718 0000,2321, ,CFS
FOL,D,76,INFLOW,20170719 0000,20170719 0000,2196, ,CFS
FOL,D,76,INFLOW,20170720 0000,20170720 0000,2360, ,CFS
FOL,D,76,INFLOW,20170721 0000,20170721 0000,2477, ,CFS
FOL,D,76,INFLOW,20170722 0000,20170722 0000,2780, ,CFS
FOL,D,76,INFLOW,20170723 0000,20170723 0000,3045, ,CFS
FOL,D,76,INFLOW,20170724 0000,20170724 0000,2582, ,CFS
FOL,D,76,INFLOW,20170725 0000,20170725 0000,2149, ,CFS
FOL,D,76,INFLOW,20170726 0000,20170726 0000,2178, ,CFS
FOL,D,76,INFLOW,20170727 0000,20170727 0000,2181, ,CFS
FOL,D,76,INFLOW,20170728 0000,20170728 0000,2320, ,CFS
FOL,D,76,INFLOW,20170729 0000,20170729 0000,2562, ,CFS
FOL,D,76,INFLOW,20170730 0000,20170730 0000,2269, ,CFS
FOL,D,76,INFLOW,20170731 0000,20170731 0000,2593, ,CFS
FOL,D,76,INFLOW,20170801 0000,20170801 0000,2354, ,CFS
FOL,D,76,INFLOW,20170802 0000,20170802 0000,3178, ,CFS
FOL,D,76,INFLOW,20170803 0000,20170803 0000,2910, ,CFS
FOL,D,76,INFLOW,20170804 0000,20170804 0000,2375, ,CFS
FOL,D,76,INFLOW,20170805 0000,20170805 0000,2066, ,CFS
FOL,D,76,INFLOW,20170806 0000,20170806 0000,2199, ,CFS
FOL,D,76,INFLOW,20170807 0000,20170807 0000,2089, ,CFS
FOL,D,76,INFLOW,20170808 0000,20170808 0000,2283, ,CFS
FOL,D,76,INFLOW,20170809 0000,20170809 0000,2268, ,CFS
FOL,D,76,INFLOW,20170810 0000,20170810 0000,2267, ,CFS
FOL,D,76,INFLOW,20170811 0000,20170811 0000,2350, ,CFS
FOL,D,76,INFLOW,20170812 0000,20170812 0000,2402, ,CFS
FOL,D,76,INFLOW,20170813 0000,20170813 0000,2062, ,CFS
FOL,D,76,INFLOW,20170814 0000,20170814 0000,1700, ,CFS
FOL,D,76,INFLOW,20170815 0000,20170815 0000,1683, ,CFS
FOL,D,76,INFLOW,20170816 0000,20170816 0000,1727, ,CFS
FOL,D,76,INFLOW,20170817 0000,20170817 0000,2178, ,CFS
FOL,D,76,INFLOW,20170818 0000,20170818 0000,2194, ,CFS
FOL,D,76,INFLOW,20170819 0000,20170819 0000,2443, ,CFS
FOL,D,76,INFLOW,20170820 0000,20170820 0000,2533, ,CFS
FOL,D,76,INFLOW,20170821 0000,20170821 0000,2158, ,CFS
FOL,D,76,INFLOW,20170822 0000,20170822 0000,2312, ,CFS
FOL,D,76,INFLOW,20170823 0000,20170823 0000,2818, ,CFS
FOL,D,76,INFLOW,20170824 0000,20170824 0000,2591, ,CFS
FOL,D,76,INFLOW,20170825 0000,20170825 0000,2282, ,CFS
FOL,D,76,INFLOW,20170826 0000,20170826 0000,2849, ,CFS
FOL,D,76,INFLOW,20170827 0000,20170827 0000,2764, ,CFS
FOL,D,76,INFLOW,20170828 0000,20170828 0000,2529, ,CFS
FOL,D,76,INFLOW,20170829 0000,20170829 0000,2419, ,CFS
FOL,D,76,INFLOW,20170830 0000,20170830 0000,2098, ,CFS
FOL,D,76,INFLOW,20170831 0000,20170831 0000,2026, ,CFS
FOL,D,76,INFLOW,20170901 0000,20170901 0000,2224, ,CFS
FOL,D,76,INFLOW,20170902 0000,20170902 0000,2410, ,CFS
FOL,D,76,INFLOW,20170903 0000,20170903 0000,2355, ,CFS
FOL,D,76,INFLOW,20170904 0000,20170904 0000,1970, ,CFS
FOL,D,76,INFLOW,20170905 0000,20170905 0000,1732, ,CFS
FOL,D,76,INFLOW,20170906 0000,20170906 0000,1654, ,CFS
FOL,D,76,INFLOW,20170907 0000,20170907 0000,2088, ,CFS
FOL,D,76,INFLOW,20170908 0000,20170908 0000,2275, ,CFS
FOL,D,76,INFLOW,20170909 0000,20170909 0000,2143, ,CFS
FOL,D,76,INFLOW,20170910 0000,20170910 0000,2145, ,CFS
FOL,D,76,INFLOW,20170911 0000,20170911 0000,2079, ,CFS
FOL,D,76,INFLOW,20170912 0000,20170912 0000,2240, ,CFS
FOL,D,76,INFLOW,20170913 0000,20170913 0000,2207, ,CFS
FOL,D,76,INFLOW,20170914 0000,20170914 0000,1928, ,CFS
FOL,D,76,INFLOW,20170915 0000,20170915 0000,1885, ,CFS
FOL,D,76,INFLOW,20170916 0000,20170916 0000,1958, ,CFS
FOL,D,76,INFLOW,20170917 0000,20170917 0000,1832, ,CFS
FOL,D,76,INFLOW,20170918 0000,20170918 0000,1608, ,CFS
FOL,D,76,INFLOW,20170919 0000,20170919 0000,1850, ,CFS
FOL,D,76,INFLOW,20170920 0000,20170920 0000,1792, ,CFS
FOL,D,76,INFLOW,20170921 0000,20170921 0000,1678, ,CFS
FOL,D,76,INFLOW,20170922 0000,20170922 0000,1635, ,CFS
FOL,D,76,INFLOW,20170923 0000,20170923 0000,1789, ,CFS
FOL,D,76,INFLOW,20170924 0000,20170924 0000,1677, ,CFS
FOL,D,76,INFLOW,20170925 0000,20170925 0000,1498, ,CFS
FOL,D,76,INFLOW,20170926 0000,20170926 0000,2133, ,CFS
FOL,D,76,INFLOW,20170927 0000,20170927 0000,2000, ,CFS
FOL,D,76,INFLOW,20170928 0000,20170928 0000,1814, ,CFS
FOL,D,76,INFLOW,20170929 0000,20170929 0000,2098, ,CFS
FOL,D,76,INFLOW,20170930 0000,20170930 0000,1599, ,CFS
FOL,D,76,INFLOW,20171001 0000,20171001 0000,1405, ,CFS
FOL,D,76,INFLOW,20171002 0000,20171002 0000,1234, ,CFS
FOL,D,76,INFLOW,20171003 0000,20171003 0000,839, ,CFS
FOL,D,76,INFLOW,20171004 0000,20171004 0000,802, ,CFS
FOL,D,76,INFLOW,20171005 0000,20171005 0000,588, ,CFS
FOL,D,76,INFLOW,20171006 0000,20171006 0000,1016, ,CFS
FOL,D,76,INFLOW,20171007 0000,20171007 0000,1052, ,CFS
FOL,D,76,INFLOW,20171008 0000,20171008 0000,1077, ,CFS
FOL,D,76,INFLOW,20171009 0000,20171009 0000,1058, ,CFS
FOL,D,76,INFLOW,20171010 0000,20171010 0000,987, ,CFS
FOL,D,76,INFLOW,20171011 0000,20171011 0000,827, ,CFS
FOL,D,76,INFLOW,20171012 0000,20171012 0000,866, ,CFS
FOL,D,76,INFLOW,20171013 0000,20171013 0000,1422, ,CFS
FOL,D,76,INFLOW,20171014 0000,20171014 0000,1396, ,CFS
FOL,D,76,INFLOW,20171015 0000,20171015 0000,1594, ,CFS
FOL,D,76,INFLOW,20171016 0000,20171016 0000,1425, ,CFS
FOL,D,76,INFLOW,20171017 0000,20171017 0000,1471, ,CFS
FOL,D,76,INFLOW,20171018 0000,20171018 0000,960, ,CFS
FOL,D,76,INFLOW,20171019 0000,20171019 0000,519, ,CFS
FOL,D,76,INFLOW,20171020 0000,20171020 0000,960, ,CFS
FOL,D,76,INFLOW,20171021 0000,20171021 0000,1225, ,CFS
FOL,D,76,INFLOW,20171022 0000,20171022 0000,1442, ,CFS
FOL,D,76,INFLOW,20171023 0000,20171023 0000,1256, ,CFS
FOL,D,76,INFLOW,20171024 0000,20171024 0000,810, ,CFS
FOL,D,76,INFLOW,20171025 0000,20171025 0000,869, ,CFS
FOL,D,76,INFLOW,20171026 0000,20171026 0000,792, ,CFS
FOL,D,76,INFLOW,20171027 0000,20171027 0000,838, ,CFS
FOL,D,76,INFLOW,20171028 0000,20171028 0000,915, ,CFS
FOL,D,76,INFLOW,20171029 0000,20171029 0000,940, ,CFS
FOL,D,76,INFLOW,20171030 0000,20171030 0000,766, ,CFS
FOL,D,76,INFLOW,20171031 0000,20171031 0000,574, ,CFS
FOL,D,76,INFLOW,20171101 0000,20171101 0000,569, ,CFS
FOL,D,76,INFLOW,20171102 0000,20171102 0000,645, ,CFS
FOL,D,76,INFLOW,20171103 0000,20171103 0000,631, ,CFS
FOL,D,76,INFLOW,20171104 0000,20171104 0000,1018, ,CFS
FOL,D,76,INFLOW,20171105 0000,20171105 0000,984, ,CFS
FOL,D,76,INFLOW,20171106 0000,20171106 0000,1076, ,CFS
FOL,D,76,INFLOW,20171107 0000,20171107 0000,728, ,CFS
FOL,D,76,INFLOW,20171108 0000,20171108 0000,711, ,CFS
FOL,D,76,INFLOW,20171109 0000,20171109 0000,1148, ,CFS
FOL,D,76,INFLOW,20171110 0000,20171110 0000,2012, ,CFS
FOL,D,76,INFLOW,20171111 0000,20171111 0000,2250, ,CFS
FOL,D,76,INFLOW,20171112 0000,20171112 0000,1791, ,CFS
FOL,D,76,INFLOW,20171113 0000,20171113 0000,1863, ,CFS
FOL,D,76,INFLOW,20171114 0000,20171114 0000,1783, ,CFS
FOL,D,76,INFLOW,20171115 0000,20171115 0000,1996, ,CFS
FOL,D,76,INFLOW,20171116 0000,20171116 0000,11635, ,CFS
FOL,D,76,INFLOW,20171117 0000,20171117 0000,12310, ,CFS
FOL,D,76,INFLOW,20171118 0000,20171118 0000,5196, ,CFS
FOL,D,76,INFLOW,20171119 0000,20171119 0000,3538, ,CFS
FOL,D,76,INFLOW,20171120 0000,20171120 0000,3168, ,CFS
FOL,D,76,INFLOW,20171121 0000,20171121 0000,3820, ,CFS
FOL,D,76,INFLOW,20171122 0000,20171122 0000,3830, ,CFS
FOL,D,76,INFLOW,20171123 0000,20171123 0000,3486, ,CFS
FOL,D,76,INFLOW,20171124 0000,20171124 0000,3381, ,CFS
FOL,D,76,INFLOW,20171125 0000,20171125 0000,2979, ,CFS
FOL,D,76,INFLOW,20171126 0000,20171126 0000,3696, ,CFS
FOL,D,76,INFLOW,20171127 0000,20171127 0000,7331, ,CFS
FOL,D,76,INFLOW,20171128 0000,20171128 0000,5657, ,CFS
FOL,D,76,INFLOW,20171129 0000,20171129 0000,4665, ,CFS
FOL,D,76,INFLOW,20171130 0000,20171130 0000,3827, ,CFS
FOL,D,76,INFLOW,20171201 0000,20171201 0000,3653, ,CFS
FOL,D,76,INFLOW,20171202 0000,20171202 0000,3509, ,CFS
FOL,D,76,INFLOW,20171203 0000,20171203 0000,3531, ,CFS
FOL,D,76,INFLOW,20171204 0000,20171204 0000,2884, ,CFS
FOL,D,76,INFLOW,20171205 0000,20171205 0000,3088, ,CFS
FOL,D,76,INFLOW,20171206 0000,20171206 0000,3049, ,CFS
FOL,D,76,INFLOW,20171207 0000,20171207 0000,3078, ,CFS
FOL,D,76,INFLOW,20171208 0000,20171208 0000,3183, ,CFS
FOL,D,76,INFLOW,20171209 0000,20171209 0000,2933, ,CFS
FOL,D,76,INFLOW,20171210 0000,20171210 0000,2787, ,CFS
FOL,D,76,INFLOW,20171211 0000,20171211 0000,2800, ,CFS
FOL,D,76,INFLOW,20171212 0000,20171212 0000,2967, ,CFS
FOL,D,76,INFLOW,20171213 0000,20171213 0000,2655, ,CFS
FOL,D,76,INFLOW,20171214 0000,20171214 0000,2691, ,CFS
FOL,D,76,INFLOW,20171215 0000,20171215 0000,2288, ,CFS
FOL,D,76,INFLOW,20171216 0000,20171216 0000,2339, ,CFS
FOL,D,76,INFLOW,20171217 0000,20171217 0000,2472, ,CFS
FOL,D,76,INFLOW,20171218 0000,20171218 0000,2503, ,CFS
FOL,D,76,INFLOW,20171219 0000,20171219 0000,2593, ,CFS
FOL,D,76,INFLOW,20171220 0000,20171220 0000,2575, ,CFS
FOL,D,76,INFLOW,20171221 0000,20171221 0000,2187, ,CFS
FOL,D,76,INFLOW,20171222 0000,20171222 0000,1856, ,CFS
FOL,D,76,INFLOW,20171223 0000,20171223 0000,2016, ,CFS
FOL,D,76,INFLOW,20171224 0000,20171224 0000,1854, ,CFS
FOL,D,76,INFLOW,20171225 0000,20171225 0000,1679, ,CFS
FOL,D,76,INFLOW,20171226 0000,20171226 0000,2115, ,CFS
FOL,D,76,INFLOW,20171227 0000,20171227 0000,1961, ,CFS
FOL,D,76,INFLOW,20171228 0000,20171228 0000,1705, ,CFS
FOL,D,76,INFLOW,20171229 0000,20171229 0000,1598, ,CFS
FOL,D,76,INFLOW,20171230 0000,20171230 0000,1668, ,CFS
FOL,D,76,INFLOW,20171231 0000,20171231 0000,1433, ,CFS
FOL,D,76,INFLOW,20180101 0000,20180101 0000,1450, ,CFS
FOL,D,76,INFLOW,20180102 0000,20180102 0000,1707, ,CFS
FOL,D,76,INFLOW,20180103 0000,20180103 0000,1712, ,CFS
FOL,D,76,INFLOW,20180104 0000,20180104 0000,2226, ,CFS
FOL,D,76,INFLOW,20180105 0000,20180105 0000,1587, ,CFS
FOL,D,76,INFLOW,20180106 0000,20180106 0000,2786, ,CFS
FOL,D,76,INFLOW,20180107 0000,20180107 0000,3093, ,CFS
FOL,D,76,INFLOW,20180108 0000,20180108 0000,3460, ,CFS
FOL,D,76,INFLOW,20180109 0000,20180109 0000,10769, ,CFS
FOL,D,76,INFLOW,20180110 0000,20180110 0000,7623, ,CFS
FOL,D,76,INFLOW,20180111 0000,20180111 0000,5346, ,CFS
FOL,D,76,INFLOW,20180112 0000,20180112 0000,3937, ,CFS
FOL,D,76,INFLOW,20180113 0000,20180113 0000,3616, ,CFS
FOL,D,76,INFLOW,20180114 0000,20180114 0000,3003, ,CFS
FOL,D,76,INFLOW,20180115 0000,20180115 0000,2607, ,CFS
FOL,D,76,INFLOW,20180116 0000,20180116 0000,2783, ,CFS
FOL,D,76,INFLOW,20180117 0000,20180117 0000,3352, ,CFS
FOL,D,76,INFLOW,20180118 0000,20180118 0000,2762, ,CFS
FOL,D,76,INFLOW,20180119 0000,20180119 0000,3737, ,CFS
FOL,D,76,INFLOW,20180120 0000,20180120 0000,2917, ,CFS
FOL,D,76,INFLOW,20180121 0000,20180121 0000,2766, ,CFS
FOL,D,76,INFLOW,20180122 0000,20180122 0000,2933, ,CFS
FOL,D,76,INFLOW,20180123 0000,20180123 0000,2993, ,CFS
FOL,D,76,INFLOW,20180124 0000,20180124 0000,2900, ,CFS
FOL,D,76,INFLOW,20180125 0000,20180125 0000,3882, ,CFS
FOL,D,76,INFLOW,20180126 0000,20180126 0000,3571, ,CFS
FOL,D,76,INFLOW,20180127 0000,20180127 0000,3088, ,CFS
FOL,D,76,INFLOW,20180128 0000,20180128 0000,2693, ,CFS
FOL,D,76,INFLOW,20180129 0000,20180129 0000,2638, ,CFS
FOL,D,76,INFLOW,20180130 0000,20180130 0000,3023, ,CFS
FOL,D,76,INFLOW,20180131 0000,20180131 0000,2817, ,CFS
FOL,D,76,INFLOW,20180201 0000,20180201 0000,2276, ,CFS
FOL,D,76,INFLOW,20180202 0000,20180202 0000,2598, ,CFS
FOL,D,76,INFLOW,20180203 0000,20180203 0000,2778, ,CFS
FOL,D,76,INFLOW,20180204 0000,20180204 0000,2611, ,CFS
FOL,D,76,INFLOW,20180205 0000,20180205 0000,2152, ,CFS
FOL,D,76,INFLOW,20180206 0000,20180206 0000,2172, ,CFS
FOL,D,76,INFLOW,20180207 0000,20180207 0000,2629, ,CFS
FOL,D,76,INFLOW,20180208 0000,20180208 0000,2307, ,CFS
FOL,D,76,INFLOW,20180209 0000,20180209 0000,2224, ,CFS
FOL,D,76,INFLOW,20180210 0000,20180210 0000,2113, ,CFS
FOL,D,76,INFLOW,20180211 0000,20180211 0000,2550, ,CFS
FOL,D,76,INFLOW,20180212 0000,20180212 0000,2262, ,CFS
FOL,D,76,INFLOW,20180213 0000,20180213 0000,1979, ,CFS
FOL,D,76,INFLOW,20180214 0000,20180214 0000,1663, ,CFS
FOL,D,76,INFLOW,20180215 0000,20180215 0000,1480, ,CFS
FOL,D,76,INFLOW,20180216 0000,20180216 0000,1663, ,CFS
FOL,D,76,INFLOW,20180217 0000,20180217 0000,1707, ,CFS
FOL,D,76,INFLOW,20180218 0000,20180218 0000,1587, ,CFS
FOL,D,76,INFLOW,20180219 0000,20180219 0000,1441, ,CFS
FOL,D,76,INFLOW,20180220 0000,20180220 0000,1761, ,CFS
FOL,D,76,INFLOW,20180221 0000,20180221 0000,1568, ,CFS
FOL,D,76,INFLOW,20180222 0000,20180222 0000,1288, ,CFS
FOL,D,76,INFLOW,20180223 0000,20180223 0000,1604, ,CFS
FOL,D,76,INFLOW,20180224 0000,20180224 0000,1492, ,CFS
FOL,D,76,INFLOW,20180225 0000,20180225 0000,1420, ,CFS
FOL,D,76,INFLOW,20180226 0000,20180226 0000,1468, ,CFS
FOL,D,76,INFLOW,20180227 0000,20180227 0000,1428, ,CFS
FOL,D,76,INFLOW,20180228 0000,20180228 0000,1380, ,CFS
FOL,D,76,INFLOW,20180301 0000,20180301 0000,2482, ,CFS
FOL,D,76,INFLOW,20180302 0000,20180302 0000,2884, ,CFS
FOL,D,76,INFLOW,20180303 0000,20180303 0000,3033, ,CFS
FOL,D,76,INFLOW,20180304 0000,20180304 0000,2781, ,CFS
FOL,D,76,INFLOW,20180305 0000,20180305 0000,2171, ,CFS
FOL,D,76,INFLOW,20180306 0000,20180306 0000,2058, ,CFS
FOL,D,76,INFLOW,20180307 0000,20180307 0000,2053, ,CFS
FOL,D,76,INFLOW,20180308 0000,20180308 0000,2193, ,CFS
FOL,D,76,INFLOW,20180309 0000,20180309 0000,2015, ,CFS
FOL,D,76,INFLOW,20180310 0000,20180310 0000,2240, ,CFS
FOL,D,76,INFLOW,20180311 0000,20180311 0000,2455, ,CFS
FOL,D,76,INFLOW,20180312 0000,20180312 0000,2414, ,CFS
FOL,D,76,INFLOW,20180313 0000,20180313 0000,5736, ,CFS
FOL,D,76,INFLOW,20180314 0000,20180314 0000,14536, ,CFS
FOL,D,76,INFLOW,20180315 0000,20180315 0000,9873, ,CFS
FOL,D,76,INFLOW,20180316 0000,20180316 0000,14498, ,CFS
FOL,D,76,INFLOW,20180317 0000,20180317 0000,9830, ,CFS
FOL,D,76,INFLOW,20180318 0000,20180318 0000,6575, ,CFS
FOL,D,76,INFLOW,20180319 0000,20180319 0000,5176, ,CFS
FOL,D,76,INFLOW,20180320 0000,20180320 0000,6220, ,CFS
FOL,D,76,INFLOW,20180321 0000,20180321 0000,12527, ,CFS
FOL,D,76,INFLOW,20180322 0000,20180322 0000,52161, ,CFS
FOL,D,76,INFLOW,20180323 0000,20180323 0000,33191, ,CFS
FOL,D,76,INFLOW,20180324 0000,20180324 0000,17719, ,CFS
FOL,D,76,INFLOW,20180325 0000,20180325 0000,12418, ,CFS
FOL,D,76,INFLOW,20180326 0000,20180326 0000,9931, ,CFS
FOL,D,76,INFLOW,20180327 0000,20180327 0000,7875, ,CFS
FOL,D,76,INFLOW,20180328 0000,20180328 0000,7401, ,CFS
FOL,D,76,INFLOW,20180329 0000,20180329 0000,8206, ,CFS
FOL,D,76,INFLOW,20180330 0000,20180330 0000,7916, ,CFS
FOL,D,76,INFLOW,20180331 0000,20180331 0000,8091, ,CFS
FOL,D,76,INFLOW,20180401 0000,20180401 0000,8152, ,CFS
FOL,D,76,INFLOW,20180402 0000,20180402 0000,7759, ,CFS
FOL,D,76,INFLOW,20180403 0000,20180403 0000,7857, ,CFS
FOL,D,76,INFLOW,20180404 0000,20180404 0000,8150, ,CFS
FOL,D,76,INFLOW,20180405 0000,20180405 0000,9142, ,CFS
FOL,D,76,INFLOW,20180406 0000,20180406 0000,12326, ,CFS
FOL,D,76,INFLOW,20180407 0000,20180407 0000,33706, ,CFS
FOL,D,76,INFLOW,20180408 0000,20180408 0000,21218, ,CFS
FOL,D,76,INFLOW,20180409 0000,20180409 0000,13806, ,CFS
FOL,D,76,INFLOW,20180410 0000,20180410 0000,12485, ,CFS
FOL,D,76,INFLOW,20180411 0000,20180411 0000,12327, ,CFS
FOL,D,76,INFLOW,20180412 0000,20180412 0000,10993, ,CFS
FOL,D,76,INFLOW,20180413 0000,20180413 0000,9486, ,CFS
FOL,D,76,INFLOW,20180414 0000,20180414 0000,8899, ,CFS
FOL,D,76,INFLOW,20180415 0000,20180415 0000,7798, ,CFS
FOL,D,76,INFLOW,20180416 0000,20180416 0000,8281, ,CFS
FOL,D,76,INFLOW,20180417 0000,20180417 0000,7921, ,CFS
FOL,D,76,INFLOW,20180418 0000,20180418 0000,6689, ,CFS
FOL,D,76,INFLOW,20180419 0000,20180419 0000,5710, ,CFS
FOL,D,76,INFLOW,20180420 0000,20180420 0000,6202, ,CFS
FOL,D,76,INFLOW,20180421 0000,20180421 0000,6062, ,CFS
FOL,D,76,INFLOW,20180422 0000,20180422 0000,6412, ,CFS
FOL,D,76,INFLOW,20180423 0000,20180423 0000,6813, ,CFS
FOL,D,76,INFLOW,20180424 0000,20180424 0000,7376, ,CFS
FOL,D,76,INFLOW,20180425 0000,20180425 0000,6402, ,CFS
FOL,D,76,INFLOW,20180426 0000,20180426 0000,6516, ,CFS
FOL,D,76,INFLOW,20180427 0000,20180427 0000,6350, ,CFS
FOL,D,76,INFLOW,20180428 0000,20180428 0000,6515, ,CFS
FOL,D,76,INFLOW,20180429 0000,20180429 0000,5791, ,CFS
FOL,D,76,INFLOW,20180430 0000,20180430 0000,5648, ,CFS
FOL,D,76,INFLOW,20180501 0000,20180501 0000,5813, ,CFS
FOL,D,76,INFLOW,20180502 0000,20180502 0000,5266, ,CFS
FOL,D,76,INFLOW,20180503 0000,20180503 0000,4412, ,CFS
FOL,D,76,INFLOW,20180504 0000,20180504 0000,4412, ,CFS
FOL,D,76,INFLOW,20180505 0000,20180505 0000,4514, ,CFS
FOL,D,76,INFLOW,20180506 0000,20180506 0000,4116, ,CFS
FOL,D,76,INFLOW,20180507 0000,20180507 0000,4249, ,CFS
FOL,D,76,INFLOW,20180508 0000,20180508 0000,4550, ,CFS
FOL,D,76,INFLOW,20180509 0000,20180509 0000,4782, ,CFS
FOL,D,76,INFLOW,20180510 0000,20180510 0000,4672, ,CFS
FOL,D,76,INFLOW,20180511 0000,20180511 0000,4411, ,CFS
FOL,D,76,INFLOW,20180512 0000,20180512 0000,4106, ,CFS
FOL,D,76,INFLOW,20180513 0000,20180513 0000,3881, ,CFS
FOL,D,76,INFLOW,20180514 0000,20180514 0000,3979, ,CFS
FOL,D,76,INFLOW,20180515 0000,20180515 0000,4217, ,CFS
FOL,D,76,INFLOW,20180516 0000,20180516 0000,4446, ,CFS
FOL,D,76,INFLOW,20180517 0000,20180517 0000,4149, ,CFS
FOL,D,76,INFLOW,20180518 0000,20180518 0000,4183, ,CFS
FOL,D,76,INFLOW,20180519 0000,20180519 0000,4073, ,CFS
FOL,D,76,INFLOW,20180520 0000,20180520 0000,3992, ,CFS
FOL,D,76,INFLOW,20180521 0000,20180521 0000,4124, ,CFS
FOL,D,76,INFLOW,20180522 0000,20180522 0000,3922, ,CFS
FOL,D,76,INFLOW,20180523 0000,20180523 0000,3540, ,CFS
FOL,D,76,INFLOW,20180524 0000,20180524 0000,3435, ,CFS
FOL,D,76,INFLOW,20180525 0000,20180525 0000,4178, ,CFS
FOL,D,76,INFLOW,20180526 0000,20180526 0000,3985, ,CFS
FOL,D,76,INFLOW,20180527 0000,20180527 0000,3359, ,CFS
FOL,D,76,INFLOW,20180528 0000,20180528 0000,3507, ,CFS
FOL,D,76,INFLOW,20180529 0000,20180529 0000,4887, ,CFS
FOL,D,76,INFLOW,20180530 0000,20180530 0000,3670, ,CFS
FOL,D,76,INFLOW,20180531 0000,20180531 0000,3057, ,CFS
FOL,D,76,INFLOW,20180601 0000,20180601 0000,3025, ,CFS
FOL,D,76,INFLOW,20180602 0000,20180602 0000,3760, ,CFS
FOL,D,76,INFLOW,20180603 0000,20180603 0000,3755, ,CFS
FOL,D,76,INFLOW,20180604 0000,20180604 0000,3040, ,CFS
FOL,D,76,INFLOW,20180605 0000,20180605 0000,2622, ,CFS
FOL,D,76,INFLOW,20180606 0000,20180606 0000,2412, ,CFS
FOL,D,76,INFLOW,20180607 0000,20180607 0000,2402, ,CFS
FOL,D,76,INFLOW,20180608 0000,20180608 0000,1858, ,CFS
FOL,D,76,INFLOW,20180609 0000,20180609 0000,2137, ,CFS
FOL,D,76,INFLOW,20180610 0000,20180610 0000,1835, ,CFS
FOL,D,76,INFLOW,20180611 0000,20180611 0000,1683, ,CFS
FOL,D,76,INFLOW,20180612 0000,20180612 0000,2253, ,CFS
FOL,D,76,INFLOW,20180613 0000,20180613 0000,2928, ,CFS
FOL,D,76,INFLOW,20180614 0000,20180614 0000,2434, ,CFS
FOL,D,76,INFLOW,20180615 0000,20180615 0000,2115, ,CFS
FOL,D,76,INFLOW,20180616 0000,20180616 0000,1820, ,CFS
FOL,D,76,INFLOW,20180617 0000,20180617 0000,1793, ,CFS
FOL,D,76,INFLOW,20180618 0000,20180618 0000,1532, ,CFS
FOL,D,76,INFLOW,20180619 0000,20180619 0000,1555, ,CFS
FOL,D,76,INFLOW,20180620 0000,20180620 0000,1433, ,CFS
FOL,D,76,INFLOW,20180621 0000,20180621 0000,1756, ,CFS
FOL,D,76,INFLOW,20180622 0000,20180622 0000,1601, ,CFS
FOL,D,76,INFLOW,20180623 0000,20180623 0000,2139, ,CFS
FOL,D,76,INFLOW,20180624 0000,20180624 0000,1881, ,CFS
FOL,D,76,INFLOW,20180625 0000,20180625 0000,1285, ,CFS
FOL,D,76,INFLOW,20180626 0000,20180626 0000,1718, ,CFS
FOL,D,76,INFLOW,20180627 0000,20180627 0000,1490, ,CFS
FOL,D,76,INFLOW,20180628 0000,20180628 0000,1700, ,CFS
FOL,D,76,INFLOW,20180629 0000,20180629 0000,1506, ,CFS
FOL,D,76,INFLOW,20180630 0000,20180630 0000,1892, ,CFS
FOL,D,76,INFLOW,20180701 0000,20180701 0000,2388, ,CFS
FOL,D,76,INFLOW,20180702 0000,20180702 0000,1715, ,CFS
FOL,D,76,INFLOW,20180703 0000,20180703 0000,1252, ,CFS
FOL,D,76,INFLOW,20180704 0000,20180704 0000,1107, ,CFS
FOL,D,76,INFLOW,20180705 0000,20180705 0000,1444, ,CFS
FOL,D,76,INFLOW,20180706 0000,20180706 0000,1928, ,CFS
FOL,D,76,INFLOW,20180707 0000,20180707 0000,2451, ,CFS
FOL,D,76,INFLOW,20180708 0000,20180708 0000,2315, ,CFS
FOL,D,76,INFLOW,20180709 0000,20180709 0000,2386, ,CFS
FOL,D,76,INFLOW,20180710 0000,20180710 0000,2188, ,CFS
FOL,D,76,INFLOW,20180711 0000,20180711 0000,1840, ,CFS
FOL,D,76,INFLOW,20180712 0000,20180712 0000,2180, ,CFS
FOL,D,76,INFLOW,20180713 0000,20180713 0000,2245, ,CFS
FOL,D,76,INFLOW,20180714 0000,20180714 0000,2204, ,CFS
FOL,D,76,INFLOW,20180715 0000,20180715 0000,2072, ,CFS
FOL,D,76,INFLOW,20180716 0000,20180716 0000,1723, ,CFS
FOL,D,76,INFLOW,20180717 0000,20180717 0000,1754, ,CFS
FOL,D,76,INFLOW,20180718 0000,20180718 0000,1424, ,CFS
FOL,D,76,INFLOW,20180719 0000,20180719 0000,1660, ,CFS
FOL,D,76,INFLOW,20180720 0000,20180720 0000,1594, ,CFS
FOL,D,76,INFLOW,20180721 0000,20180721 0000,1872, ,CFS
FOL,D,76,INFLOW,20180722 0000,20180722 0000,1820, ,CFS
FOL,D,76,INFLOW,20180723 0000,20180723 0000,1773, ,CFS
FOL,D,76,INFLOW,20180724 0000,20180724 0000,2053, ,CFS
FOL,D,76,INFLOW,20180725 0000,20180725 0000,2064, ,CFS
FOL,D,76,INFLOW,20180726 0000,20180726 0000,2136, ,CFS
FOL,D,76,INFLOW,20180727 0000,20180727 0000,1904, ,CFS
FOL,D,76,INFLOW,20180728 0000,20180728 0000,1900, ,CFS
FOL,D,76,INFLOW,20180729 0000,20180729 0000,1752, ,CFS
FOL,D,76,INFLOW,20180730 0000,20180730 0000,1964, ,CFS
FOL,D,76,INFLOW,20180731 0000,20180731 0000,1754, ,CFS
FOL,D,76,INFLOW,20180801 0000,20180801 0000,1684, ,CFS
FOL,D,76,INFLOW,20180802 0000,20180802 0000,1772, ,CFS
FOL,D,76,INFLOW,20180803 0000,20180803 0000,1793, ,CFS
FOL,D,76,INFLOW,20180804 0000,20180804 0000,1666, ,CFS
FOL,D,76,INFLOW,20180805 0000,20180805 0000,1685, ,CFS
FOL,D,76,INFLOW,20180806 0000,20180806 0000,1577, ,CFS
FOL,D,76,INFLOW,20180807 0000,20180807 0000,1891, ,CFS
FOL,D,76,INFLOW,20180808 0000,20180808 0000,1582, ,CFS
FOL,D,76,INFLOW,20180809 0000,20180809 0000,1611, ,CFS
FOL,D,76,INFLOW,20180810 0000,20180810 0000,2083, ,CFS
FOL,D,76,INFLOW,20180811 0000,20180811 0000,1994, ,CFS
FOL,D,76,INFLOW,20180812 0000,20180812 0000,1750, ,CFS
FOL,D,76,INFLOW,20180813 0000,20180813 0000,1835, ,CFS
FOL,D,76,INFLOW,20180814 0000,20180814 0000,1559, ,CFS
FOL,D,76,INFLOW,20180815 0000,20180815 0000,1403, ,CFS
FOL,D,76,INFLOW,20180816 0000,20180816 0000,1378, ,CFS
FOL,D,76,INFLOW,20180817 0000,20180817 0000,1428, ,CFS
FOL,D,76,INFLOW,20180818 0000,20180818 0000,1675, ,CFS
FOL,D,76,INFLOW,20180819 0000,20180819 0000,1675, ,CFS
FOL,D,76,INFLOW,20180820 0000,20180820 0000,1472, ,CFS
FOL,D,76,INFLOW,20180821 0000,20180821 0000,1309, ,CFS
FOL,D,76,INFLOW,20180822 0000,20180822 0000,1119, ,CFS
FOL,D,76,INFLOW,20180823 0000,20180823 0000,1459, ,CFS
FOL,D,76,INFLOW,20180824 0000,20180824 0000,1453, ,CFS
FOL,D,76,INFLOW,20180825 0000,20180825 0000,2108, ,CFS
FOL,D,76,INFLOW,20180826 0000,20180826 0000,2336, ,CFS
FOL,D,76,INFLOW,20180827 0000,20180827 0000,1807, ,CFS
FOL,D,76,INFLOW,20180828 0000,20180828 0000,1951, ,CFS
FOL,D,76,INFLOW,20180829 0000,20180829 0000,1787, ,CFS
FOL,D,76,INFLOW,20180830 0000,20180830 0000,2058, ,CFS
FOL,D,76,INFLOW,20180831 0000,20180831 0000,2091, ,CFS
FOL,D,76,INFLOW,20180901 0000,20180901 0000,1840, ,CFS
FOL,D,76,INFLOW,20180902 0000,20180902 0000,2111, ,CFS
FOL,D,76,INFLOW,20180903 0000,20180903 0000,1896, ,CFS
FOL,D,76,INFLOW,20180904 0000,20180904 0000,1851, ,CFS
FOL,D,76,INFLOW,20180905 0000,20180905 0000,1554, ,CFS
FOL,D,76,INFLOW,20180906 0000,20180906 0000,1105, ,CFS
FOL,D,76,INFLOW,20180907 0000,20180907 0000,1359, ,CFS
FOL,D,76,INFLOW,20180908 0000,20180908 0000,1285, ,CFS
FOL,D,76,INFLOW,20180909 0000,20180909 0000,1612, ,CFS
FOL,D,76,INFLOW,20180910 0000,20180910 0000,1626, ,CFS
FOL,D,76,INFLOW,20180911 0000,20180911 0000,1426, ,CFS
FOL,D,76,INFLOW,20180912 0000,20180912 0000,1613, ,CFS
FOL,D,76,INFLOW,20180913 0000,20180913 0000,1399, ,CFS
FOL,D,76,INFLOW,20180914 0000,20180914 0000,1634, ,CFS
FOL,D,76,INFLOW,20180915 0000,20180915 0000,1849, ,CFS
FOL,D,76,INFLOW,20180916 0000,20180916 0000,1683, ,CFS
FOL,D,76,INFLOW,20180917 0000,20180917 0000,1698, ,CFS
FOL,D,76,INFLOW,20180918 0000,20180918 0000,1547, ,CFS
FOL,D,76,INFLOW,20180919 0000,20180919 0000,1628, ,CFS
FOL,D,76,INFLOW,20180920 0000,20180920 0000,1354, ,CFS
FOL,D,76,INFLOW,20180921 0000,20180921 0000,1467, ,CFS
FOL,D,76,INFLOW,20180922 0000,20180922 0000,1634, ,CFS
FOL,D,76,INFLOW,20180923 0000,20180923 0000,1496, ,CFS
FOL,D,76,INFLOW,20180924 0000,20180924 0000,1427, ,CFS
FOL,D,76,INFLOW,20180925 0000,20180925 0000,1307, ,CFS
FOL,D,76,INFLOW,20180926 0000,20180926 0000,1011, ,CFS
FOL,D,76,INFLOW,20180927 0000,20180927 0000,1096, ,CFS
FOL,D,76,INFLOW,20180928 0000,20180928 0000,1215, ,CFS
FOL,D,76,INFLOW,20180929 0000,20180929 0000,1220, ,CFS
FOL,D,76,INFLOW,20180930 0000,20180930 0000,1311, ,CFS
FOL,D,76,INFLOW,20181001 0000,20181001 0000,1299, ,CFS
FOL,D,76,INFLOW,20181002 0000,20181002 0000,973, ,CFS
FOL,D,76,INFLOW,20181003 0000,20181003 0000,1516, ,CFS
FOL,D,76,INFLOW,20181004 0000,20181004 0000,774, ,CFS
FOL,D,76,INFLOW,20181005 0000,20181005 0000,999, ,CFS
FOL,D,76,INFLOW,20181006 0000,20181006 0000,1035, ,CFS
FOL,D,76,INFLOW,20181007 0000,20181007 0000,1028, ,CFS
FOL,D,76,INFLOW,20181008 0000,20181008 0000,888, ,CFS
FOL,D,76,INFLOW,20181009 0000,20181009 0000,705, ,CFS
FOL,D,76,INFLOW,20181010 0000,20181010 0000,658, ,CFS
FOL,D,76,INFLOW,20181011 0000,20181011 0000,671, ,CFS
FOL,D,76,INFLOW,20181012 0000,20181012 0000,937, ,CFS
FOL,D,76,INFLOW,20181013 0000,20181013 0000,922, ,CFS
FOL,D,76,INFLOW,20181014 0000,20181014 0000,982, ,CFS
FOL,D,76,INFLOW,20181015 0000,20181015 0000,841, ,CFS
FOL,D,76,INFLOW,20181016 0000,20181016 0000,552, ,CFS
FOL,D,76,INFLOW,20181017 0000,20181017 0000,504, ,CFS
FOL,D,76,INFLOW,20181018 0000,20181018 0000,492, ,CFS
FOL,D,76,INFLOW,20181019 0000,20181019 0000,750, ,CFS
FOL,D,76,INFLOW,20181020 0000,20181020 0000,819, ,CFS
FOL,D,76,INFLOW,20181021 0000,20181021 0000,768, ,CFS
FOL,D,76,INFLOW,20181022 0000,20181022 0000,746, ,CFS
FOL,D,76,INFLOW,20181023 0000,20181023 0000,544, ,CFS
FOL,D,76,INFLOW,20181024 0000,20181024 0000,469, ,CFS
FOL,D,76,INFLOW,20181025 0000,20181025 0000,583, ,CFS
FOL,D,76,INFLOW,20181026 0000,20181026 0000,783, ,CFS
FOL,D,76,INFLOW,20181027 0000,20181027 0000,779, ,CFS
FOL,D,76,INFLOW,20181028 0000,20181028 0000,850, ,CFS
FOL,D,76,INFLOW,20181029 0000,20181029 0000,770, ,CFS
FOL,D,76,INFLOW,20181030 0000,20181030 0000,587, ,CFS
FOL,D,76,INFLOW,20181031 0000,20181031 0000,508, ,CFS
FOL,D,76,INFLOW,20181101 0000,20181101 0000,520, ,CFS
FOL,D,76,INFLOW,20181102 0000,20181102 0000,684, ,CFS
FOL,D,76,INFLOW,20181103 0000,20181103 0000,924, ,CFS
FOL,D,76,INFLOW,20181104 0000,20181104 0000,661, ,CFS
FOL,D,76,INFLOW,20181105 0000,20181105 0000,460, ,CFS
FOL,D,76,INFLOW,20181106 0000,20181106 0000,398, ,CFS
FOL,D,76,INFLOW,20181107 0000,20181107 0000,364, ,CFS
FOL,D,76,INFLOW,20181108 0000,20181108 0000,624, ,CFS
FOL,D,76,INFLOW,20181109 0000,20181109 0000,463, ,CFS
FOL,D,76,INFLOW,20181110 0000,20181110 0000,646, ,CFS
FOL,D,76,INFLOW,20181111 0000,20181111 0000,774, ,CFS
FOL,D,76,INFLOW,20181112 0000,20181112 0000,472, ,CFS
FOL,D,76,INFLOW,20181113 0000,20181113 0000,625, ,CFS
FOL,D,76,INFLOW,20181114 0000,20181114 0000,900, ,CFS
FOL,D,76,INFLOW,20181115 0000,20181115 0000,884, ,CFS
FOL,D,76,INFLOW,20181116 0000,20181116 0000,747, ,CFS
FOL,D,76,INFLOW,20181117 0000,20181117 0000,1052, ,CFS
FOL,D,76,INFLOW,20181118 0000,20181118 0000,1029, ,CFS
FOL,D,76,INFLOW,20181119 0000,20181119 0000,424, ,CFS
FOL,D,76,INFLOW,20181120 0000,20181120 0000,975, ,CFS
FOL,D,76,INFLOW,20181121 0000,20181121 0000,918, ,CFS
FOL,D,76,INFLOW,20181122 0000,20181122 0000,1171, ,CFS
FOL,D,76,INFLOW,20181123 0000,20181123 0000,1191, ,CFS
FOL,D,76,INFLOW,20181124 0000,20181124 0000,1959, ,CFS
FOL,D,76,INFLOW,20181125 0000,20181125 0000,1465, ,CFS
FOL,D,76,INFLOW,20181126 0000,20181126 0000,747, ,CFS
FOL,D,76,INFLOW,20181127 0000,20181127 0000,952, ,CFS
FOL,D,76,INFLOW,20181128 0000,20181128 0000,893, ,CFS
FOL,D,76,INFLOW,20181129 0000,20181129 0000,2242, ,CFS
FOL,D,76,INFLOW,20181130 0000,20181130 0000,2648, ,CFS
FOL,D,76,INFLOW,20181201 0000,20181201 0000,2175, ,CFS
FOL,D,76,INFLOW,20181202 0000,20181202 0000,2092, ,CFS
FOL,D,76,INFLOW,20181203 0000,20181203 0000,2060, ,CFS
FOL,D,76,INFLOW,20181204 0000,20181204 0000,1876, ,CFS
FOL,D,76,INFLOW,20181205 0000,20181205 0000,1675, ,CFS
FOL,D,76,INFLOW,20181206 0000,20181206 0000,1500, ,CFS
FOL,D,76,INFLOW,20181207 0000,20181207 0000,1709, ,CFS
FOL,D,76,INFLOW,20181208 0000,20181208 0000,1665, ,CFS
FOL,D,76,INFLOW,20181209 0000,20181209 0000,1412, ,CFS
FOL,D,76,INFLOW,20181210 0000,20181210 0000,1728, ,CFS
FOL,D,76,INFLOW,20181211 0000,20181211 0000,1782, ,CFS
FOL,D,76,INFLOW,20181212 0000,20181212 0000,1481, ,CFS
FOL,D,76,INFLOW,20181213 0000,20181213 0000,1353, ,CFS
FOL,D,76,INFLOW,20181214 0000,20181214 0000,1546, ,CFS
FOL,D,76,INFLOW,20181215 0000,20181215 0000,1362, ,CFS
FOL,D,76,INFLOW,20181216 0000,20181216 0000,1673, ,CFS
FOL,D,76,INFLOW,20181217 0000,20181217 0000,1687, ,CFS
FOL,D,76,INFLOW,20181218 0000,20181218 0000,1587, ,CFS
FOL,D,76,INFLOW,20181219 0000,20181219 0000,1194, ,CFS
FOL,D,76,INFLOW,20181220 0000,20181220 0000,1321, ,CFS
FOL,D,76,INFLOW,20181221 0000,20181221 0000,1294, ,CFS
FOL,D,76,INFLOW,20181222 0000,20181222 0000,1323, ,CFS
FOL,D,76,INFLOW,20181223 0000,20181223 0000,1390, ,CFS
FOL,D,76,INFLOW,20181224 0000,20181224 0000,1321, ,CFS
FOL,D,76,INFLOW,20181225 0000,20181225 0000,3359, ,CFS
FOL,D,76,INFLOW,20181226 0000,20181226 0000,2111, ,CFS
FOL,D,76,INFLOW,20181227 0000,20181227 0000,2068, ,CFS
FOL,D,76,INFLOW,20181228 0000,20181228 0000,1653, ,CFS
FOL,D,76,INFLOW,20181229 0000,20181229 0000,1598, ,CFS
FOL,D,76,INFLOW,20181230 0000,20181230 0000,1518, ,CFS
FOL,D,76,INFLOW,20181231 0000,20181231 0000,1197, ,CFS
FOL,D,76,INFLOW,20190101 0000,20190101 0000,1121, ,CFS
FOL,D,76,INFLOW,20190102 0000,20190102 0000,1723, ,CFS
FOL,D,76,INFLOW,20190103 0000,20190103 0000,1317, ,CFS
FOL,D,76,INFLOW,20190104 0000,20190104 0000,1803, ,CFS
FOL,D,76,INFLOW,20190105 0000,20190105 0000,1843, ,CFS
FOL,D,76,INFLOW,20190106 0000,20190106 0000,2370, ,CFS
FOL,D,76,INFLOW,20190107 0000,20190107 0000,4224, ,CFS
FOL,D,76,INFLOW,20190108 0000,20190108 0000,3569, ,CFS
FOL,D,76,INFLOW,20190109 0000,20190109 0000,3020, ,CFS
FOL,D,76,INFLOW,20190110 0000,20190110 0000,5003, ,CFS
FOL,D,76,INFLOW,20190111 0000,20190111 0000,3817, ,CFS
FOL,D,76,INFLOW,20190112 0000,20190112 0000,2976, ,CFS
FOL,D,76,INFLOW,20190113 0000,20190113 0000,2593, ,CFS
FOL,D,76,INFLOW,20190114 0000,20190114 0000,2452, ,CFS
FOL,D,76,INFLOW,20190115 0000,20190115 0000,3575, ,CFS
FOL,D,76,INFLOW,20190116 0000,20190116 0000,8750, ,CFS
FOL,D,76,INFLOW,20190117 0000,20190117 0000,23732, ,CFS
FOL,D,76,INFLOW,20190118 0000,20190118 0000,11127, ,CFS
FOL,D,76,INFLOW,20190119 0000,20190119 0000,6931, ,CFS
FOL,D,76,INFLOW,20190120 0000,20190120 0000,8355, ,CFS
FOL,D,76,INFLOW,20190121 0000,20190121 0000,14293, ,CFS
FOL,D,76,INFLOW,20190122 0000,20190122 0000,8510, ,CFS
FOL,D,76,INFLOW,20190123 0000,20190123 0000,6268, ,CFS
FOL,D,76,INFLOW,20190124 0000,20190124 0000,5388, ,CFS
FOL,D,76,INFLOW,20190125 0000,20190125 0000,4771, ,CFS
FOL,D,76,INFLOW,20190126 0000,20190126 0000,4018, ,CFS
FOL,D,76,INFLOW,20190127 0000,20190127 0000,3943, ,CFS
FOL,D,76,INFLOW,20190128 0000,20190128 0000,4353, ,CFS
FOL,D,76,INFLOW,20190129 0000,20190129 0000,3599, ,CFS
FOL,D,76,INFLOW,20190130 0000,20190130 0000,4129, ,CFS
FOL,D,76,INFLOW,20190131 0000,20190131 0000,3844, ,CFS
FOL,D,76,INFLOW,20190201 0000,20190201 0000,3745, ,CFS
FOL,D,76,INFLOW,20190202 0000,20190202 0000,5530, ,CFS
FOL,D,76,INFLOW,20190203 0000,20190203 0000,9315, ,CFS
FOL,D,76,INFLOW,20190204 0000,20190204 0000,15536, ,CFS
FOL,D,76,INFLOW,20190205 0000,20190205 0000,11073, ,CFS
FOL,D,76,INFLOW,20190206 0000,20190206 0000,7631, ,CFS
FOL,D,76,INFLOW,20190207 0000,20190207 0000,6802, ,CFS
FOL,D,76,INFLOW,20190208 0000,20190208 0000,6828, ,CFS
FOL,D,76,INFLOW,20190209 0000,20190209 0000,6671, ,CFS
FOL,D,76,INFLOW,20190210 0000,20190210 0000,10146, ,CFS
FOL,D,76,INFLOW,20190211 0000,20190211 0000,6743, ,CFS
FOL,D,76,INFLOW,20190212 0000,20190212 0000,5674, ,CFS
FOL,D,76,INFLOW,20190213 0000,20190213 0000,11376, ,CFS
FOL,D,76,INFLOW,20190214 0000,20190214 0000,37454, ,CFS
FOL,D,76,INFLOW,20190215 0000,20190215 0000,30615, ,CFS
FOL,D,76,INFLOW,20190216 0000,20190216 0000,17814, ,CFS
FOL,D,76,INFLOW,20190217 0000,20190217 0000,13552, ,CFS
FOL,D,76,INFLOW,20190218 0000,20190218 0000,10439, ,CFS
FOL,D,76,INFLOW,20190219 0000,20190219 0000,9301, ,CFS
FOL,D,76,INFLOW,20190220 0000,20190220 0000,8458, ,CFS
FOL,D,76,INFLOW,20190221 0000,20190221 0000,8013, ,CFS
FOL,D,76,INFLOW,20190222 0000,20190222 0000,7395, ,CFS
FOL,D,76,INFLOW,20190223 0000,20190223 0000,6938, ,CFS
FOL,D,76,INFLOW,20190224 0000,20190224 0000,6632, ,CFS
FOL,D,76,INFLOW,20190225 0000,20190225 0000,7609, ,CFS
FOL,D,76,INFLOW,20190226 0000,20190226 0000,14706, ,CFS
FOL,D,76,INFLOW,20190227 0000,20190227 0000,19333, ,CFS
FOL,D,76,INFLOW,20190228 0000,20190228 0000,18678, ,CFS
FOL,D,76,INFLOW,20190301 0000,20190301 0000,14374, ,CFS
FOL,D,76,INFLOW,20190302 0000,20190302 0000,12415, ,CFS
FOL,D,76,INFLOW,20190303 0000,20190303 0000,18226, ,CFS
FOL,D,76,INFLOW,20190304 0000,20190304 0000,20410, ,CFS
FOL,D,76,INFLOW,20190305 0000,20190305 0000,15493, ,CFS
FOL,D,76,INFLOW,20190306 0000,20190306 0000,18533, ,CFS
FOL,D,76,INFLOW,20190307 0000,20190307 0000,26110, ,CFS
FOL,D,76,INFLOW,20190308 0000,20190308 0000,20150, ,CFS
FOL,D,76,INFLOW,20190309 0000,20190309 0000,14960, ,CFS
FOL,D,76,INFLOW,20190310 0000,20190310 0000,12605, ,CFS
FOL,D,76,INFLOW,20190311 0000,20190311 0000,9726, ,CFS
FOL,D,76,INFLOW,20190312 0000,20190312 0000,8854, ,CFS
FOL,D,76,INFLOW,20190313 0000,20190313 0000,7955, ,CFS
FOL,D,76,INFLOW,20190314 0000,20190314 0000,7426, ,CFS
FOL,D,76,INFLOW,20190315 0000,20190315 0000,7234, ,CFS
FOL,D,76,INFLOW,20190316 0000,20190316 0000,7176, ,CFS
FOL,D,76,INFLOW,20190317 0000,20190317 0000,7308, ,CFS
FOL,D,76,INFLOW,20190318 0000,20190318 0000,7575, ,CFS
FOL,D,76,INFLOW,20190319 0000,20190319 0000,7747, ,CFS
FOL,D,76,INFLOW,20190320 0000,20190320 0000,8183, ,CFS
FOL,D,76,INFLOW,20190321 0000,20190321 0000,8044, ,CFS
FOL,D,76,INFLOW,20190322 0000,20190322 0000,7872, ,CFS
FOL,D,76,INFLOW,20190323 0000,20190323 0000,10811, ,CFS
FOL,D,76,INFLOW,20190324 0000,20190324 0000,9571, ,CFS
FOL,D,76,INFLOW,20190325 0000,20190325 0000,8007, ,CFS
FOL,D,76,INFLOW,20190326 0000,20190326 0000,7535, ,CFS
FOL,D,76,INFLOW,20190327 0000,20190327 0000,7443, ,CFS
FOL,D,76,INFLOW,20190328 0000,20190328 0000,10432, ,CFS
FOL,D,76,INFLOW,20190329 0000,20190329 0000,10383, ,CFS
FOL,D,76,INFLOW,20190330 0000,20190330 0000,9108, ,CFS
FOL,D,76,INFLOW,20190331 0000,20190331 0000,9399, ,CFS
FOL,D,76,INFLOW,20190401 0000,20190401 0000,8462, ,CFS
FOL,D,76,INFLOW,20190402 0000,20190402 0000,11329, ,CFS
FOL,D,76,INFLOW,20190403 0000,20190403 0000,13482, ,CFS
FOL,D,76,INFLOW,20190404 0000,20190404 0000,12394, ,CFS
FOL,D,76,INFLOW,20190405 0000,20190405 0000,12096, ,CFS
FOL,D,76,INFLOW,20190406 0000,20190406 0000,10450, ,CFS
FOL,D,76,INFLOW,20190407 0000,20190407 0000,10334, ,CFS
FOL,D,76,INFLOW,20190408 0000,20190408 0000,11746, ,CFS
FOL,D,76,INFLOW,20190409 0000,20190409 0000,15247, ,CFS
FOL,D,76,INFLOW,20190410 0000,20190410 0000,13022, ,CFS
FOL,D,76,INFLOW,20190411 0000,20190411 0000,11488, ,CFS
FOL,D,76,INFLOW,20190412 0000,20190412 0000,10031, ,CFS
FOL,D,76,INFLOW,20190413 0000,20190413 0000,9109, ,CFS
FOL,D,76,INFLOW,20190414 0000,20190414 0000,9055, ,CFS
FOL,D,76,INFLOW,20190415 0000,20190415 0000,10154, ,CFS
FOL,D,76,INFLOW,20190416 0000,20190416 0000,10130, ,CFS
FOL,D,76,INFLOW,20190417 0000,20190417 0000,8916, ,CFS
FOL,D,76,INFLOW,20190418 0000,20190418 0000,9974, ,CFS
FOL,D,76,INFLOW,20190419 0000,20190419 0000,10312, ,CFS
FOL,D,76,INFLOW,20190420 0000,20190420 0000,10674, ,CFS
FOL,D,76,INFLOW,20190421 0000,20190421 0000,9348, ,CFS
FOL,D,76,INFLOW,20190422 0000,20190422 0000,9902, ,CFS
FOL,D,76,INFLOW,20190423 0000,20190423 0000,9874, ,CFS
FOL,D,76,INFLOW,20190424 0000,20190424 0000,10744, ,CFS
FOL,D,76,INFLOW,20190425 0000,20190425 0000,11928, ,CFS
FOL,D,76,INFLOW,20190426 0000,20190426 0000,12214, ,CFS
FOL,D,76,INFLOW,20190427 0000,20190427 0000,10258, ,CFS
FOL,D,76,INFLOW,20190428 0000,20190428 0000,10172, ,CFS
FOL,D,76,INFLOW,20190429 0000,20190429 0000,10084, ,CFS
FOL,D,76,INFLOW,20190430 0000,20190430 0000,9520, ,CFS
FOL,D,76,INFLOW,20190501 0000,20190501 0000,8668, ,CFS
FOL,D,76,INFLOW,20190502 0000,20190502 0000,8241, ,CFS
FOL,D,76,INFLOW,20190503 0000,20190503 0000,8438, ,CFS
FOL,D,76,INFLOW,20190504 0000,20190504 0000,8201, ,CFS
FOL,D,76,INFLOW,20190505 0000,20190505 0000,8053, ,CFS
FOL,D,76,INFLOW,20190506 0000,20190506 0000,8920, ,CFS
FOL,D,76,INFLOW,20190507 0000,20190507 0000,9027, ,CFS
FOL,D,76,INFLOW,20190508 0000,20190508 0000,9727, ,CFS
FOL,D,76,INFLOW,20190509 0000,20190509 0000,10776, ,CFS
FOL,D,76,INFLOW,20190510 0000,20190510 0000,10373, ,CFS
FOL,D,76,INFLOW,20190511 0000,20190511 0000,9876, ,CFS
FOL,D,76,INFLOW,20190512 0000,20190512 0000,9726, ,CFS
FOL,D,76,INFLOW,20190513 0000,20190513 0000,10028, ,CFS
FOL,D,76,INFLOW,20190514 0000,20190514 0000,10056, ,CFS
FOL,D,76,INFLOW,20190515 0000,20190515 0000,10238, ,CFS
FOL,D,76,INFLOW,20190516 0000,20190516 0000,12782, ,CFS
FOL,D,76,INFLOW,20190517 0000,20190517 0000,11654, ,CFS
FOL,D,76,INFLOW,20190518 0000,20190518 0000,10286, ,CFS
FOL,D,76,INFLOW,20190519 0000,20190519 0000,11269, ,CFS
FOL,D,76,INFLOW,20190520 0000,20190520 0000,8359, ,CFS
FOL,D,76,INFLOW,20190521 0000,20190521 0000,8425, ,CFS
FOL,D,76,INFLOW,20190522 0000,20190522 0000,10643, ,CFS
FOL,D,76,INFLOW,20190523 0000,20190523 0000,9641, ,CFS
FOL,D,76,INFLOW,20190524 0000,20190524 0000,8676, ,CFS
FOL,D,76,INFLOW,20190525 0000,20190525 0000,7749, ,CFS
FOL,D,76,INFLOW,20190526 0000,20190526 0000,8801, ,CFS
FOL,D,76,INFLOW,20190527 0000,20190527 0000,9471, ,CFS
FOL,D,76,INFLOW,20190528 0000,20190528 0000,8337, ,CFS
FOL,D,76,INFLOW,20190529 0000,20190529 0000,7943, ,CFS
FOL,D,76,INFLOW,20190530 0000,20190530 0000,8653, ,CFS
FOL,D,76,INFLOW,20190531 0000,20190531 0000,8975, ,CFS
FOL,D,76,INFLOW,20190601 0000,20190601 0000,10521, ,CFS
FOL,D,76,INFLOW,20190602 0000,20190602 0000,11633, ,CFS
FOL,D,76,INFLOW,20190603 0000,20190603 0000,12431, ,CFS
FOL,D,76,INFLOW,20190604 0000,20190604 0000,12897, ,CFS
FOL,D,76,INFLOW,20190605 0000,20190605 0000,13197, ,CFS
FOL,D,76,INFLOW,20190606 0000,20190606 0000,13943, ,CFS
FOL,D,76,INFLOW,20190607 0000,20190607 0000,13523, ,CFS
FOL,D,76,INFLOW,20190608 0000,20190608 0000,11446, ,CFS
FOL,D,76,INFLOW,20190609 0000,20190609 0000,10665, ,CFS
FOL,D,76,INFLOW,20190610 0000,20190610 0000,9630, ,CFS
FOL,D,76,INFLOW,20190611 0000,20190611 0000,9273, ,CFS
FOL,D,76,INFLOW,20190612 0000,20190612 0000,9664, ,CFS
FOL,D,76,INFLOW,20190613 0000,20190613 0000,9462, ,CFS
FOL,D,76,INFLOW,20190614 0000,20190614 0000,9376, ,CFS
FOL,D,76,INFLOW,20190615 0000,20190615 0000,9155, ,CFS
FOL,D,76,INFLOW,20190616 0000,20190616 0000,8876, ,CFS
FOL,D,76,INFLOW,20190617 0000,20190617 0000,8633, ,CFS
FOL,D,76,INFLOW,20190618 0000,20190618 0000,8023, ,CFS
FOL,D,76,INFLOW,20190619 0000,20190619 0000,7714, ,CFS
FOL,D,76,INFLOW,20190620 0000,20190620 0000,7467, ,CFS
FOL,D,76,INFLOW,20190621 0000,20190621 0000,6873, ,CFS
FOL,D,76,INFLOW,20190622 0000,20190622 0000,6855, ,CFS
FOL,D,76,INFLOW,20190623 0000,20190623 0000,6297, ,CFS
FOL,D,76,INFLOW,20190624 0000,20190624 0000,4873, ,CFS
FOL,D,76,INFLOW,20190625 0000,20190625 0000,4958, ,CFS
FOL,D,76,INFLOW,20190626 0000,20190626 0000,3582, ,CFS
FOL,D,76,INFLOW,20190627 0000,20190627 0000,3905, ,CFS
FOL,D,76,INFLOW,20190628 0000,20190628 0000,4265, ,CFS
FOL,D,76,INFLOW,20190629 0000,20190629 0000,4145, ,CFS
FOL,D,76,INFLOW,20190630 0000,20190630 0000,4064, ,CFS
FOL,D,76,INFLOW,20190701 0000,20190701 0000,3642, ,CFS
FOL,D,76,INFLOW,20190702 0000,20190702 0000,3102, ,CFS
FOL,D,76,INFLOW,20190703 0000,20190703 0000,4015, ,CFS
FOL,D,76,INFLOW,20190704 0000,20190704 0000,3498, ,CFS
FOL,D,76,INFLOW,20190705 0000,20190705 0000,3159, ,CFS
FOL,D,76,INFLOW,20190706 0000,20190706 0000,3526, ,CFS
FOL,D,76,INFLOW,20190707 0000,20190707 0000,3331, ,CFS
FOL,D,76,INFLOW,20190708 0000,20190708 0000,3524, ,CFS
FOL,D,76,INFLOW,20190709 0000,20190709 0000,3242, ,CFS
FOL,D,76,INFLOW,20190710 0000,20190710 0000,3197, ,CFS
FOL,D,76,INFLOW,20190711 0000,20190711 0000,3021, ,CFS
FOL,D,76,INFLOW,20190712 0000,20190712 0000,3103, ,CFS
FOL,D,76,INFLOW,20190713 0000,20190713 0000,3309, ,CFS
FOL,D,76,INFLOW,20190714 0000,20190714 0000,2802, ,CFS
FOL,D,76,INFLOW,20190715 0000,20190715 0000,2748, ,CFS
FOL,D,76,INFLOW,20190716 0000,20190716 0000,2879, ,CFS
FOL,D,76,INFLOW,20190717 0000,20190717 0000,3118, ,CFS
FOL,D,76,INFLOW,20190718 0000,20190718 0000,3358, ,CFS
FOL,D,76,INFLOW,20190719 0000,20190719 0000,2956, ,CFS
FOL,D,76,INFLOW,20190720 0000,20190720 0000,2669, ,CFS
FOL,D,76,INFLOW,20190721 0000,20190721 0000,2897, ,CFS
FOL,D,76,INFLOW,20190722 0000,20190722 0000,3599, ,CFS
FOL,D,76,INFLOW,20190723 0000,20190723 0000,2838, ,CFS
FOL,D,76,INFLOW,20190724 0000,20190724 0000,2457, ,CFS
FOL,D,76,INFLOW,20190725 0000,20190725 0000,2567, ,CFS
FOL,D,76,INFLOW,20190726 0000,20190726 0000,3004, ,CFS
FOL,D,76,INFLOW,20190727 0000,20190727 0000,2994, ,CFS
FOL,D,76,INFLOW,20190728 0000,20190728 0000,2908, ,CFS
FOL,D,76,INFLOW,20190729 0000,20190729 0000,2528, ,CFS
FOL,D,76,INFLOW,20190730 0000,20190730 0000,2542, ,CFS
FOL,D,76,INFLOW,20190731 0000,20190731 0000,2375, ,CFS
FOL,D,76,INFLOW,20190801 0000,20190801 0000,2588, ,CFS
FOL,D,76,INFLOW,20190802 0000,20190802 0000,2784, ,CFS
FOL,D,76,INFLOW,20190803 0000,20190803 0000,3347, ,CFS
FOL,D,76,INFLOW,20190804 0000,20190804 0000,2954, ,CFS
FOL,D,76,INFLOW,20190805 0000,20190805 0000,2739, ,CFS
FOL,D,76,INFLOW,20190806 0000,20190806 0000,2263, ,CFS
FOL,D,76,INFLOW,20190807 0000,20190807 0000,2409, ,CFS
FOL,D,76,INFLOW,20190808 0000,20190808 0000,2173, ,CFS
FOL,D,76,INFLOW,20190809 0000,20190809 0000,1917, ,CFS
FOL,D,76,INFLOW,20190810 0000,20190810 0000,2233, ,CFS
FOL,D,76,INFLOW,20190811 0000,20190811 0000,2356, ,CFS
FOL,D,76,INFLOW,20190812 0000,20190812 0000,2179, ,CFS
FOL,D,76,INFLOW,20190813 0000,20190813 0000,2684, ,CFS
FOL,D,76,INFLOW,20190814 0000,20190814 0000,2518, ,CFS
FOL,D,76,INFLOW,20190815 0000,20190815 0000,2974, ,CFS
FOL,D,76,INFLOW,20190816 0000,20190816 0000,2181, ,CFS
FOL,D,76,INFLOW,20190817 0000,20190817 0000,2377, ,CFS
FOL,D,76,INFLOW,20190818 0000,20190818 0000,2038, ,CFS
FOL,D,76,INFLOW,20190819 0000,20190819 0000,2218, ,CFS
FOL,D,76,INFLOW,20190820 0000,20190820 0000,2214, ,CFS
FOL,D,76,INFLOW,20190821 0000,20190821 0000,2279, ,CFS
FOL,D,76,INFLOW,20190822 0000,20190822 0000,2667, ,CFS
FOL,D,76,INFLOW,20190823 0000,20190823 0000,2994, ,CFS
FOL,D,76,INFLOW,20190824 0000,20190824 0000,3028, ,CFS
FOL,D,76,INFLOW,20190825 0000,20190825 0000,2576, ,CFS
FOL,D,76,INFLOW,20190826 0000,20190826 0000,2473, ,CFS
FOL,D,76,INFLOW,20190827 0000,20190827 0000,2349, ,CFS
FOL,D,76,INFLOW,20190828 0000,20190828 0000,2422, ,CFS
FOL,D,76,INFLOW,20190829 0000,20190829 0000,2330, ,CFS
FOL,D,76,INFLOW,20190830 0000,20190830 0000,2462, ,CFS
FOL,D,76,INFLOW,20190831 0000,20190831 0000,2910, ,CFS
FOL,D,76,INFLOW,20190901 0000,20190901 0000,2936, ,CFS
FOL,D,76,INFLOW,20190902 0000,20190902 0000,2865, ,CFS
FOL,D,76,INFLOW,20190903 0000,20190903 0000,2252, ,CFS
FOL,D,76,INFLOW,20190904 0000,20190904 0000,2269, ,CFS
FOL,D,76,INFLOW,20190905 0000,20190905 0000,2141, ,CFS
FOL,D,76,INFLOW,20190906 0000,20190906 0000,1851, ,CFS
FOL,D,76,INFLOW,20190907 0000,20190907 0000,1946, ,CFS
FOL,D,76,INFLOW,20190908 0000,20190908 0000,2002, ,CFS
FOL,D,76,INFLOW,20190909 0000,20190909 0000,1568, ,CFS
FOL,D,76,INFLOW,20190910 0000,20190910 0000,2090, ,CFS
FOL,D,76,INFLOW,20190911 0000,20190911 0000,1577, ,CFS
FOL,D,76,INFLOW,20190912 0000,20190912 0000,2353, ,CFS
FOL,D,76,INFLOW,20190913 0000,20190913 0000,2087, ,CFS
FOL,D,76,INFLOW,20190914 0000,20190914 0000,2227, ,CFS
FOL,D,76,INFLOW,20190915 0000,20190915 0000,2309, ,CFS
FOL,D,76,INFLOW,20190916 0000,20190916 0000,2202, ,CFS
FOL,D,76,INFLOW,20190917 0000,20190917 0000,1940, ,CFS
FOL,D,76,INFLOW,20190918 0000,20190918 0000,2209, ,CFS
FOL,D,76,INFLOW,20190919 0000,20190919 0000,2456, ,CFS
FOL,D,76,INFLOW,20190920 0000,20190920 0000,2246, ,CFS
FOL,D,76,INFLOW,20190921 0000,20190921 0000,2416, ,CFS
FOL,D,76,INFLOW,20190922 0000,20190922 0000,2291, ,CFS
FOL,D,76,INFLOW,20190923 0000,20190923 0000,2123, ,CFS
FOL,D,76,INFLOW,20190924 0000,20190924 0000,2148, ,CFS
FOL,D,76,INFLOW,20190925 0000,20190925 0000,2211, ,CFS
FOL,D,76,INFLOW,20190926 0000,20190926 0000,2796, ,CFS
FOL,D,76,INFLOW,20190927 0000,20190927 0000,2067, ,CFS
FOL,D,76,INFLOW,20190928 0000,20190928 0000,1393, ,CFS
FOL,D,76,INFLOW,20190929 0000,20190929 0000,1878, ,CFS
FOL,D,76,INFLOW,20190930 0000,20190930 0000,1744, ,CFS
FOL,D,76,INFLOW,20191001 0000,20191001 0000,1516, ,CFS
FOL,D,76,INFLOW,20191002 0000,20191002 0000,1266, ,CFS
FOL,D,76,INFLOW,20191003 0000,20191003 0000,931, ,CFS
FOL,D,76,INFLOW,20191004 0000,20191004 0000,1375, ,CFS
FOL,D,76,INFLOW,20191005 0000,20191005 0000,1191, ,CFS
FOL,D,76,INFLOW,20191006 0000,20191006 0000,1092, ,CFS
FOL,D,76,INFLOW,20191007 0000,20191007 0000,1200, ,CFS
FOL,D,76,INFLOW,20191008 0000,20191008 0000,1032, ,CFS
FOL,D,76,INFLOW,20191009 0000,20191009 0000,1111, ,CFS
FOL,D,76,INFLOW,20191010 0000,20191010 0000,750, ,CFS
FOL,D,76,INFLOW,20191011 0000,20191011 0000,1007, ,CFS
FOL,D,76,INFLOW,20191012 0000,20191012 0000,1238, ,CFS
FOL,D,76,INFLOW,20191013 0000,20191013 0000,1222, ,CFS
FOL,D,76,INFLOW,20191014 0000,20191014 0000,1397, ,CFS
FOL,D,76,INFLOW,20191015 0000,20191015 0000,1070, ,CFS
FOL,D,76,INFLOW,20191016 0000,20191016 0000,1163, ,CFS
FOL,D,76,INFLOW,20191017 0000,20191017 0000,934, ,CFS
FOL,D,76,INFLOW,20191018 0000,20191018 0000,1216, ,CFS
FOL,D,76,INFLOW,20191019 0000,20191019 0000,1073, ,CFS
FOL,D,76,INFLOW,20191020 0000,20191020 0000,1014, ,CFS
FOL,D,76,INFLOW,20191021 0000,20191021 0000,994, ,CFS
FOL,D,76,INFLOW,20191022 0000,20191022 0000,852, ,CFS
FOL,D,76,INFLOW,20191023 0000,20191023 0000,775, ,CFS
FOL,D,76,INFLOW,20191024 0000,20191024 0000,488, ,CFS
FOL,D,76,INFLOW,20191025 0000,20191025 0000,870, ,CFS
FOL,D,76,INFLOW,20191026 0000,20191026 0000,953, ,CFS
FOL,D,76,INFLOW,20191027 0000,20191027 0000,1684, ,CFS
FOL,D,76,INFLOW,20191028 0000,20191028 0000,1218, ,CFS
FOL,D,76,INFLOW,20191029 0000,20191029 0000,1398, ,CFS
FOL,D,76,INFLOW,20191030 0000,20191030 0000,2079, ,CFS
FOL,D,76,INFLOW,20191031 0000,20191031 0000,849, ,CFS
FOL,D,76,INFLOW,20191101 0000,20191101 0000,835, ,CFS
FOL,D,76,INFLOW,20191102 0000,20191102 0000,1306, ,CFS
FOL,D,76,INFLOW,20191103 0000,20191103 0000,1163, ,CFS
FOL,D,76,INFLOW,20191104 0000,20191104 0000,1431, ,CFS
FOL,D,76,INFLOW,20191105 0000,20191105 0000,942, ,CFS
FOL,D,76,INFLOW,20191106 0000,20191106 0000,1300, ,CFS
FOL,D,76,INFLOW,20191107 0000,20191107 0000,1011, ,CFS
FOL,D,76,INFLOW,20191108 0000,20191108 0000,989, ,CFS
FOL,D,76,INFLOW,20191109 0000,20191109 0000,1478, ,CFS
FOL,D,76,INFLOW,20191110 0000,20191110 0000,1239, ,CFS
FOL,D,76,INFLOW,20191111 0000,20191111 0000,895, ,CFS
FOL,D,76,INFLOW,20191112 0000,20191112 0000,968, ,CFS
FOL,D,76,INFLOW,20191113 0000,20191113 0000,950, ,CFS
FOL,D,76,INFLOW,20191114 0000,20191114 0000,928, ,CFS
FOL,D,76,INFLOW,20191115 0000,20191115 0000,979, ,CFS
FOL,D,76,INFLOW,20191116 0000,20191116 0000,1429, ,CFS
FOL,D,76,INFLOW,20191117 0000,20191117 0000,1140, ,CFS
FOL,D,76,INFLOW,20191118 0000,20191118 0000,888, ,CFS
FOL,D,76,INFLOW,20191119 0000,20191119 0000,1098, ,CFS
FOL,D,76,INFLOW,20191120 0000,20191120 0000,891, ,CFS
FOL,D,76,INFLOW,20191121 0000,20191121 0000,976, ,CFS
FOL,D,76,INFLOW,20191122 0000,20191122 0000,1588, ,CFS
FOL,D,76,INFLOW,20191123 0000,20191123 0000,1440, ,CFS
FOL,D,76,INFLOW,20191124 0000,20191124 0000,1231, ,CFS
FOL,D,76,INFLOW,20191125 0000,20191125 0000,1081, ,CFS
FOL,D,76,INFLOW,20191126 0000,20191126 0000,1155, ,CFS
FOL,D,76,INFLOW,20191127 0000,20191127 0000,1431, ,CFS
FOL,D,76,INFLOW,20191128 0000,20191128 0000,1350, ,CFS
FOL,D,76,INFLOW,20191129 0000,20191129 0000,1114, ,CFS
FOL,D,76,INFLOW,20191130 0000,20191130 0000,1421, ,CFS
FOL,D,76,INFLOW,20191201 0000,20191201 0000,2262, ,CFS
FOL,D,76,INFLOW,20191202 0000,20191202 0000,3496, ,CFS
FOL,D,76,INFLOW,20191203 0000,20191203 0000,2918, ,CFS
FOL,D,76,INFLOW,20191204 0000,20191204 0000,1883, ,CFS
FOL,D,76,INFLOW,20191205 0000,20191205 0000,2042, ,CFS
FOL,D,76,INFLOW,20191206 0000,20191206 0000,1879, ,CFS
FOL,D,76,INFLOW,20191207 0000,20191207 0000,2729, ,CFS
FOL,D,76,INFLOW,20191208 0000,20191208 0000,7000, ,CFS
FOL,D,76,INFLOW,20191209 0000,20191209 0000,4101, ,CFS
FOL,D,76,INFLOW,20191210 0000,20191210 0000,2953, ,CFS
FOL,D,76,INFLOW,20191211 0000,20191211 0000,2413, ,CFS
FOL,D,76,INFLOW,20191212 0000,20191212 0000,2726, ,CFS
FOL,D,76,INFLOW,20191213 0000,20191213 0000,3560, ,CFS
FOL,D,76,INFLOW,20191214 0000,20191214 0000,6257, ,CFS
FOL,D,76,INFLOW,20191215 0000,20191215 0000,4417, ,CFS
FOL,D,76,INFLOW,20191216 0000,20191216 0000,3011, ,CFS
FOL,D,76,INFLOW,20191217 0000,20191217 0000,2744, ,CFS
FOL,D,76,INFLOW,20191218 0000,20191218 0000,2141, ,CFS
FOL,D,76,INFLOW,20191219 0000,20191219 0000,2201, ,CFS
FOL,D,76,INFLOW,20191220 0000,20191220 0000,2040, ,CFS
FOL,D,76,INFLOW,20191221 0000,20191221 0000,2372, ,CFS
FOL,D,76,INFLOW,20191222 0000,20191222 0000,2451, ,CFS
FOL,D,76,INFLOW,20191223 0000,20191223 0000,2046, ,CFS
FOL,D,76,INFLOW,20191224 0000,20191224 0000,2160, ,CFS
FOL,D,76,INFLOW,20191225 0000,20191225 0000,2108, ,CFS
FOL,D,76,INFLOW,20191226 0000,20191226 0000,1924, ,CFS
FOL,D,76,INFLOW,20191227 0000,20191227 0000,1936, ,CFS
FOL,D,76,INFLOW,20191228 0000,20191228 0000,2233, ,CFS
FOL,D,76,INFLOW,20191229 0000,20191229 0000,1990, ,CFS
FOL,D,76,INFLOW,20191230 0000,20191230 0000,1662, ,CFS
FOL,D,76,INFLOW,20191231 0000,20191231 0000,1497, ,CFS
FOL,D,76,INFLOW,20200101 0000,20200101 0000,1371, ,CFS
FOL,D,76,INFLOW,20200102 0000,20200102 0000,1356, ,CFS
FOL,D,76,INFLOW,20200103 0000,20200103 0000,1456, ,CFS
FOL,D,76,INFLOW,20200104 0000,20200104 0000,1759, ,CFS
FOL,D,76,INFLOW,20200105 0000,20200105 0000,1620, ,CFS
FOL,D,76,INFLOW,20200106 0000,20200106 0000,1216, ,CFS
FOL,D,76,INFLOW,20200107 0000,20200107 0000,1209, ,CFS
FOL,D,76,INFLOW,20200108 0000,20200108 0000,1581, ,CFS
FOL,D,76,INFLOW,20200109 0000,20200109 0000,1584, ,CFS
FOL,D,76,INFLOW,20200110 0000,20200110 0000,1640, ,CFS
FOL,D,76,INFLOW,20200111 0000,20200111 0000,1605, ,CFS
FOL,D,76,INFLOW,20200112 0000,20200112 0000,1492, ,CFS
FOL,D,76,INFLOW,20200113 0000,20200113 0000,1314, ,CFS
FOL,D,76,INFLOW,20200114 0000,20200114 0000,1371, ,CFS
FOL,D,76,INFLOW,20200115 0000,20200115 0000,1536, ,CFS
FOL,D,76,INFLOW,20200116 0000,20200116 0000,1635, ,CFS
FOL,D,76,INFLOW,20200117 0000,20200117 0000,1521, ,CFS
FOL,D,76,INFLOW,20200118 0000,20200118 0000,1696, ,CFS
FOL,D,76,INFLOW,20200119 0000,20200119 0000,1565, ,CFS
FOL,D,76,INFLOW,20200120 0000,20200120 0000,1283, ,CFS
FOL,D,76,INFLOW,20200121 0000,20200121 0000,1179, ,CFS
FOL,D,76,INFLOW,20200122 0000,20200122 0000,1410, ,CFS
FOL,D,76,INFLOW,20200123 0000,20200123 0000,1376, ,CFS
FOL,D,76,INFLOW,20200124 0000,20200124 0000,1355, ,CFS
FOL,D,76,INFLOW,20200125 0000,20200125 0000,1943, ,CFS
FOL,D,76,INFLOW,20200126 0000,20200126 0000,3627, ,CFS
FOL,D,76,INFLOW,20200127 0000,20200127 0000,4863, ,CFS
FOL,D,76,INFLOW,20200128 0000,20200128 0000,3319, ,CFS
FOL,D,76,INFLOW,20200129 0000,20200129 0000,2619, ,CFS
FOL,D,76,INFLOW,20200130 0000,20200130 0000,2169, ,CFS
FOL,D,76,INFLOW,20200131 0000,20200131 0000,2029, ,CFS
FOL,D,76,INFLOW,20200201 0000,20200201 0000,2331, ,CFS
FOL,D,76,INFLOW,20200202 0000,20200202 0000,2143, ,CFS
FOL,D,76,INFLOW,20200203 0000,20200203 0000,1832, ,CFS
FOL,D,76,INFLOW,20200204 0000,20200204 0000,1682, ,CFS
FOL,D,76,INFLOW,20200205 0000,20200205 0000,1664, ,CFS
FOL,D,76,INFLOW,20200206 0000,20200206 0000,1569, ,CFS
FOL,D,76,INFLOW,20200207 0000,20200207 0000,1563, ,CFS
FOL,D,76,INFLOW,20200208 0000,20200208 0000,1722, ,CFS
FOL,D,76,INFLOW,20200209 0000,20200209 0000,1743, ,CFS
FOL,D,76,INFLOW,20200210 0000,20200210 0000,1336, ,CFS
FOL,D,76,INFLOW,20200211 0000,20200211 0000,1268, ,CFS
FOL,D,76,INFLOW,20200212 0000,20200212 0000,1135, ,CFS
FOL,D,76,INFLOW,20200213 0000,20200213 0000,1155, ,CFS
FOL,D,76,INFLOW,20200214 0000,20200214 0000,1092, ,CFS
FOL,D,76,INFLOW,20200215 0000,20200215 0000,1300, ,CFS
FOL,D,76,INFLOW,20200216 0000,20200216 0000,1278, ,CFS
FOL,D,76,INFLOW,20200217 0000,20200217 0000,1023, ,CFS
FOL,D,76,INFLOW,20200218 0000,20200218 0000,1062, ,CFS
FOL,D,76,INFLOW,20200219 0000,20200219 0000,991, ,CFS
FOL,D,76,INFLOW,20200220 0000,20200220 0000,988, ,CFS
FOL,D,76,INFLOW,20200221 0000,20200221 0000,936, ,CFS
FOL,D,76,INFLOW,20200222 0000,20200222 0000,1229, ,CFS
FOL,D,76,INFLOW,20200223 0000,20200223 0000,1280, ,CFS
FOL,D,76,INFLOW,20200224 0000,20200224 0000,909, ,CFS
FOL,D,76,INFLOW,20200225 0000,20200225 0000,922, ,CFS
FOL,D,76,INFLOW,20200226 0000,20200226 0000,939, ,CFS
FOL,D,76,INFLOW,20200227 0000,20200227 0000,944, ,CFS
FOL,D,76,INFLOW,20200228 0000,20200228 0000,853, ,CFS
FOL,D,76,INFLOW,20200229 0000,20200229 0000,1213, ,CFS
FOL,D,76,INFLOW,20200301 0000,20200301 0000,1226, ,CFS
FOL,D,76,INFLOW,20200302 0000,20200302 0000,1257, ,CFS
FOL,D,76,INFLOW,20200303 0000,20200303 0000,1151, ,CFS
FOL,D,76,INFLOW,20200304 0000,20200304 0000,963, ,CFS
FOL,D,76,INFLOW,20200305 0000,20200305 0000,904, ,CFS
FOL,D,76,INFLOW,20200306 0000,20200306 0000,1212, ,CFS
FOL,D,76,INFLOW,20200307 0000,20200307 0000,1420, ,CFS
FOL,D,76,INFLOW,20200308 0000,20200308 0000,1441, ,CFS
FOL,D,76,INFLOW,20200309 0000,20200309 0000,1395, ,CFS
FOL,D,76,INFLOW,20200310 0000,20200310 0000,1364, ,CFS
FOL,D,76,INFLOW,20200311 0000,20200311 0000,1086, ,CFS
FOL,D,76,INFLOW,20200312 0000,20200312 0000,1142, ,CFS
FOL,D,76,INFLOW,20200313 0000,20200313 0000,1303, ,CFS
FOL,D,76,INFLOW,20200314 0000,20200314 0000,1714, ,CFS
FOL,D,76,INFLOW,20200315 0000,20200315 0000,6420, ,CFS
FOL,D,76,INFLOW,20200316 0000,20200316 0000,7892, ,CFS
FOL,D,76,INFLOW,20200317 0000,20200317 0000,5120, ,CFS
FOL,D,76,INFLOW,20200318 0000,20200318 0000,3117, ,CFS
FOL,D,76,INFLOW,20200319 0000,20200319 0000,2684, ,CFS
FOL,D,76,INFLOW,20200320 0000,20200320 0000,2513, ,CFS
FOL,D,76,INFLOW,20200321 0000,20200321 0000,2206, ,CFS
FOL,D,76,INFLOW,20200322 0000,20200322 0000,2241, ,CFS
FOL,D,76,INFLOW,20200323 0000,20200323 0000,2242, ,CFS
FOL,D,76,INFLOW,20200324 0000,20200324 0000,2530, ,CFS
FOL,D,76,INFLOW,20200325 0000,20200325 0000,2712, ,CFS
FOL,D,76,INFLOW,20200326 0000,20200326 0000,2561, ,CFS
FOL,D,76,INFLOW,20200327 0000,20200327 0000,2422, ,CFS
FOL,D,76,INFLOW,20200328 0000,20200328 0000,2054, ,CFS
FOL,D,76,INFLOW,20200329 0000,20200329 0000,2298, ,CFS
FOL,D,76,INFLOW,20200330 0000,20200330 0000,2397, ,CFS
FOL,D,76,INFLOW,20200331 0000,20200331 0000,2165, ,CFS
FOL,D,76,INFLOW,20200401 0000,20200401 0000,2278, ,CFS
FOL,D,76,INFLOW,20200402 0000,20200402 0000,3097, ,CFS
FOL,D,76,INFLOW,20200403 0000,20200403 0000,3150, ,CFS
FOL,D,76,INFLOW,20200404 0000,20200404 0000,2993, ,CFS
FOL,D,76,INFLOW,20200405 0000,20200405 0000,10654, ,CFS
FOL,D,76,INFLOW,20200406 0000,20200406 0000,12295, ,CFS
FOL,D,76,INFLOW,20200407 0000,20200407 0000,7269, ,CFS
FOL,D,76,INFLOW,20200408 0000,20200408 0000,5569, ,CFS
FOL,D,76,INFLOW,20200409 0000,20200409 0000,5637, ,CFS
FOL,D,76,INFLOW,20200410 0000,20200410 0000,5287, ,CFS
FOL,D,76,INFLOW,20200411 0000,20200411 0000,5544, ,CFS
FOL,D,76,INFLOW,20200412 0000,20200412 0000,6429, ,CFS
FOL,D,76,INFLOW,20200413 0000,20200413 0000,6438, ,CFS
FOL,D,76,INFLOW,20200414 0000,20200414 0000,5479, ,CFS
FOL,D,76,INFLOW,20200415 0000,20200415 0000,5714, ,CFS
FOL,D,76,INFLOW,20200416 0000,20200416 0000,5228, ,CFS
FOL,D,76,INFLOW,20200417 0000,20200417 0000,5284, ,CFS
FOL,D,76,INFLOW,20200418 0000,20200418 0000,5357, ,CFS
FOL,D,76,INFLOW,20200419 0000,20200419 0000,5058, ,CFS
FOL,D,76,INFLOW,20200420 0000,20200420 0000,4648, ,CFS
FOL,D,76,INFLOW,20200421 0000,20200421 0000,4301, ,CFS
FOL,D,76,INFLOW,20200422 0000,20200422 0000,4306, ,CFS
FOL,D,76,INFLOW,20200423 0000,20200423 0000,4571, ,CFS
FOL,D,76,INFLOW,20200424 0000,20200424 0000,4776, ,CFS
FOL,D,76,INFLOW,20200425 0000,20200425 0000,5203, ,CFS
FOL,D,76,INFLOW,20200426 0000,20200426 0000,4836, ,CFS
FOL,D,76,INFLOW,20200427 0000,20200427 0000,4342, ,CFS
FOL,D,76,INFLOW,20200428 0000,20200428 0000,4762, ,CFS
FOL,D,76,INFLOW,20200429 0000,20200429 0000,4544, ,CFS
FOL,D,76,INFLOW,20200430 0000,20200430 0000,4601, ,CFS
FOL,D,76,INFLOW,20200501 0000,20200501 0000,4278, ,CFS
FOL,D,76,INFLOW,20200502 0000,20200502 0000,3739, ,CFS
FOL,D,76,INFLOW,20200503 0000,20200503 0000,3535, ,CFS
FOL,D,76,INFLOW,20200504 0000,20200504 0000,3170, ,CFS
FOL,D,76,INFLOW,20200505 0000,20200505 0000,2949, ,CFS
FOL,D,76,INFLOW,20200506 0000,20200506 0000,2651, ,CFS
FOL,D,76,INFLOW,20200507 0000,20200507 0000,2848, ,CFS
FOL,D,76,INFLOW,20200508 0000,20200508 0000,3037, ,CFS
FOL,D,76,INFLOW,20200509 0000,20200509 0000,3375, ,CFS
FOL,D,76,INFLOW,20200510 0000,20200510 0000,3099, ,CFS
FOL,D,76,INFLOW,20200511 0000,20200511 0000,3060, ,CFS
FOL,D,76,INFLOW,20200512 0000,20200512 0000,3173, ,CFS
FOL,D,76,INFLOW,20200513 0000,20200513 0000,2971, ,CFS
FOL,D,76,INFLOW,20200514 0000,20200514 0000,2541, ,CFS
FOL,D,76,INFLOW,20200515 0000,20200515 0000,2298, ,CFS
FOL,D,76,INFLOW,20200516 0000,20200516 0000,2102, ,CFS
FOL,D,76,INFLOW,20200517 0000,20200517 0000,2462, ,CFS
FOL,D,76,INFLOW,20200518 0000,20200518 0000,6267, ,CFS
FOL,D,76,INFLOW,20200519 0000,20200519 0000,5660, ,CFS
FOL,D,76,INFLOW,20200520 0000,20200520 0000,4429, ,CFS
FOL,D,76,INFLOW,20200521 0000,20200521 0000,3375, ,CFS
FOL,D,76,INFLOW,20200522 0000,20200522 0000,2907, ,CFS
FOL,D,76,INFLOW,20200523 0000,20200523 0000,2733, ,CFS
FOL,D,76,INFLOW,20200524 0000,20200524 0000,2647, ,CFS
FOL,D,76,INFLOW,20200525 0000,20200525 0000,2580, ,CFS
FOL,D,76,INFLOW,20200526 0000,20200526 0000,3117, ,CFS
FOL,D,76,INFLOW,20200527 0000,20200527 0000,3671, ,CFS
FOL,D,76,INFLOW,20200528 0000,20200528 0000,3532, ,CFS
FOL,D,76,INFLOW,20200529 0000,20200529 0000,2774, ,CFS
FOL,D,76,INFLOW,20200530 0000,20200530 0000,2836, ,CFS
FOL,D,76,INFLOW,20200531 0000,20200531 0000,2902, ,CFS
FOL,D,76,INFLOW,20200601 0000,20200601 0000,3260, ,CFS
FOL,D,76,INFLOW,20200602 0000,20200602 0000,3279, ,CFS
FOL,D,76,INFLOW,20200603 0000,20200603 0000,2827, ,CFS
FOL,D,76,INFLOW,20200604 0000,20200604 0000,2407, ,CFS
FOL,D,76,INFLOW,20200605 0000,20200605 0000,2658, ,CFS
FOL,D,76,INFLOW,20200606 0000,20200606 0000,1932, ,CFS
FOL,D,76,INFLOW,20200607 0000,20200607 0000,1817, ,CFS
FOL,D,76,INFLOW,20200608 0000,20200608 0000,1612, ,CFS
FOL,D,76,INFLOW,20200609 0000,20200609 0000,1958, ,CFS
FOL,D,76,INFLOW,20200610 0000,20200610 0000,1845, ,CFS
FOL,D,76,INFLOW,20200611 0000,20200611 0000,1965, ,CFS
FOL,D,76,INFLOW,20200612 0000,20200612 0000,1627, ,CFS
FOL,D,76,INFLOW,20200613 0000,20200613 0000,1580, ,CFS
FOL,D,76,INFLOW,20200614 0000,20200614 0000,1513, ,CFS
FOL,D,76,INFLOW,20200615 0000,20200615 0000,1443, ,CFS
FOL,D,76,INFLOW,20200616 0000,20200616 0000,1361, ,CFS
FOL,D,76,INFLOW,20200617 0000,20200617 0000,1338, ,CFS
FOL,D,76,INFLOW,20200618 0000,20200618 0000,1611, ,CFS
FOL,D,76,INFLOW,20200619 0000,20200619 0000,1454, ,CFS
FOL,D,76,INFLOW,20200620 0000,20200620 0000,1493, ,CFS
FOL,D,76,INFLOW,20200621 0000,20200621 0000,1411, ,CFS
FOL,D,76,INFLOW,20200622 0000,20200622 0000,1356, ,CFS
FOL,D,76,INFLOW,20200623 0000,20200623 0000,1415, ,CFS
FOL,D,76,INFLOW,20200624 0000,20200624 0000,1131, ,CFS
FOL,D,76,INFLOW,20200625 0000,20200625 0000,1497, ,CFS
FOL,D,76,INFLOW,20200626 0000,20200626 0000,1598, ,CFS
FOL,D,76,INFLOW,20200627 0000,20200627 0000,1838, ,CFS
FOL,D,76,INFLOW,20200628 0000,20200628 0000,1438, ,CFS
FOL,D,76,INFLOW,20200629 0000,20200629 0000,1363, ,CFS
FOL,D,76,INFLOW,20200630 0000,20200630 0000,1345, ,CFS
FOL,D,76,INFLOW,20200701 0000,20200701 0000,1063, ,CFS
FOL,D,76,INFLOW,20200702 0000,20200702 0000,1223, ,CFS
FOL,D,76,INFLOW,20200703 0000,20200703 0000,1514, ,CFS
FOL,D,76,INFLOW,20200704 0000,20200704 0000,1566, ,CFS
FOL,D,76,INFLOW,20200705 0000,20200705 0000,1642, ,CFS
FOL,D,76,INFLOW,20200706 0000,20200706 0000,1373, ,CFS
FOL,D,76,INFLOW,20200707 0000,20200707 0000,1473, ,CFS
FOL,D,76,INFLOW,20200708 0000,20200708 0000,1129, ,CFS
FOL,D,76,INFLOW,20200709 0000,20200709 0000,1557, ,CFS
FOL,D,76,INFLOW,20200710 0000,20200710 0000,1574, ,CFS
FOL,D,76,INFLOW,20200711 0000,20200711 0000,2189, ,CFS
FOL,D,76,INFLOW,20200712 0000,20200712 0000,1807, ,CFS
FOL,D,76,INFLOW,20200713 0000,20200713 0000,1403, ,CFS
FOL,D,76,INFLOW,20200714 0000,20200714 0000,1256, ,CFS
FOL,D,76,INFLOW,20200715 0000,20200715 0000,978, ,CFS
FOL,D,76,INFLOW,20200716 0000,20200716 0000,1218, ,CFS
FOL,D,76,INFLOW,20200717 0000,20200717 0000,1288, ,CFS
FOL,D,76,INFLOW,20200718 0000,20200718 0000,1348, ,CFS
FOL,D,76,INFLOW,20200719 0000,20200719 0000,1554, ,CFS
FOL,D,76,INFLOW,20200720 0000,20200720 0000,1168, ,CFS
FOL,D,76,INFLOW,20200721 0000,20200721 0000,1148, ,CFS
FOL,D,76,INFLOW,20200722 0000,20200722 0000,989, ,CFS
FOL,D,76,INFLOW,20200723 0000,20200723 0000,1238, ,CFS
FOL,D,76,INFLOW,20200724 0000,20200724 0000,1182, ,CFS
FOL,D,76,INFLOW,20200725 0000,20200725 0000,2324, ,CFS
FOL,D,76,INFLOW,20200726 0000,20200726 0000,2175, ,CFS
FOL,D,76,INFLOW,20200727 0000,20200727 0000,1310, ,CFS
FOL,D,76,INFLOW,20200728 0000,20200728 0000,1574, ,CFS
FOL,D,76,INFLOW,20200729 0000,20200729 0000,1107, ,CFS
FOL,D,76,INFLOW,20200730 0000,20200730 0000,1998, ,CFS
FOL,D,76,INFLOW,20200731 0000,20200731 0000,2048, ,CFS
FOL,D,76,INFLOW,20200801 0000,20200801 0000,1774, ,CFS
FOL,D,76,INFLOW,20200802 0000,20200802 0000,1408, ,CFS
FOL,D,76,INFLOW,20200803 0000,20200803 0000,1208, ,CFS
FOL,D,76,INFLOW,20200804 0000,20200804 0000,1193, ,CFS
FOL,D,76,INFLOW,20200805 0000,20200805 0000,1286, ,CFS
FOL,D,76,INFLOW,20200806 0000,20200806 0000,1629, ,CFS
FOL,D,76,INFLOW,20200807 0000,20200807 0000,1082, ,CFS
FOL,D,76,INFLOW,20200808 0000,20200808 0000,1474, ,CFS
FOL,D,76,INFLOW,20200809 0000,20200809 0000,1445, ,CFS
FOL,D,76,INFLOW,20200810 0000,20200810 0000,1471, ,CFS
FOL,D,76,INFLOW,20200811 0000,20200811 0000,1141, ,CFS
FOL,D,76,INFLOW,20200812 0000,20200812 0000,893, ,CFS
FOL,D,76,INFLOW,20200813 0000,20200813 0000,1784, ,CFS
FOL,D,76,INFLOW,20200814 0000,20200814 0000,2090, ,CFS
FOL,D,76,INFLOW,20200815 0000,20200815 0000,2404, ,CFS
FOL,D,76,INFLOW,20200816 0000,20200816 0000,2470, ,CFS
FOL,D,76,INFLOW,20200817 0000,20200817 0000,2297, ,CFS
FOL,D,76,INFLOW,20200818 0000,20200818 0000,2289, ,CFS
FOL,D,76,INFLOW,20200819 0000,20200819 0000,1973, ,CFS
FOL,D,76,INFLOW,20200820 0000,20200820 0000,1934, ,CFS
FOL,D,76,INFLOW,20200821 0000,20200821 0000,1772, ,CFS
FOL,D,76,INFLOW,20200822 0000,20200822 0000,2372, ,CFS
FOL,D,76,INFLOW,20200823 0000,20200823 0000,2245, ,CFS
FOL,D,76,INFLOW,20200824 0000,20200824 0000,2261, ,CFS
FOL,D,76,INFLOW,20200825 0000,20200825 0000,2122, ,CFS
FOL,D,76,INFLOW,20200826 0000,20200826 0000,1687, ,CFS
FOL,D,76,INFLOW,20200827 0000,20200827 0000,1475, ,CFS
FOL,D,76,INFLOW,20200828 0000,20200828 0000,1692, ,CFS
FOL,D,76,INFLOW,20200829 0000,20200829 0000,1789, ,CFS
FOL,D,76,INFLOW,20200830 0000,20200830 0000,2102, ,CFS
FOL,D,76,INFLOW,20200831 0000,20200831 0000,1383, ,CFS
FOL,D,76,INFLOW,20200901 0000,20200901 0000,1738, ,CFS
FOL,D,76,INFLOW,20200902 0000,20200902 0000,1072, ,CFS
FOL,D,76,INFLOW,20200903 0000,20200903 0000,1330, ,CFS
FOL,D,76,INFLOW,20200904 0000,20200904 0000,1856, ,CFS
FOL,D,76,INFLOW,20200905 0000,20200905 0000,1846, ,CFS
FOL,D,76,INFLOW,20200906 0000,20200906 0000,1949, ,CFS
FOL,D,76,INFLOW,20200907 0000,20200907 0000,1719, ,CFS
FOL,D,76,INFLOW,20200908 0000,20200908 0000,1435, ,CFS
FOL,D,76,INFLOW,20200909 0000,20200909 0000,903, ,CFS
FOL,D,76,INFLOW,20200910 0000,20200910 0000,1026, ,CFS
FOL,D,76,INFLOW,20200911 0000,20200911 0000,1650, ,CFS
FOL,D,76,INFLOW,20200912 0000,20200912 0000,1453, ,CFS
FOL,D,76,INFLOW,20200913 0000,20200913 0000,1451, ,CFS
FOL,D,76,INFLOW,20200914 0000,20200914 0000,1070, ,CFS
FOL,D,76,INFLOW,20200915 0000,20200915 0000,1516, ,CFS
FOL,D,76,INFLOW,20200916 0000,20200916 0000,1565, ,CFS
FOL,D,76,INFLOW,20200917 0000,20200917 0000,1304, ,CFS
FOL,D,76,INFLOW,20200918 0000,20200918 0000,1479, ,CFS
FOL,D,76,INFLOW,20200919 0000,20200919 0000,1484, ,CFS
FOL,D,76,INFLOW,20200920 0000,20200920 0000,1614, ,CFS
FOL,D,76,INFLOW,20200921 0000,20200921 0000,1148, ,CFS
FOL,D,76,INFLOW,20200922 0000,20200922 0000,1711, ,CFS
FOL,D,76,INFLOW,20200923 0000,20200923 0000,1111, ,CFS
FOL,D,76,INFLOW,20200924 0000,20200924 0000,1191, ,CFS
FOL,D,76,INFLOW,20200925 0000,20200925 0000,1490, ,CFS
FOL,D,76,INFLOW,20200926 0000,20200926 0000,1253, ,CFS
FOL,D,76,INFLOW,20200927 0000,20200927 0000,1156, ,CFS
FOL,D,76,INFLOW,20200928 0000,20200928 0000,865, ,CFS
FOL,D,76,INFLOW,20200929 0000,20200929 0000,1179, ,CFS
FOL,D,76,INFLOW,20200930 0000,20200930 0000,1366, ,CFS
FOL,D,76,INFLOW,20201001 0000,20201001 0000,1615, ,CFS
FOL,D,76,INFLOW,20201002 0000,20201002 0000,1014, ,CFS
FOL,D,76,INFLOW,20201003 0000,20201003 0000,1159, ,CFS
FOL,D,76,INFLOW,20201004 0000,20201004 0000,940, ,CFS
FOL,D,76,INFLOW,20201005 0000,20201005 0000,779, ,CFS
FOL,D,76,INFLOW,20201006 0000,20201006 0000,943, ,CFS
FOL,D,76,INFLOW,20201007 0000,20201007 0000,983, ,CFS
FOL,D,76,INFLOW,20201008 0000,20201008 0000,879, ,CFS
FOL,D,76,INFLOW,20201009 0000,20201009 0000,650, ,CFS
FOL,D,76,INFLOW,20201010 0000,20201010 0000,887, ,CFS
FOL,D,76,INFLOW,20201011 0000,20201011 0000,941, ,CFS
FOL,D,76,INFLOW,20201012 0000,20201012 0000,809, ,CFS
FOL,D,76,INFLOW,20201013 0000,20201013 0000,1040, ,CFS
FOL,D,76,INFLOW,20201014 0000,20201014 0000,812, ,CFS
FOL,D,76,INFLOW,20201015 0000,20201015 0000,715, ,CFS
FOL,D,76,INFLOW,20201016 0000,20201016 0000,572, ,CFS
FOL,D,76,INFLOW,20201017 0000,20201017 0000,759, ,CFS
FOL,D,76,INFLOW,20201018 0000,20201018 0000,726, ,CFS
FOL,D,76,INFLOW,20201019 0000,20201019 0000,516, ,CFS
FOL,D,76,INFLOW,20201020 0000,20201020 0000,429, ,CFS
FOL,D,76,INFLOW,20201021 0000,20201021 0000,478, ,CFS
FOL,D,76,INFLOW,20201022 0000,20201022 0000,442, ,CFS
FOL,D,76,INFLOW,20201023 0000,20201023 0000,366, ,CFS
FOL,D,76,INFLOW,20201024 0000,20201024 0000,706, ,CFS
FOL,D,76,INFLOW,20201025 0000,20201025 0000,698, ,CFS
FOL,D,76,INFLOW,20201026 0000,20201026 0000,440, ,CFS
FOL,D,76,INFLOW,20201027 0000,20201027 0000,482, ,CFS
FOL,D,76,INFLOW,20201028 0000,20201028 0000,702, ,CFS
FOL,D,76,INFLOW,20201029 0000,20201029 0000,531, ,CFS
FOL,D,76,INFLOW,20201030 0000,20201030 0000,524, ,CFS
FOL,D,76,INFLOW,20201031 0000,20201031 0000,813, ,CFS
FOL,D,76,INFLOW,20201101 0000,20201101 0000,799, ,CFS
FOL,D,76,INFLOW,20201102 0000,20201102 0000,489, ,CFS
FOL,D,76,INFLOW,20201103 0000,20201103 0000,367, ,CFS
FOL,D,76,INFLOW,20201104 0000,20201104 0000,382, ,CFS
FOL,D,76,INFLOW,20201105 0000,20201105 0000,480, ,CFS
FOL,D,76,INFLOW,20201106 0000,20201106 0000,491, ,CFS
FOL,D,76,INFLOW,20201107 0000,20201107 0000,826, ,CFS
FOL,D,76,INFLOW,20201108 0000,20201108 0000,944, ,CFS
FOL,D,76,INFLOW,20201109 0000,20201109 0000,696, ,CFS
FOL,D,76,INFLOW,20201110 0000,20201110 0000,703, ,CFS
FOL,D,76,INFLOW,20201111 0000,20201111 0000,882, ,CFS
FOL,D,76,INFLOW,20201112 0000,20201112 0000,895, ,CFS
FOL,D,76,INFLOW,20201113 0000,20201113 0000,1244, ,CFS
FOL,D,76,INFLOW,20201114 0000,20201114 0000,1552, ,CFS
FOL,D,76,INFLOW,20201115 0000,20201115 0000,1395, ,CFS
FOL,D,76,INFLOW,20201116 0000,20201116 0000,1055, ,CFS
FOL,D,76,INFLOW,20201117 0000,20201117 0000,1185, ,CFS
FOL,D,76,INFLOW,20201118 0000,20201118 0000,1580, ,CFS
FOL,D,76,INFLOW,20201119 0000,20201119 0000,1740, ,CFS
FOL,D,76,INFLOW,20201120 0000,20201120 0000,1121, ,CFS
FOL,D,76,INFLOW,20201121 0000,20201121 0000,1046, ,CFS
FOL,D,76,INFLOW,20201122 0000,20201122 0000,889, ,CFS
FOL,D,76,INFLOW,20201123 0000,20201123 0000,682, ,CFS
FOL,D,76,INFLOW,20201124 0000,20201124 0000,602, ,CFS
FOL,D,76,INFLOW,20201125 0000,20201125 0000,561, ,CFS
FOL,D,76,INFLOW,20201126 0000,20201126 0000,550, ,CFS
FOL,D,76,INFLOW,20201127 0000,20201127 0000,534, ,CFS
FOL,D,76,INFLOW,20201128 0000,20201128 0000,811, ,CFS
FOL,D,76,INFLOW,20201129 0000,20201129 0000,749, ,CFS
FOL,D,76,INFLOW,20201130 0000,20201130 0000,556, ,CFS
FOL,D,76,INFLOW,20201201 0000,20201201 0000,2257, ,CFS
FOL,D,76,INFLOW,20201202 0000,20201202 0000,632, ,CFS
FOL,D,76,INFLOW,20201203 0000,20201203 0000,560, ,CFS
FOL,D,76,INFLOW,20201204 0000,20201204 0000,506, ,CFS
FOL,D,76,INFLOW,20201205 0000,20201205 0000,759, ,CFS
FOL,D,76,INFLOW,20201206 0000,20201206 0000,751, ,CFS
FOL,D,76,INFLOW,20201207 0000,20201207 0000,655, ,CFS
FOL,D,76,INFLOW,20201208 0000,20201208 0000,671, ,CFS
FOL,D,76,INFLOW,20201209 0000,20201209 0000,639, ,CFS
FOL,D,76,INFLOW,20201210 0000,20201210 0000,620, ,CFS
FOL,D,76,INFLOW,20201211 0000,20201211 0000,635, ,CFS
FOL,D,76,INFLOW,20201212 0000,20201212 0000,947, ,CFS
FOL,D,76,INFLOW,20201213 0000,20201213 0000,1199, ,CFS
FOL,D,76,INFLOW,20201214 0000,20201214 0000,889, ,CFS
FOL,D,76,INFLOW,20201215 0000,20201215 0000,868, ,CFS
FOL,D,76,INFLOW,20201216 0000,20201216 0000,852, ,CFS
FOL,D,76,INFLOW,20201217 0000,20201217 0000,1040, ,CFS
FOL,D,76,INFLOW,20201218 0000,20201218 0000,1033, ,CFS
FOL,D,76,INFLOW,20201219 0000,20201219 0000,1118, ,CFS
FOL,D,76,INFLOW,20201220 0000,20201220 0000,985, ,CFS
FOL,D,76,INFLOW,20201221 0000,20201221 0000,736, ,CFS
FOL,D,76,INFLOW,20201222 0000,20201222 0000,726, ,CFS
FOL,D,76,INFLOW,20201223 0000,20201223 0000,854, ,CFS
FOL,D,76,INFLOW,20201224 0000,20201224 0000,807, ,CFS
FOL,D,76,INFLOW,20201225 0000,20201225 0000,761, ,CFS
FOL,D,76,INFLOW,20201226 0000,20201226 0000,1080, ,CFS
FOL,D,76,INFLOW,20201227 0000,20201227 0000,1149, ,CFS
FOL,D,76,INFLOW,20201228 0000,20201228 0000,939, ,CFS
FOL,D,76,INFLOW,20201229 0000,20201229 0000,778, ,CFS
FOL,D,76,INFLOW,20201230 0000,20201230 0000,726, ,CFS
FOL,D,76,INFLOW,20201231 0000,20201231 0000,818, ,CFS
FOL,D,76,INFLOW,20210101 0000,20210101 0000,781, ,CFS
FOL,D,76,INFLOW,20210102 0000,20210102 0000,1020, ,CFS
FOL,D,76,INFLOW,20210103 0000,20210103 0000,982, ,CFS
FOL,D,76,INFLOW,20210104 0000,20210104 0000,914, ,CFS
FOL,D,76,INFLOW,20210105 0000,20210105 0000,1195, ,CFS
FOL,D,76,INFLOW,20210106 0000,20210106 0000,1037, ,CFS
FOL,D,76,INFLOW,20210107 0000,20210107 0000,812, ,CFS
FOL,D,76,INFLOW,20210108 0000,20210108 0000,843, ,CFS
FOL,D,76,INFLOW,20210109 0000,20210109 0000,1026, ,CFS
FOL,D,76,INFLOW,20210110 0000,20210110 0000,1014, ,CFS
FOL,D,76,INFLOW,20210111 0000,20210111 0000,726, ,CFS
FOL,D,76,INFLOW,20210112 0000,20210112 0000,758, ,CFS
FOL,D,76,INFLOW,20210113 0000,20210113 0000,704, ,CFS
FOL,D,76,INFLOW,20210114 0000,20210114 0000,949, ,CFS
FOL,D,76,INFLOW,20210115 0000,20210115 0000,663, ,CFS
FOL,D,76,INFLOW,20210116 0000,20210116 0000,936, ,CFS
FOL,D,76,INFLOW,20210117 0000,20210117 0000,909, ,CFS
FOL,D,76,INFLOW,20210118 0000,20210118 0000,754, ,CFS
FOL,D,76,INFLOW,20210119 0000,20210119 0000,713, ,CFS
FOL,D,76,INFLOW,20210120 0000,20210120 0000,717, ,CFS
FOL,D,76,INFLOW,20210121 0000,20210121 0000,698, ,CFS
FOL,D,76,INFLOW,20210122 0000,20210122 0000,798, ,CFS
FOL,D,76,INFLOW,20210123 0000,20210123 0000,935, ,CFS
FOL,D,76,INFLOW,20210124 0000,20210124 0000,1064, ,CFS
FOL,D,76,INFLOW,20210125 0000,20210125 0000,855, ,CFS
FOL,D,76,INFLOW,20210126 0000,20210126 0000,818, ,CFS
FOL,D,76,INFLOW,20210127 0000,20210127 0000,1371, ,CFS
FOL,D,76,INFLOW,20210128 0000,20210128 0000,5154, ,CFS
FOL,D,76,INFLOW,20210129 0000,20210129 0000,4162, ,CFS
FOL,D,76,INFLOW,20210130 0000,20210130 0000,2122, ,CFS
FOL,D,76,INFLOW,20210131 0000,20210131 0000,1540, ,CFS
FOL,D,76,INFLOW,20210201 0000,20210201 0000,1099, ,CFS
FOL,D,76,INFLOW,20210202 0000,20210202 0000,1615, ,CFS
FOL,D,76,INFLOW,20210203 0000,20210203 0000,2011, ,CFS
FOL,D,76,INFLOW,20210204 0000,20210204 0000,1720, ,CFS
FOL,D,76,INFLOW,20210205 0000,20210205 0000,1357, ,CFS
FOL,D,76,INFLOW,20210206 0000,20210206 0000,1393, ,CFS
FOL,D,76,INFLOW,20210207 0000,20210207 0000,1361, ,CFS
FOL,D,76,INFLOW,20210208 0000,20210208 0000,1233, ,CFS
FOL,D,76,INFLOW,20210209 0000,20210209 0000,1147, ,CFS
FOL,D,76,INFLOW,20210210 0000,20210210 0000,1159, ,CFS
FOL,D,76,INFLOW,20210211 0000,20210211 0000,1528, ,CFS
FOL,D,76,INFLOW,20210212 0000,20210212 0000,3070, ,CFS
FOL,D,76,INFLOW,20210213 0000,20210213 0000,3488, ,CFS
FOL,D,76,INFLOW,20210214 0000,20210214 0000,3040, ,CFS
FOL,D,76,INFLOW,20210215 0000,20210215 0000,3774, ,CFS
FOL,D,76,INFLOW,20210216 0000,20210216 0000,4098, ,CFS
FOL,D,76,INFLOW,20210217 0000,20210217 0000,3174, ,CFS
FOL,D,76,INFLOW,20210218 0000,20210218 0000,3187, ,CFS
FOL,D,76,INFLOW,20210219 0000,20210219 0000,2185, ,CFS
FOL,D,76,INFLOW,20210220 0000,20210220 0000,2118, ,CFS
FOL,D,76,INFLOW,20210221 0000,20210221 0000,2070, ,CFS
FOL,D,76,INFLOW,20210222 0000,20210222 0000,1665, ,CFS
FOL,D,76,INFLOW,20210223 0000,20210223 0000,1765, ,CFS
FOL,D,76,INFLOW,20210224 0000,20210224 0000,1702, ,CFS
FOL,D,76,INFLOW,20210225 0000,20210225 0000,1677, ,CFS
FOL,D,76,INFLOW,20210226 0000,20210226 0000,1597, ,CFS
FOL,D,76,INFLOW,20210227 0000,20210227 0000,1582, ,CFS
FOL,D,76,INFLOW,20210228 0000,20210228 0000,1490, ,CFS
FOL,D,76,INFLOW,20210301 0000,20210301 0000,1484, ,CFS
FOL,D,76,INFLOW,20210302 0000,20210302 0000,1438, ,CFS
FOL,D,76,INFLOW,20210303 0000,20210303 0000,1308, ,CFS
FOL,D,76,INFLOW,20210304 0000,20210304 0000,1454, ,CFS
FOL,D,76,INFLOW,20210305 0000,20210305 0000,1516, ,CFS
FOL,D,76,INFLOW,20210306 0000,20210306 0000,1704, ,CFS
FOL,D,76,INFLOW,20210307 0000,20210307 0000,1543, ,CFS
FOL,D,76,INFLOW,20210308 0000,20210308 0000,1462, ,CFS
FOL,D,76,INFLOW,20210309 0000,20210309 0000,1953, ,CFS
FOL,D,76,INFLOW,20210310 0000,20210310 0000,1647, ,CFS
FOL,D,76,INFLOW,20210311 0000,20210311 0000,1373, ,CFS
FOL,D,76,INFLOW,20210312 0000,20210312 0000,1657, ,CFS
FOL,D,76,INFLOW,20210313 0000,20210313 0000,1443, ,CFS
FOL,D,76,INFLOW,20210314 0000,20210314 0000,1627, ,CFS
FOL,D,76,INFLOW,20210315 0000,20210315 0000,1867, ,CFS
FOL,D,76,INFLOW,20210316 0000,20210316 0000,1841, ,CFS
FOL,D,76,INFLOW,20210317 0000,20210317 0000,1484, ,CFS
FOL,D,76,INFLOW,20210318 0000,20210318 0000,1824, ,CFS
FOL,D,76,INFLOW,20210319 0000,20210319 0000,3109, ,CFS
FOL,D,76,INFLOW,20210320 0000,20210320 0000,3867, ,CFS
FOL,D,76,INFLOW,20210321 0000,20210321 0000,2986, ,CFS
FOL,D,76,INFLOW,20210322 0000,20210322 0000,2504, ,CFS
FOL,D,76,INFLOW,20210323 0000,20210323 0000,2536, ,CFS
FOL,D,76,INFLOW,20210324 0000,20210324 0000,1909, ,CFS
FOL,D,76,INFLOW,20210325 0000,20210325 0000,1879, ,CFS
FOL,D,76,INFLOW,20210326 0000,20210326 0000,2101, ,CFS
FOL,D,76,INFLOW,20210327 0000,20210327 0000,1797, ,CFS
FOL,D,76,INFLOW,20210328 0000,20210328 0000,1885, ,CFS
FOL,D,76,INFLOW,20210329 0000,20210329 0000,2067, ,CFS
FOL,D,76,INFLOW,20210330 0000,20210330 0000,2187, ,CFS
FOL,D,76,INFLOW,20210331 0000,20210331 0000,2152, ,CFS
FOL,D,76,INFLOW,20210401 0000,20210401 0000,1908, ,CFS
FOL,D,76,INFLOW,20210402 0000,20210402 0000,2273, ,CFS
FOL,D,76,INFLOW,20210403 0000,20210403 0000,2225, ,CFS
FOL,D,76,INFLOW,20210404 0000,20210404 0000,2340, ,CFS
FOL,D,76,INFLOW,20210405 0000,20210405 0000,2257, ,CFS
FOL,D,76,INFLOW,20210406 0000,20210406 0000,2490, ,CFS
FOL,D,76,INFLOW,20210407 0000,20210407 0000,2215, ,CFS
FOL,D,76,INFLOW,20210408 0000,20210408 0000,2410, ,CFS
FOL,D,76,INFLOW,20210409 0000,20210409 0000,2027, ,CFS
FOL,D,76,INFLOW,20210410 0000,20210410 0000,2155, ,CFS
FOL,D,76,INFLOW,20210411 0000,20210411 0000,2131, ,CFS
FOL,D,76,INFLOW,20210412 0000,20210412 0000,2065, ,CFS
FOL,D,76,INFLOW,20210413 0000,20210413 0000,2081, ,CFS
FOL,D,76,INFLOW,20210414 0000,20210414 0000,2141, ,CFS
FOL,D,76,INFLOW,20210415 0000,20210415 0000,1991, ,CFS
FOL,D,76,INFLOW,20210416 0000,20210416 0000,1801, ,CFS
FOL,D,76,INFLOW,20210417 0000,20210417 0000,1747, ,CFS
FOL,D,76,INFLOW,20210418 0000,20210418 0000,1618, ,CFS
FOL,D,76,INFLOW,20210419 0000,20210419 0000,1740, ,CFS
FOL,D,76,INFLOW,20210420 0000,20210420 0000,1740, ,CFS
FOL,D,76,INFLOW,20210421 0000,20210421 0000,1592, ,CFS
FOL,D,76,INFLOW,20210422 0000,20210422 0000,1680, ,CFS
FOL,D,76,INFLOW,20210423 0000,20210423 0000,1917, ,CFS
FOL,D,76,INFLOW,20210424 0000,20210424 0000,1838, ,CFS
FOL,D,76,INFLOW,20210425 0000,20210425 0000,1851, ,CFS
FOL,D,76,INFLOW,20210426 0000,20210426 0000,1679, ,CFS
FOL,D,76,INFLOW,20210427 0000,20210427 0000,1506, ,CFS
FOL,D,76,INFLOW,20210428 0000,20210428 0000,1197, ,CFS
FOL,D,76,INFLOW,20210429 0000,20210429 0000,1411, ,CFS
FOL,D,76,INFLOW,20210430 0000,20210430 0000,1751, ,CFS
FOL,D,76,INFLOW,20210501 0000,20210501 0000,1949, ,CFS
FOL,D,76,INFLOW,20210502 0000,20210502 0000,2016, ,CFS
FOL,D,76,INFLOW,20210503 0000,20210503 0000,1984, ,CFS
FOL,D,76,INFLOW,20210504 0000,20210504 0000,1707, ,CFS
FOL,D,76,INFLOW,20210505 0000,20210505 0000,1719, ,CFS
FOL,D,76,INFLOW,20210506 0000,20210506 0000,2256, ,CFS
FOL,D,76,INFLOW,20210507 0000,20210507 0000,1877, ,CFS
FOL,D,76,INFLOW,20210508 0000,20210508 0000,2003, ,CFS
FOL,D,76,INFLOW,20210509 0000,20210509 0000,1734, ,CFS
FOL,D,76,INFLOW,20210510 0000,20210510 0000,1487, ,CFS
FOL,D,76,INFLOW,20210511 0000,20210511 0000,1392, ,CFS
FOL,D,76,INFLOW,20210512 0000,20210512 0000,1177, ,CFS
FOL,D,76,INFLOW,20210513 0000,20210513 0000,1223, ,CFS
FOL,D,76,INFLOW,20210514 0000,20210514 0000,1578, ,CFS
FOL,D,76,INFLOW,20210515 0000,20210515 0000,1378, ,CFS
FOL,D,76,INFLOW,20210516 0000,20210516 0000,1246, ,CFS
FOL,D,76,INFLOW,20210517 0000,20210517 0000,1240, ,CFS
FOL,D,76,INFLOW,20210518 0000,20210518 0000,1092, ,CFS
FOL,D,76,INFLOW,20210519 0000,20210519 0000,1132, ,CFS
FOL,D,76,INFLOW,20210520 0000,20210520 0000,1109, ,CFS
FOL,D,76,INFLOW,20210521 0000,20210521 0000,823, ,CFS
FOL,D,76,INFLOW,20210522 0000,20210522 0000,1191, ,CFS
FOL,D,76,INFLOW,20210523 0000,20210523 0000,1080, ,CFS
FOL,D,76,INFLOW,20210524 0000,20210524 0000,962, ,CFS
FOL,D,76,INFLOW,20210525 0000,20210525 0000,671, ,CFS
FOL,D,76,INFLOW,20210526 0000,20210526 0000,679, ,CFS
FOL,D,76,INFLOW,20210527 0000,20210527 0000,627, ,CFS
FOL,D,76,INFLOW,20210528 0000,20210528 0000,644, ,CFS
FOL,D,76,INFLOW,20210529 0000,20210529 0000,1145, ,CFS
FOL,D,76,INFLOW,20210530 0000,20210530 0000,1205, ,CFS
FOL,D,76,INFLOW,20210531 0000,20210531 0000,1259, ,CFS
FOL,D,76,INFLOW,20210601 0000,20210601 0000,1264, ,CFS
FOL,D,76,INFLOW,20210602 0000,20210602 0000,1322, ,CFS
FOL,D,76,INFLOW,20210603 0000,20210603 0000,1134, ,CFS
FOL,D,76,INFLOW,20210604 0000,20210604 0000,1027, ,CFS
FOL,D,76,INFLOW,20210605 0000,20210605 0000,1172, ,CFS
FOL,D,76,INFLOW,20210606 0000,20210606 0000,1137, ,CFS
FOL,D,76,INFLOW,20210607 0000,20210607 0000,833, ,CFS
FOL,D,76,INFLOW,20210608 0000,20210608 0000,459, ,CFS
FOL,D,76,INFLOW,20210609 0000,20210609 0000,479, ,CFS
FOL,D,76,INFLOW,20210610 0000,20210610 0000,798, ,CFS
FOL,D,76,INFLOW,20210611 0000,20210611 0000,750, ,CFS
FOL,D,76,INFLOW,20210612 0000,20210612 0000,1063, ,CFS
FOL,D,76,INFLOW,20210613 0000,20210613 0000,1005, ,CFS
FOL,D,76,INFLOW,20210614 0000,20210614 0000,852, ,CFS
FOL,D,76,INFLOW,20210615 0000,20210615 0000,525, ,CFS
FOL,D,76,INFLOW,20210616 0000,20210616 0000,718, ,CFS
FOL,D,76,INFLOW,20210617 0000,20210617 0000,912, ,CFS
FOL,D,76,INFLOW,20210618 0000,20210618 0000,920, ,CFS
FOL,D,76,INFLOW,20210619 0000,20210619 0000,934, ,CFS
FOL,D,76,INFLOW,20210620 0000,20210620 0000,927, ,CFS
FOL,D,76,INFLOW,20210621 0000,20210621 0000,756, ,CFS
FOL,D,76,INFLOW,20210622 0000,20210622 0000,423, ,CFS
FOL,D,76,INFLOW,20210623 0000,20210623 0000,459, ,CFS
FOL,D,76,INFLOW,20210624 0000,20210624 0000,634, ,CFS
FOL,D,76,INFLOW,20210625 0000,20210625 0000,713, ,CFS
FOL,D,76,INFLOW,20210626 0000,20210626 0000,946, ,CFS
FOL,D,76,INFLOW,20210627 0000,20210627 0000,797, ,CFS
FOL,D,76,INFLOW,20210628 0000,20210628 0000,747, ,CFS
FOL,D,76,INFLOW,20210629 0000,20210629 0000,541, ,CFS
FOL,D,76,INFLOW,20210630 0000,20210630 0000,450, ,CFS
FOL,D,76,INFLOW,20210701 0000,20210701 0000,598, ,CFS
FOL,D,76,INFLOW,20210702 0000,20210702 0000,601, ,CFS
FOL,D,76,INFLOW,20210703 0000,20210703 0000,815, ,CFS
FOL,D,76,INFLOW,20210704 0000,20210704 0000,808, ,CFS
FOL,D,76,INFLOW,20210705 0000,20210705 0000,722, ,CFS
FOL,D,76,INFLOW,20210706 0000,20210706 0000,363, ,CFS
FOL,D,76,INFLOW,20210707 0000,20210707 0000,396, ,CFS
FOL,D,76,INFLOW,20210708 0000,20210708 0000,581, ,CFS
FOL,D,76,INFLOW,20210709 0000,20210709 0000,643, ,CFS
FOL,D,76,INFLOW,20210710 0000,20210710 0000,1332, ,CFS
FOL,D,76,INFLOW,20210711 0000,20210711 0000,1131, ,CFS
FOL,D,76,INFLOW,20210712 0000,20210712 0000,677, ,CFS
FOL,D,76,INFLOW,20210713 0000,20210713 0000,338, ,CFS
FOL,D,76,INFLOW,20210714 0000,20210714 0000,345, ,CFS
FOL,D,76,INFLOW,20210715 0000,20210715 0000,581, ,CFS
FOL,D,76,INFLOW,20210716 0000,20210716 0000,615, ,CFS
FOL,D,76,INFLOW,20210717 0000,20210717 0000,804, ,CFS
FOL,D,76,INFLOW,20210718 0000,20210718 0000,869, ,CFS
FOL,D,76,INFLOW,20210719 0000,20210719 0000,678, ,CFS
FOL,D,76,INFLOW,20210720 0000,20210720 0000,324, ,CFS
FOL,D,76,INFLOW,20210721 0000,20210721 0000,341, ,CFS
FOL,D,76,INFLOW,20210722 0000,20210722 0000,593, ,CFS
FOL,D,76,INFLOW,20210723 0000,20210723 0000,566, ,CFS
FOL,D,76,INFLOW,20210724 0000,20210724 0000,925, ,CFS
FOL,D,76,INFLOW,20210725 0000,20210725 0000,761, ,CFS
FOL,D,76,INFLOW,20210726 0000,20210726 0000,684, ,CFS
FOL,D,76,INFLOW,20210727 0000,20210727 0000,326, ,CFS
FOL,D,76,INFLOW,20210728 0000,20210728 0000,746, ,CFS
FOL,D,76,INFLOW,20210729 0000,20210729 0000,1075, ,CFS
FOL,D,76,INFLOW,20210730 0000,20210730 0000,1274, ,CFS
FOL,D,76,INFLOW,20210731 0000,20210731 0000,907, ,CFS
FOL,D,76,INFLOW,20210801 0000,20210801 0000,854, ,CFS
FOL,D,76,INFLOW,20210802 0000,20210802 0000,678, ,CFS
FOL,D,76,INFLOW,20210803 0000,20210803 0000,329, ,CFS
FOL,D,76,INFLOW,20210804 0000,20210804 0000,703, ,CFS
FOL,D,76,INFLOW,20210805 0000,20210805 0000,917, ,CFS
FOL,D,76,INFLOW,20210806 0000,20210806 0000,1055, ,CFS
FOL,D,76,INFLOW,20210807 0000,20210807 0000,1094, ,CFS
FOL,D,76,INFLOW,20210808 0000,20210808 0000,826, ,CFS
FOL,D,76,INFLOW,20210809 0000,20210809 0000,828, ,CFS
FOL,D,76,INFLOW,20210810 0000,20210810 0000,931, ,CFS
FOL,D,76,INFLOW,20210811 0000,20210811 0000,1359, ,CFS
FOL,D,76,INFLOW,20210812 0000,20210812 0000,1401, ,CFS
FOL,D,76,INFLOW,20210813 0000,20210813 0000,1507, ,CFS
FOL,D,76,INFLOW,20210814 0000,20210814 0000,1716, ,CFS
FOL,D,76,INFLOW,20210815 0000,20210815 0000,1822, ,CFS
FOL,D,76,INFLOW,20210816 0000,20210816 0000,818, ,CFS
FOL,D,76,INFLOW,20210817 0000,20210817 0000,595, ,CFS
FOL,D,76,INFLOW,20210818 0000,20210818 0000,640, ,CFS
FOL,D,76,INFLOW,20210819 0000,20210819 0000,683, ,CFS
FOL,D,76,INFLOW,20210820 0000,20210820 0000,834, ,CFS
FOL,D,76,INFLOW,20210821 0000,20210821 0000,1223, ,CFS
FOL,D,76,INFLOW,20210822 0000,20210822 0000,1104, ,CFS
FOL,D,76,INFLOW,20210823 0000,20210823 0000,995, ,CFS
FOL,D,76,INFLOW,20210824 0000,20210824 0000,781, ,CFS
FOL,D,76,INFLOW,20210825 0000,20210825 0000,815, ,CFS
FOL,D,76,INFLOW,20210826 0000,20210826 0000,1078, ,CFS
FOL,D,76,INFLOW,20210827 0000,20210827 0000,1102, ,CFS
FOL,D,76,INFLOW,20210828 0000,20210828 0000,1285, ,CFS
FOL,D,76,INFLOW,20210829 0000,20210829 0000,1191, ,CFS
FOL,D,76,INFLOW,20210830 0000,20210830 0000,1114, ,CFS
FOL,D,76,INFLOW,20210831 0000,20210831 0000,869, ,CFS
FOL,D,76,INFLOW,20210901 0000,20210901 0000,915, ,CFS
FOL,D,76,INFLOW,20210902 0000,20210902 0000,1115, ,CFS
FOL,D,76,INFLOW,20210903 0000,20210903 0000,1169, ,CFS
FOL,D,76,INFLOW,20210904 0000,20210904 0000,1115, ,CFS
FOL,D,76,INFLOW,20210905 0000,20210905 0000,1085, ,CFS
FOL,D,76,INFLOW,20210906 0000,20210906 0000,979, ,CFS
FOL,D,76,INFLOW,20210907 0000,20210907 0000,678, ,CFS
FOL,D,76,INFLOW,20210908 0000,20210908 0000,735, ,CFS
FOL,D,76,INFLOW,20210909 0000,20210909 0000,872, ,CFS
FOL,D,76,INFLOW,20210910 0000,20210910 0000,644, ,CFS
FOL,D,76,INFLOW,20210911 0000,20210911 0000,607, ,CFS
FOL,D,76,INFLOW,20210912 0000,20210912 0000,592, ,CFS
FOL,D,76,INFLOW,20210913 0000,20210913 0000,564, ,CFS
FOL,D,76,INFLOW,20210914 0000,20210914 0000,483, ,CFS
FOL,D,76,INFLOW,20210915 0000,20210915 0000,483, ,CFS
FOL,D,76,INFLOW,20210916 0000,20210916 0000,479, ,CFS
FOL,D,76,INFLOW,20210917 0000,20210917 0000,437, ,CFS
FOL,D,76,INFLOW,20210918 0000,20210918 0000,810, ,CFS
FOL,D,76,INFLOW,20210919 0000,20210919 0000,791, ,CFS
FOL,D,76,INFLOW,20210920 0000,20210920 0000,509, ,CFS
FOL,D,76,INFLOW,20210921 0000,20210921 0000,524, ,CFS
FOL,D,76,INFLOW,20210922 0000,20210922 0000,535, ,CFS
FOL,D,76,INFLOW,20210923 0000,20210923 0000,649, ,CFS
FOL,D,76,INFLOW,20210924 0000,20210924 0000,611, ,CFS
FOL,D,76,INFLOW,20210925 0000,20210925 0000,951, ,CFS
FOL,D,76,INFLOW,20210926 0000,20210926 0000,699, ,CFS
FOL,D,76,INFLOW,20210927 0000,20210927 0000,557, ,CFS
FOL,D,76,INFLOW,20210928 0000,20210928 0000,293, ,CFS
FOL,D,76,INFLOW,20210929 0000,20210929 0000,402, ,CFS
FOL,D,76,INFLOW,20210930 0000,20210930 0000,394, ,CFS
FOL,D,76,INFLOW,20211001 0000,20211001 0000,373, ,CFS
FOL,D,76,INFLOW,20211002 0000,20211002 0000,508, ,CFS
FOL,D,76,INFLOW,20211003 0000,20211003 0000,336, ,CFS
FOL,D,76,INFLOW,20211004 0000,20211004 0000,240, ,CFS
FOL,D,76,INFLOW,20211005 0000,20211005 0000,284, ,CFS
FOL,D,76,INFLOW,20211006 0000,20211006 0000,299, ,CFS
FOL,D,76,INFLOW,20211007 0000,20211007 0000,258, ,CFS
FOL,D,76,INFLOW,20211008 0000,20211008 0000,309, ,CFS
FOL,D,76,INFLOW,20211009 0000,20211009 0000,522, ,CFS
FOL,D,76,INFLOW,20211010 0000,20211010 0000,329, ,CFS
FOL,D,76,INFLOW,20211011 0000,20211011 0000,276, ,CFS
FOL,D,76,INFLOW,20211012 0000,20211012 0000,286, ,CFS
FOL,D,76,INFLOW,20211013 0000,20211013 0000,235, ,CFS
FOL,D,76,INFLOW,20211014 0000,20211014 0000,253, ,CFS
FOL,D,76,INFLOW,20211015 0000,20211015 0000,213, ,CFS
FOL,D,76,INFLOW,20211016 0000,20211016 0000,410, ,CFS
FOL,D,76,INFLOW,20211017 0000,20211017 0000,227, ,CFS
FOL,D,76,INFLOW,20211018 0000,20211018 0000,195, ,CFS
FOL,D,76,INFLOW,20211019 0000,20211019 0000,188, ,CFS
FOL,D,76,INFLOW,20211020 0000,20211020 0000,237, ,CFS
FOL,D,76,INFLOW,20211021 0000,20211021 0000,278, ,CFS
FOL,D,76,INFLOW,20211022 0000,20211022 0000,570, ,CFS
FOL,D,76,INFLOW,20211023 0000,20211023 0000,746, ,CFS
FOL,D,76,INFLOW,20211024 0000,20211024 0000,6182, ,CFS
FOL,D,76,INFLOW,20211025 0000,20211025 0000,31656, ,CFS
FOL,D,76,INFLOW,20211026 0000,20211026 0000,6916, ,CFS
FOL,D,76,INFLOW,20211027 0000,20211027 0000,2986, ,CFS
FOL,D,76,INFLOW,20211028 0000,20211028 0000,2144, ,CFS
FOL,D,76,INFLOW,20211029 0000,20211029 0000,2159, ,CFS
FOL,D,76,INFLOW,20211030 0000,20211030 0000,1712, ,CFS
FOL,D,76,INFLOW,20211031 0000,20211031 0000,1450, ,CFS
FOL,D,76,INFLOW,20211101 0000,20211101 0000,1541, ,CFS
FOL,D,76,INFLOW,20211102 0000,20211102 0000,1513, ,CFS
FOL,D,76,INFLOW,20211103 0000,20211103 0000,1218, ,CFS
FOL,D,76,INFLOW,20211104 0000,20211104 0000,1309, ,CFS
FOL,D,76,INFLOW,20211105 0000,20211105 0000,1160, ,CFS
FOL,D,76,INFLOW,20211106 0000,20211106 0000,1103, ,CFS
FOL,D,76,INFLOW,20211107 0000,20211107 0000,703, ,CFS
FOL,D,76,INFLOW,20211108 0000,20211108 0000,716, ,CFS
FOL,D,76,INFLOW,20211109 0000,20211109 0000,1476, ,CFS
FOL,D,76,INFLOW,20211110 0000,20211110 0000,2925, ,CFS
FOL,D,76,INFLOW,20211111 0000,20211111 0000,1763, ,CFS
FOL,D,76,INFLOW,20211112 0000,20211112 0000,1337, ,CFS
FOL,D,76,INFLOW,20211113 0000,20211113 0000,1468, ,CFS
FOL,D,76,INFLOW,20211114 0000,20211114 0000,911, ,CFS
FOL,D,76,INFLOW,20211115 0000,20211115 0000,919, ,CFS
FOL,D,76,INFLOW,20211116 0000,20211116 0000,1106, ,CFS
FOL,D,76,INFLOW,20211117 0000,20211117 0000,868, ,CFS
FOL,D,76,INFLOW,20211118 0000,20211118 0000,880, ,CFS
FOL,D,76,INFLOW,20211119 0000,20211119 0000,975, ,CFS
FOL,D,76,INFLOW,20211120 0000,20211120 0000,1773, ,CFS
FOL,D,76,INFLOW,20211121 0000,20211121 0000,1200, ,CFS
FOL,D,76,INFLOW,20211122 0000,20211122 0000,1392, ,CFS
FOL,D,76,INFLOW,20211123 0000,20211123 0000,1619, ,CFS
FOL,D,76,INFLOW,20211124 0000,20211124 0000,1261, ,CFS
FOL,D,76,INFLOW,20211125 0000,20211125 0000,1411, ,CFS
FOL,D,76,INFLOW,20211126 0000,20211126 0000,1310, ,CFS
FOL,D,76,INFLOW,20211127 0000,20211127 0000,1259, ,CFS
FOL,D,76,INFLOW,20211128 0000,20211128 0000,1289, ,CFS
FOL,D,76,INFLOW,20211129 0000,20211129 0000,1280, ,CFS
FOL,D,76,INFLOW,20211130 0000,20211130 0000,1202, ,CFS
FOL,D,76,INFLOW,20211201 0000,20211201 0000,982, ,CFS
FOL,D,76,INFLOW,20211202 0000,20211202 0000,1329, ,CFS
FOL,D,76,INFLOW,20211203 0000,20211203 0000,1354, ,CFS
FOL,D,76,INFLOW,20211204 0000,20211204 0000,1451, ,CFS
FOL,D,76,INFLOW,20211205 0000,20211205 0000,1059, ,CFS
FOL,D,76,INFLOW,20211206 0000,20211206 0000,971, ,CFS
FOL,D,76,INFLOW,20211207 0000,20211207 0000,1006, ,CFS
FOL,D,76,INFLOW,20211208 0000,20211208 0000,1084, ,CFS
FOL,D,76,INFLOW,20211209 0000,20211209 0000,1320, ,CFS
FOL,D,76,INFLOW,20211210 0000,20211210 0000,1239, ,CFS
FOL,D,76,INFLOW,20211211 0000,20211211 0000,1284, ,CFS
FOL,D,76,INFLOW,20211212 0000,20211212 0000,1140, ,CFS
FOL,D,76,INFLOW,20211213 0000,20211213 0000,3302, ,CFS
FOL,D,76,INFLOW,20211214 0000,20211214 0000,9292, ,CFS
FOL,D,76,INFLOW,20211215 0000,20211215 0000,4239, ,CFS
FOL,D,76,INFLOW,20211216 0000,20211216 0000,4246, ,CFS
FOL,D,76,INFLOW,20211217 0000,20211217 0000,3930, ,CFS
FOL,D,76,INFLOW,20211218 0000,20211218 0000,2945, ,CFS
FOL,D,76,INFLOW,20211219 0000,20211219 0000,2358, ,CFS
FOL,D,76,INFLOW,20211220 0000,20211220 0000,2134, ,CFS
FOL,D,76,INFLOW,20211221 0000,20211221 0000,2106, ,CFS
FOL,D,76,INFLOW,20211222 0000,20211222 0000,3005, ,CFS
FOL,D,76,INFLOW,20211223 0000,20211223 0000,13572, ,CFS
FOL,D,76,INFLOW,20211224 0000,20211224 0000,17345, ,CFS
FOL,D,76,INFLOW,20211225 0000,20211225 0000,13051, ,CFS
FOL,D,76,INFLOW,20211226 0000,20211226 0000,10852, ,CFS
FOL,D,76,INFLOW,20211227 0000,20211227 0000,11705, ,CFS
FOL,D,76,INFLOW,20211228 0000,20211228 0000,6998, ,CFS
FOL,D,76,INFLOW,20211229 0000,20211229 0000,6300, ,CFS
FOL,D,76,INFLOW,20211230 0000,20211230 0000,5694, ,CFS
FOL,D,76,INFLOW,20211231 0000,20211231 0000,5186, ,CFS
FOL,D,76,INFLOW,20220101 0000,20220101 0000,4429, ,CFS
FOL,D,76,INFLOW,20220102 0000,20220102 0000,3815, ,CFS
FOL,D,76,INFLOW,20220103 0000,20220103 0000,3663, ,CFS
FOL,D,76,INFLOW,20220104 0000,20220104 0000,3540, ,CFS
FOL,D,76,INFLOW,20220105 0000,20220105 0000,4068, ,CFS
FOL,D,76,INFLOW,20220106 0000,20220106 0000,4385, ,CFS
FOL,D,76,INFLOW,20220107 0000,20220107 0000,4468, ,CFS
FOL,D,76,INFLOW,20220108 0000,20220108 0000,4658, ,CFS
FOL,D,76,INFLOW,20220109 0000,20220109 0000,4259, ,CFS
FOL,D,76,INFLOW,20220110 0000,20220110 0000,3831, ,CFS
FOL,D,76,INFLOW,20220111 0000,20220111 0000,3313, ,CFS
FOL,D,76,INFLOW,20220112 0000,20220112 0000,3213, ,CFS
FOL,D,76,INFLOW,20220113 0000,20220113 0000,3127, ,CFS
FOL,D,76,INFLOW,20220114 0000,20220114 0000,3407, ,CFS
FOL,D,76,INFLOW,20220115 0000,20220115 0000,3270, ,CFS
FOL,D,76,INFLOW,20220116 0000,20220116 0000,2946, ,CFS
FOL,D,76,INFLOW,20220117 0000,20220117 0000,2912, ,CFS
FOL,D,76,INFLOW,20220118 0000,20220118 0000,3041, ,CFS
FOL,D,76,INFLOW,20220119 0000,20220119 0000,2523, ,CFS
FOL,D,76,INFLOW,20220120 0000,20220120 0000,2689, ,CFS
FOL,D,76,INFLOW,20220121 0000,20220121 0000,2570, ,CFS
FOL,D,76,INFLOW,20220122 0000,20220122 0000,2888, ,CFS
FOL,D,76,INFLOW,20220123 0000,20220123 0000,2289, ,CFS
FOL,D,76,INFLOW,20220124 0000,20220124 0000,2354, ,CFS
FOL,D,76,INFLOW,20220125 0000,20220125 0000,2339, ,CFS
FOL,D,76,INFLOW,20220126 0000,20220126 0000,2381, ,CFS
FOL,D,76,INFLOW,20220127 0000,20220127 0000,2222, ,CFS
FOL,D,76,INFLOW,20220128 0000,20220128 0000,2041, ,CFS
FOL,D,76,INFLOW,20220129 0000,20220129 0000,2275, ,CFS
FOL,D,76,INFLOW,20220130 0000,20220130 0000,1845, ,CFS
FOL,D,76,INFLOW,20220131 0000,20220131 0000,2054, ,CFS
FOL,D,76,INFLOW,20220201 0000,20220201 0000,2116, ,CFS
FOL,D,76,INFLOW,20220202 0000,20220202 0000,1950, ,CFS
FOL,D,76,INFLOW,20220203 0000,20220203 0000,2028, ,CFS
FOL,D,76,INFLOW,20220204 0000,20220204 0000,2262, ,CFS
FOL,D,76,INFLOW,20220205 0000,20220205 0000,2326, ,CFS
FOL,D,76,INFLOW,20220206 0000,20220206 0000,1576, ,CFS
FOL,D,76,INFLOW,20220207 0000,20220207 0000,2017, ,CFS
FOL,D,76,INFLOW,20220208 0000,20220208 0000,2044, ,CFS
FOL,D,76,INFLOW,20220209 0000,20220209 0000,1879, ,CFS
FOL,D,76,INFLOW,20220210 0000,20220210 0000,1786, ,CFS
FOL,D,76,INFLOW,20220211 0000,20220211 0000,1923, ,CFS
FOL,D,76,INFLOW,20220212 0000,20220212 0000,2450, ,CFS
FOL,D,76,INFLOW,20220213 0000,20220213 0000,2500, ,CFS
FOL,D,76,INFLOW,20220214 0000,20220214 0000,2384, ,CFS
FOL,D,76,INFLOW,20220215 0000,20220215 0000,2658, ,CFS
FOL,D,76,INFLOW,20220216 0000,20220216 0000,2303, ,CFS
FOL,D,76,INFLOW,20220217 0000,20220217 0000,2008, ,CFS
FOL,D,76,INFLOW,20220218 0000,20220218 0000,1407, ,CFS
FOL,D,76,INFLOW,20220219 0000,20220219 0000,1010, ,CFS
FOL,D,76,INFLOW,20220220 0000,20220220 0000,1022, ,CFS
FOL,D,76,INFLOW,20220221 0000,20220221 0000,776, ,CFS
FOL,D,76,INFLOW,20220222 0000,20220222 0000,1414, ,CFS
FOL,D,76,INFLOW,20220223 0000,20220223 0000,2193, ,CFS
FOL,D,76,INFLOW,20220224 0000,20220224 0000,2546, ,CFS
FOL,D,76,INFLOW,20220225 0000,20220225 0000,1714, ,CFS
FOL,D,76,INFLOW,20220226 0000,20220226 0000,1668, ,CFS
FOL,D,76,INFLOW,20220227 0000,20220227 0000,1713, ,CFS
FOL,D,76,INFLOW,20220228 0000,20220228 0000,1350, ,CFS
FOL,D,76,INFLOW,20220301 0000,20220301 0000,1435, ,CFS
FOL,D,76,INFLOW,20220302 0000,20220302 0000,1633, ,CFS
FOL,D,76,INFLOW,20220303 0000,20220303 0000,1673, ,CFS
FOL,D,76,INFLOW,20220304 0000,20220304 0000,1936, ,CFS
FOL,D,76,INFLOW,20220305 0000,20220305 0000,2542, ,CFS
FOL,D,76,INFLOW,20220306 0000,20220306 0000,2063, ,CFS
FOL,D,76,INFLOW,20220307 0000,20220307 0000,1678, ,CFS
FOL,D,76,INFLOW,20220308 0000,20220308 0000,2004, ,CFS
FOL,D,76,INFLOW,20220309 0000,20220309 0000,1710, ,CFS
FOL,D,76,INFLOW,20220310 0000,20220310 0000,2253, ,CFS
FOL,D,76,INFLOW,20220311 0000,20220311 0000,2131, ,CFS
FOL,D,76,INFLOW,20220312 0000,20220312 0000,1863, ,CFS
FOL,D,76,INFLOW,20220313 0000,20220313 0000,2021, ,CFS
FOL,D,76,INFLOW,20220314 0000,20220314 0000,2139, ,CFS
FOL,D,76,INFLOW,20220315 0000,20220315 0000,2643, ,CFS
FOL,D,76,INFLOW,20220316 0000,20220316 0000,2521, ,CFS
FOL,D,76,INFLOW,20220317 0000,20220317 0000,2704, ,CFS
FOL,D,76,INFLOW,20220318 0000,20220318 0000,2642, ,CFS
FOL,D,76,INFLOW,20220319 0000,20220319 0000,2900, ,CFS
FOL,D,76,INFLOW,20220320 0000,20220320 0000,3126, ,CFS
FOL,D,76,INFLOW,20220321 0000,20220321 0000,2202, ,CFS
FOL,D,76,INFLOW,20220322 0000,20220322 0000,2598, ,CFS
FOL,D,76,INFLOW,20220323 0000,20220323 0000,3526, ,CFS
FOL,D,76,INFLOW,20220324 0000,20220324 0000,4021, ,CFS
FOL,D,76,INFLOW,20220325 0000,20220325 0000,4282, ,CFS
FOL,D,76,INFLOW,20220326 0000,20220326 0000,3939, ,CFS
FOL,D,76,INFLOW,20220327 0000,20220327 0000,3968, ,CFS
FOL,D,76,INFLOW,20220328 0000,20220328 0000,4435, ,CFS
FOL,D,76,INFLOW,20220329 0000,20220329 0000,3539, ,CFS
FOL,D,76,INFLOW,20220330 0000,20220330 0000,2672, ,CFS
FOL,D,76,INFLOW,20220331 0000,20220331 0000,2812, ,CFS
FOL,D,76,INFLOW,20220401 0000,20220401 0000,3117, ,CFS
FOL,D,76,INFLOW,20220402 0000,20220402 0000,3145, ,CFS
FOL,D,76,INFLOW,20220403 0000,20220403 0000,3008, ,CFS
FOL,D,76,INFLOW,20220404 0000,20220404 0000,2857, ,CFS
FOL,D,76,INFLOW,20220405 0000,20220405 0000,2604, ,CFS
FOL,D,76,INFLOW,20220406 0000,20220406 0000,2769, ,CFS
FOL,D,76,INFLOW,20220407 0000,20220407 0000,2828, ,CFS
FOL,D,76,INFLOW,20220408 0000,20220408 0000,2899, ,CFS
FOL,D,76,INFLOW,20220409 0000,20220409 0000,2920, ,CFS
FOL,D,76,INFLOW,20220410 0000,20220410 0000,2611, ,CFS
FOL,D,76,INFLOW,20220411 0000,20220411 0000,2517, ,CFS
FOL,D,76,INFLOW,20220412 0000,20220412 0000,2476, ,CFS
FOL,D,76,INFLOW,20220413 0000,20220413 0000,2144, ,CFS
FOL,D,76,INFLOW,20220414 0000,20220414 0000,2831, ,CFS
FOL,D,76,INFLOW,20220415 0000,20220415 0000,3690, ,CFS
FOL,D,76,INFLOW,20220416 0000,20220416 0000,4805, ,CFS
FOL,D,76,INFLOW,20220417 0000,20220417 0000,5617, ,CFS
FOL,D,76,INFLOW,20220418 0000,20220418 0000,4663, ,CFS
FOL,D,76,INFLOW,20220419 0000,20220419 0000,5085, ,CFS
FOL,D,76,INFLOW,20220420 0000,20220420 0000,4590, ,CFS
FOL,D,76,INFLOW,20220421 0000,20220421 0000,7721, ,CFS
FOL,D,76,INFLOW,20220422 0000,20220422 0000,9185, ,CFS
FOL,D,76,INFLOW,20220423 0000,20220423 0000,6695, ,CFS
FOL,D,76,INFLOW,20220424 0000,20220424 0000,6331, ,CFS
FOL,D,76,INFLOW,20220425 0000,20220425 0000,5726, ,CFS
FOL,D,76,INFLOW,20220426 0000,20220426 0000,6145, ,CFS
FOL,D,76,INFLOW,20220427 0000,20220427 0000,5699, ,CFS
FOL,D,76,INFLOW,20220428 0000,20220428 0000,5228, ,CFS
FOL,D,76,INFLOW,20220429 0000,20220429 0000,4872, ,CFS
FOL,D,76,INFLOW,20220430 0000,20220430 0000,4420, ,CFS
FOL,D,76,INFLOW,20220501 0000,20220501 0000,4493, ,CFS
FOL,D,76,INFLOW,20220502 0000,20220502 0000,4302, ,CFS
FOL,D,76,INFLOW,20220503 0000,20220503 0000,4226, ,CFS
FOL,D,76,INFLOW,20220504 0000,20220504 0000,4772, ,CFS
FOL,D,76,INFLOW,20220505 0000,20220505 0000,4355, ,CFS
FOL,D,76,INFLOW,20220506 0000,20220506 0000,3682, ,CFS
FOL,D,76,INFLOW,20220507 0000,20220507 0000,4355, ,CFS
FOL,D,76,INFLOW,20220508 0000,20220508 0000,3672, ,CFS
FOL,D,76,INFLOW,20220509 0000,20220509 0000,4718, ,CFS
FOL,D,76,INFLOW,20220510 0000,20220510 0000,3392, ,CFS
FOL,D,76,INFLOW,20220511 0000,20220511 0000,2879, ,CFS
FOL,D,76,INFLOW,20220512 0000,20220512 0000,3001, ,CFS
FOL,D,76,INFLOW,20220513 0000,20220513 0000,2492, ,CFS
FOL,D,76,INFLOW,20220514 0000,20220514 0000,3145, ,CFS
FOL,D,76,INFLOW,20220515 0000,20220515 0000,3147, ,CFS
FOL,D,76,INFLOW,20220516 0000,20220516 0000,3395, ,CFS
FOL,D,76,INFLOW,20220517 0000,20220517 0000,3535, ,CFS
FOL,D,76,INFLOW,20220518 0000,20220518 0000,4236, ,CFS
FOL,D,76,INFLOW,20220519 0000,20220519 0000,3447, ,CFS
FOL,D,76,INFLOW,20220520 0000,20220520 0000,3130, ,CFS
FOL,D,76,INFLOW,20220521 0000,20220521 0000,2236, ,CFS
FOL,D,76,INFLOW,20220522 0000,20220522 0000,2454, ,CFS
FOL,D,76,INFLOW,20220523 0000,20220523 0000,2272, ,CFS
FOL,D,76,INFLOW,20220524 0000,20220524 0000,2648, ,CFS
FOL,D,76,INFLOW,20220525 0000,20220525 0000,2924, ,CFS
FOL,D,76,INFLOW,20220526 0000,20220526 0000,2888, ,CFS
FOL,D,76,INFLOW,20220527 0000,20220527 0000,2547, ,CFS
FOL,D,76,INFLOW,20220528 0000,20220528 0000,2767, ,CFS
FOL,D,76,INFLOW,20220529 0000,20220529 0000,2491, ,CFS
FOL,D,76,INFLOW,20220530 0000,20220530 0000,2414, ,CFS
FOL,D,76,INFLOW,20220531 0000,20220531 0000,2184, ,CFS
FOL,D,76,INFLOW,20220601 0000,20220601 0000,1687, ,CFS
FOL,D,76,INFLOW,20220602 0000,20220602 0000,1810, ,CFS
FOL,D,76,INFLOW,20220603 0000,20220603 0000,1650, ,CFS
FOL,D,76,INFLOW,20220604 0000,20220604 0000,2054, ,CFS
FOL,D,76,INFLOW,20220605 0000,20220605 0000,2261, ,CFS
FOL,D,76,INFLOW,20220606 0000,20220606 0000,2227, ,CFS
FOL,D,76,INFLOW,20220607 0000,20220607 0000,2955, ,CFS
FOL,D,76,INFLOW,20220608 0000,20220608 0000,2751, ,CFS
FOL,D,76,INFLOW,20220609 0000,20220609 0000,2445, ,CFS
FOL,D,76,INFLOW,20220610 0000,20220610 0000,1855, ,CFS
FOL,D,76,INFLOW,20220611 0000,20220611 0000,2281, ,CFS
FOL,D,76,INFLOW,20220612 0000,20220612 0000,2005, ,CFS
FOL,D,76,INFLOW,20220613 0000,20220613 0000,1614, ,CFS
FOL,D,76,INFLOW,20220614 0000,20220614 0000,2279, ,CFS
FOL,D,76,INFLOW,20220615 0000,20220615 0000,2616, ,CFS
FOL,D,76,INFLOW,20220616 0000,20220616 0000,1841, ,CFS
FOL,D,76,INFLOW,20220617 0000,20220617 0000,1487, ,CFS
FOL,D,76,INFLOW,20220618 0000,20220618 0000,1714, ,CFS
FOL,D,76,INFLOW,20220619 0000,20220619 0000,1646, ,CFS
FOL,D,76,INFLOW,20220620 0000,20220620 0000,1244, ,CFS
FOL,D,76,INFLOW,20220621 0000,20220621 0000,1524, ,CFS
FOL,D,76,INFLOW,20220622 0000,20220622 0000,1427, ,CFS
FOL,D,76,INFLOW,20220623 0000,20220623 0000,2048, ,CFS
FOL,D,76,INFLOW,20220624 0000,20220624 0000,1848, ,CFS
FOL,D,76,INFLOW,20220625 0000,20220625 0000,1789, ,CFS
FOL,D,76,INFLOW,20220626 0000,20220626 0000,1555, ,CFS
FOL,D,76,INFLOW,20220627 0000,20220627 0000,1806, ,CFS
FOL,D,76,INFLOW,20220628 0000,20220628 0000,1395, ,CFS
FOL,D,76,INFLOW,20220629 0000,20220629 0000,1671, ,CFS
FOL,D,76,INFLOW,20220630 0000,20220630 0000,728, ,CFS
FOL,D,76,INFLOW,20220701 0000,20220701 0000,1613,r,CFS
FOL,D,76,INFLOW,20220702 0000,20220702 0000,1000,r,CFS
FOL,D,76,INFLOW,20220703 0000,20220703 0000,1678,r,CFS
FOL,D,76,INFLOW,20220704 0000,20220704 0000,1254, ,CFS
FOL,D,76,INFLOW,20220705 0000,20220705 0000,1253,r,CFS
FOL,D,76,INFLOW,20220706 0000,20220706 0000,1297,r,CFS
FOL,D,76,INFLOW,20220707 0000,20220707 0000,1297,r,CFS
FOL,D,76,INFLOW,20220708 0000,20220708 0000,927,r,CFS
FOL,D,76,INFLOW,20220709 0000,20220709 0000,998,r,CFS
FOL,D,76,INFLOW,20220710 0000,20220710 0000,1381,r,CFS
FOL,D,76,INFLOW,20220711 0000,20220711 0000,1276,r,CFS
FOL,D,76,INFLOW,20220712 0000,20220712 0000,1833, ,CFS
FOL,D,76,INFLOW,20220713 0000,20220713 0000,1463, ,CFS
FOL,D,76,INFLOW,20220714 0000,20220714 0000,1575, ,CFS
FOL,D,76,INFLOW,20220715 0000,20220715 0000,1887, ,CFS
FOL,D,76,INFLOW,20220716 0000,20220716 0000,1539,r,CFS
FOL,D,76,INFLOW,20220717 0000,20220717 0000,1354,r,CFS
FOL,D,76,INFLOW,20220718 0000,20220718 0000,1572, ,CFS
FOL,D,76,INFLOW,20220719 0000,20220719 0000,1593, ,CFS
FOL,D,76,INFLOW,20220720 0000,20220720 0000,1090, ,CFS
FOL,D,76,INFLOW,20220721 0000,20220721 0000,1562, ,CFS
FOL,D,76,INFLOW,20220722 0000,20220722 0000,1365, ,CFS
FOL,D,76,INFLOW,20220723 0000,20220723 0000,1720, ,CFS
FOL,D,76,INFLOW,20220724 0000,20220724 0000,1635, ,CFS
FOL,D,76,INFLOW,20220725 0000,20220725 0000,1380, ,CFS
FOL,D,76,INFLOW,20220726 0000,20220726 0000,1399, ,CFS
FOL,D,76,INFLOW,20220727 0000,20220727 0000,1148, ,CFS
FOL,D,76,INFLOW,20220728 0000,20220728 0000,1408, ,CFS
FOL,D,76,INFLOW,20220729 0000,20220729 0000,1519, ,CFS
FOL,D,76,INFLOW,20220730 0000,20220730 0000,1848, ,CFS
FOL,D,76,INFLOW,20220731 0000,20220731 0000,2003, ,CFS
FOL,D,76,INFLOW,20220801 0000,20220801 0000,1700, ,CFS
FOL,D,76,INFLOW,20220802 0000,20220802 0000,1531, ,CFS
FOL,D,76,INFLOW,20220803 0000,20220803 0000,1579, ,CFS
FOL,D,76,INFLOW,20220804 0000,20220804 0000,1566, ,CFS
FOL,D,76,INFLOW,20220805 0000,20220805 0000,1446, ,CFS
FOL,D,76,INFLOW,20220806 0000,20220806 0000,1824, ,CFS
FOL,D,76,INFLOW,20220807 0000,20220807 0000,1426, ,CFS
FOL,D,76,INFLOW,20220808 0000,20220808 0000,1373, ,CFS
FOL,D,76,INFLOW,20220809 0000,20220809 0000,1565, ,CFS
FOL,D,76,INFLOW,20220810 0000,20220810 0000,1274, ,CFS
FOL,D,76,INFLOW,20220811 0000,20220811 0000,1247, ,CFS
FOL,D,76,INFLOW,20220812 0000,20220812 0000,1221, ,CFS
FOL,D,76,INFLOW,20220813 0000,20220813 0000,1409, ,CFS
FOL,D,76,INFLOW,20220814 0000,20220814 0000,1499, ,CFS
FOL,D,76,INFLOW,20220815 0000,20220815 0000,1241, ,CFS
FOL,D,76,INFLOW,20220816 0000,20220816 0000,1169, ,CFS
FOL,D,76,INFLOW,20220817 0000,20220817 0000,1479, ,CFS
FOL,D,76,INFLOW,20220818 0000,20220818 0000,1597, ,CFS
FOL,D,76,INFLOW,20220819 0000,20220819 0000,1401, ,CFS
FOL,D,76,INFLOW,20220820 0000,20220820 0000,1626, ,CFS
FOL,D,76,INFLOW,20220821 0000,20220821 0000,1409, ,CFS
FOL,D,76,INFLOW,20220822 0000,20220822 0000,1163, ,CFS
FOL,D,76,INFLOW,20220823 0000,20220823 0000,1581, ,CFS
FOL,D,76,INFLOW,20220824 0000,20220824 0000,1144, ,CFS
FOL,D,76,INFLOW,20220825 0000,20220825 0000,1506, ,CFS
FOL,D,76,INFLOW,20220826 0000,20220826 0000,1396, ,CFS
FOL,D,76,INFLOW,20220827 0000,20220827 0000,1694, ,CFS
FOL,D,76,INFLOW,20220828 0000,20220828 0000,1555, ,CFS
FOL,D,76,INFLOW,20220829 0000,20220829 0000,1204, ,CFS
FOL,D,76,INFLOW,20220830 0000,20220830 0000,1264, ,CFS
FOL,D,76,INFLOW,20220831 0000,20220831 0000,958, ,CFS
FOL,D,76,INFLOW,20220901 0000,20220901 0000,1351, ,CFS
FOL,D,76,INFLOW,20220902 0000,20220902 0000,1711, ,CFS
FOL,D,76,INFLOW,20220903 0000,20220903 0000,2006, ,CFS
FOL,D,76,INFLOW,20220904 0000,20220904 0000,1793, ,CFS
FOL,D,76,INFLOW,20220905 0000,20220905 0000,1546, ,CFS
FOL,D,76,INFLOW,20220906 0000,20220906 0000,2276, ,CFS
FOL,D,76,INFLOW,20220907 0000,20220907 0000,2356, ,CFS
FOL,D,76,INFLOW,20220908 0000,20220908 0000,1119, ,CFS
FOL,D,76,INFLOW,20220909 0000,20220909 0000,1070, ,CFS
FOL,D,76,INFLOW,20220910 0000,20220910 0000,1185, ,CFS
FOL,D,76,INFLOW,20220911 0000,20220911 0000,1033, ,CFS
FOL,D,76,INFLOW,20220912 0000,20220912 0000,1087, ,CFS
FOL,D,76,INFLOW,20220913 0000,20220913 0000,1238, ,CFS
FOL,D,76,INFLOW,20220914 0000,20220914 0000,614, ,CFS
FOL,D,76,INFLOW,20220915 0000,20220915 0000,959, ,CFS
FOL,D,76,INFLOW,20220916 0000,20220916 0000,1151, ,CFS
FOL,D,76,INFLOW,20220917 0000,20220917 0000,1245, ,CFS
FOL,D,76,INFLOW,20220918 0000,20220918 0000,1127, ,CFS
FOL,D,76,INFLOW,20220919 0000,20220919 0000,968, ,CFS
FOL,D,76,INFLOW,20220920 0000,20220920 0000,1179, ,CFS
FOL,D,76,INFLOW,20220921 0000,20220921 0000,1507, ,CFS
FOL,D,76,INFLOW,20220922 0000,20220922 0000,1276, ,CFS
FOL,D,76,INFLOW,20220923 0000,20220923 0000,1246, ,CFS
FOL,D,76,INFLOW,20220924 0000,20220924 0000,1121, ,CFS
FOL,D,76,INFLOW,20220925 0000,20220925 0000,1517, ,CFS
FOL,D,76,INFLOW,20220926 0000,20220926 0000,1030, ,CFS
FOL,D,76,INFLOW,20220927 0000,20220927 0000,1192, ,CFS
FOL,D,76,INFLOW,20220928 0000,20220928 0000,1211, ,CFS
FOL,D,76,INFLOW,20220929 0000,20220929 0000,1342, ,CFS
FOL,D,76,INFLOW,20220930 0000,20220930 0000,1273, ,CFS
FOL,D,76,INFLOW,20221001 0000,20221001 0000,1146, ,CFS
FOL,D,76,INFLOW,20221002 0000,20221002 0000,1066, ,CFS
FOL,D,76,INFLOW,20221003 0000,20221003 0000,900, ,CFS
FOL,D,76,INFLOW,20221004 0000,20221004 0000,817, ,CFS
FOL,D,76,INFLOW,20221005 0000,20221005 0000,1062, ,CFS
FOL,D,76,INFLOW,20221006 0000,20221006 0000,803, ,CFS
FOL,D,76,INFLOW,20221007 0000,20221007 0000,961, ,CFS
FOL,D,76,INFLOW,20221008 0000,20221008 0000,1020, ,CFS
FOL,D,76,INFLOW,20221009 0000,20221009 0000,1040, ,CFS
FOL,D,76,INFLOW,20221010 0000,20221010 0000,975, ,CFS
FOL,D,76,INFLOW,20221011 0000,20221011 0000,703, ,CFS
FOL,D,76,INFLOW,20221012 0000,20221012 0000,831, ,CFS
FOL,D,76,INFLOW,20221013 0000,20221013 0000,680, ,CFS
FOL,D,76,INFLOW,20221014 0000,20221014 0000,811, ,CFS
FOL,D,76,INFLOW,20221015 0000,20221015 0000,835, ,CFS
FOL,D,76,INFLOW,20221016 0000,20221016 0000,830, ,CFS
FOL,D,76,INFLOW,20221017 0000,20221017 0000,671, ,CFS
FOL,D,76,INFLOW,20221018 0000,20221018 0000,504, ,CFS
FOL,D,76,INFLOW,20221019 0000,20221019 0000,441, ,CFS
FOL,D,76,INFLOW,20221020 0000,20221020 0000,396, ,CFS
FOL,D,76,INFLOW,20221021 0000,20221021 0000,645, ,CFS
FOL,D,76,INFLOW,20221022 0000,20221022 0000,657, ,CFS
FOL,D,76,INFLOW,20221023 0000,20221023 0000,613, ,CFS
FOL,D,76,INFLOW,20221024 0000,20221024 0000,579, ,CFS
FOL,D,76,INFLOW,20221025 0000,20221025 0000,374, ,CFS
FOL,D,76,INFLOW,20221026 0000,20221026 0000,286, ,CFS
FOL,D,76,INFLOW,20221027 0000,20221027 0000,341, ,CFS
FOL,D,76,INFLOW,20221028 0000,20221028 0000,541, ,CFS
FOL,D,76,INFLOW,20221029 0000,20221029 0000,650, ,CFS
FOL,D,76,INFLOW,20221030 0000,20221030 0000,684, ,CFS
FOL,D,76,INFLOW,20221031 0000,20221031 0000,643, ,CFS
FOL,D,76,INFLOW,20221101 0000,20221101 0000,539, ,CFS
FOL,D,76,INFLOW,20221102 0000,20221102 0000,383, ,CFS
FOL,D,76,INFLOW,20221103 0000,20221103 0000,383, ,CFS
FOL,D,76,INFLOW,20221104 0000,20221104 0000,428, ,CFS
FOL,D,76,INFLOW,20221105 0000,20221105 0000,610, ,CFS
FOL,D,76,INFLOW,20221106 0000,20221106 0000,576, ,CFS
FOL,D,76,INFLOW,20221107 0000,20221107 0000,726, ,CFS
FOL,D,76,INFLOW,20221108 0000,20221108 0000,1054, ,CFS
FOL,D,76,INFLOW,20221109 0000,20221109 0000,988, ,CFS
FOL,D,76,INFLOW,20221110 0000,20221110 0000,822, ,CFS
FOL,D,76,INFLOW,20221111 0000,20221111 0000,549, ,CFS
FOL,D,76,INFLOW,20221112 0000,20221112 0000,672, ,CFS
FOL,D,76,INFLOW,20221113 0000,20221113 0000,762, ,CFS
FOL,D,76,INFLOW,20221114 0000,20221114 0000,462, ,CFS
FOL,D,76,INFLOW,20221115 0000,20221115 0000,499, ,CFS
FOL,D,76,INFLOW,20221116 0000,20221116 0000,880, ,CFS
FOL,D,76,INFLOW,20221117 0000,20221117 0000,437, ,CFS
FOL,D,76,INFLOW,20221118 0000,20221118 0000,516, ,CFS
FOL,D,76,INFLOW,20221119 0000,20221119 0000,897, ,CFS
FOL,D,76,INFLOW,20221120 0000,20221120 0000,793, ,CFS
FOL,D,76,INFLOW,20221121 0000,20221121 0000,619, ,CFS
FOL,D,76,INFLOW,20221122 0000,20221122 0000,849, ,CFS
FOL,D,76,INFLOW,20221123 0000,20221123 0000,896, ,CFS
FOL,D,76,INFLOW,20221124 0000,20221124 0000,932, ,CFS
FOL,D,76,INFLOW,20221125 0000,20221125 0000,805, ,CFS
FOL,D,76,INFLOW,20221126 0000,20221126 0000,1034, ,CFS
FOL,D,76,INFLOW,20221127 0000,20221127 0000,1041, ,CFS
FOL,D,76,INFLOW,20221128 0000,20221128 0000,823, ,CFS
FOL,D,76,INFLOW,20221129 0000,20221129 0000,932, ,CFS
FOL,D,76,INFLOW,20221130 0000,20221130 0000,962, ,CFS
FOL,D,76,INFLOW,20221201 0000,20221201 0000,1191, ,CFS
FOL,D,76,INFLOW,20221202 0000,20221202 0000,1188, ,CFS
FOL,D,76,INFLOW,20221203 0000,20221203 0000,1859, ,CFS
FOL,D,76,INFLOW,20221204 0000,20221204 0000,2729, ,CFS
FOL,D,76,INFLOW,20221205 0000,20221205 0000,2857, ,CFS
FOL,D,76,INFLOW,20221206 0000,20221206 0000,1937, ,CFS
FOL,D,76,INFLOW,20221207 0000,20221207 0000,1402, ,CFS
FOL,D,76,INFLOW,20221208 0000,20221208 0000,1457, ,CFS
FOL,D,76,INFLOW,20221209 0000,20221209 0000,1737, ,CFS
FOL,D,76,INFLOW,20221210 0000,20221210 0000,2721, ,CFS
FOL,D,76,INFLOW,20221211 0000,20221211 0000,7316, ,CFS
FOL,D,76,INFLOW,20221212 0000,20221212 0000,3884, ,CFS
FOL,D,76,INFLOW,20221213 0000,20221213 0000,1761, ,CFS
FOL,D,76,INFLOW,20221214 0000,20221214 0000,1643, ,CFS
FOL,D,76,INFLOW,20221215 0000,20221215 0000,1728, ,CFS
FOL,D,76,INFLOW,20221216 0000,20221216 0000,2109, ,CFS
FOL,D,76,INFLOW,20221217 0000,20221217 0000,2053, ,CFS
FOL,D,76,INFLOW,20221218 0000,20221218 0000,1910, ,CFS
FOL,D,76,INFLOW,20221219 0000,20221219 0000,1844, ,CFS
FOL,D,76,INFLOW,20221220 0000,20221220 0000,2149, ,CFS
FOL,D,76,INFLOW,20221221 0000,20221221 0000,1424, ,CFS
FOL,D,76,INFLOW,20221222 0000,20221222 0000,2124, ,CFS
FOL,D,76,INFLOW,20221223 0000,20221223 0000,2470, ,CFS
FOL,D,76,INFLOW,20221224 0000,20221224 0000,2278, ,CFS
FOL,D,76,INFLOW,20221225 0000,20221225 0000,1891, ,CFS
FOL,D,76,INFLOW,20221226 0000,20221226 0000,5166, ,CFS
FOL,D,76,INFLOW,20221227 0000,20221227 0000,7838, ,CFS
FOL,D,76,INFLOW,20221228 0000,20221228 0000,7630, ,CFS
FOL,D,76,INFLOW,20221229 0000,20221229 0000,7172, ,CFS
FOL,D,76,INFLOW,20221230 0000,20221230 0000,21529, ,CFS
FOL,D,76,INFLOW,20221231 0000,20221231 0000,106510, ,CFS
FOL,D,76,INFLOW,20230101 0000,20230101 0000,38869, ,CFS
FOL,D,76,INFLOW,20230102 0000,20230102 0000,12622, ,CFS
FOL,D,76,INFLOW,20230103 0000,20230103 0000,7824, ,CFS
FOL,D,76,INFLOW,20230104 0000,20230104 0000,5773, ,CFS
FOL,D,76,INFLOW,20230105 0000,20230105 0000,13893, ,CFS
FOL,D,76,INFLOW,20230106 0000,20230106 0000,14070, ,CFS
FOL,D,76,INFLOW,20230107 0000,20230107 0000,8723, ,CFS
FOL,D,76,INFLOW,20230108 0000,20230108 0000,7954, ,CFS
FOL,D,76,INFLOW,20230109 0000,20230109 0000,17715, ,CFS
FOL,D,76,INFLOW,20230110 0000,20230110 0000,18344, ,CFS
FOL,D,76,INFLOW,20230111 0000,20230111 0000,15044, ,CFS
FOL,D,76,INFLOW,20230112 0000,20230112 0000,16264, ,CFS
FOL,D,76,INFLOW,20230113 0000,20230113 0000,16743, ,CFS
FOL,D,76,INFLOW,20230114 0000,20230114 0000,31965, ,CFS
FOL,D,76,INFLOW,20230115 0000,20230115 0000,29215, ,CFS
FOL,D,76,INFLOW,20230116 0000,20230116 0000,21464, ,CFS
FOL,D,76,INFLOW,20230117 0000,20230117 0000,16343, ,CFS
FOL,D,76,INFLOW,20230118 0000,20230118 0000,12688, ,CFS
FOL,D,76,INFLOW,20230119 0000,20230119 0000,11590, ,CFS
FOL,D,76,INFLOW,20230120 0000,20230120 0000,8966, ,CFS
FOL,D,76,INFLOW,20230121 0000,20230121 0000,8305, ,CFS
FOL,D,76,INFLOW,20230122 0000,20230122 0000,7126, ,CFS
FOL,D,76,INFLOW,20230123 0000,20230123 0000,6443, ,CFS
FOL,D,76,INFLOW,20230124 0000,20230124 0000,5721, ,CFS
FOL,D,76,INFLOW,20230125 0000,20230125 0000,5329, ,CFS
FOL,D,76,INFLOW,20230126 0000,20230126 0000,4685, ,CFS
FOL,D,76,INFLOW,20230127 0000,20230127 0000,4546, ,CFS
FOL,D,76,INFLOW,20230128 0000,20230128 0000,4456, ,CFS
FOL,D,76,INFLOW,20230129 0000,20230129 0000,4362, ,CFS
FOL,D,76,INFLOW,20230130 0000,20230130 0000,4353, ,CFS
FOL,D,76,INFLOW,20230131 0000,20230131 0000,4179, ,CFS
FOL,D,76,INFLOW,20230201 0000,20230201 0000,4041, ,CFS
FOL,D,76,INFLOW,20230202 0000,20230202 0000,3988, ,CFS
FOL,D,76,INFLOW,20230203 0000,20230203 0000,3807, ,CFS
FOL,D,76,INFLOW,20230204 0000,20230204 0000,3546, ,CFS
FOL,D,76,INFLOW,20230205 0000,20230205 0000,5266, ,CFS
FOL,D,76,INFLOW,20230206 0000,20230206 0000,5871, ,CFS
FOL,D,76,INFLOW,20230207 0000,20230207 0000,4845, ,CFS
FOL,D,76,INFLOW,20230208 0000,20230208 0000,4844, ,CFS
FOL,D,76,INFLOW,20230209 0000,20230209 0000,5422, ,CFS
FOL,D,76,INFLOW,20230210 0000,20230210 0000,5275, ,CFS
FOL,D,76,INFLOW,20230211 0000,20230211 0000,5568, ,CFS
FOL,D,76,INFLOW,20230212 0000,20230212 0000,5276, ,CFS
FOL,D,76,INFLOW,20230213 0000,20230213 0000,5236, ,CFS
FOL,D,76,INFLOW,20230214 0000,20230214 0000,5279, ,CFS
FOL,D,76,INFLOW,20230215 0000,20230215 0000,5254, ,CFS
FOL,D,76,INFLOW,20230216 0000,20230216 0000,4932, ,CFS
FOL,D,76,INFLOW,20230217 0000,20230217 0000,4502, ,CFS
FOL,D,76,INFLOW,20230218 0000,20230218 0000,4444, ,CFS
FOL,D,76,INFLOW,20230219 0000,20230219 0000,4346, ,CFS
FOL,D,76,INFLOW,20230220 0000,20230220 0000,4564, ,CFS
FOL,D,76,INFLOW,20230221 0000,20230221 0000,4743, ,CFS
FOL,D,76,INFLOW,20230222 0000,20230222 0000,4801, ,CFS
FOL,D,76,INFLOW,20230223 0000,20230223 0000,5297, ,CFS
FOL,D,76,INFLOW,20230224 0000,20230224 0000,5985, ,CFS
FOL,D,76,INFLOW,20230225 0000,20230225 0000,5303, ,CFS
FOL,D,76,INFLOW,20230226 0000,20230226 0000,4967, ,CFS
FOL,D,76,INFLOW,20230227 0000,20230227 0000,6522, ,CFS
FOL,D,76,INFLOW,20230228 0000,20230228 0000,8967, ,CFS
FOL,D,76,INFLOW,20230301 0000,20230301 0000,8922, ,CFS
FOL,D,76,INFLOW,20230302 0000,20230302 0000,6730, ,CFS
FOL,D,76,INFLOW,20230303 0000,20230303 0000,5827, ,CFS
FOL,D,76,INFLOW,20230304 0000,20230304 0000,6217, ,CFS
FOL,D,76,INFLOW,20230305 0000,20230305 0000,7019, ,CFS
FOL,D,76,INFLOW,20230306 0000,20230306 0000,6287, ,CFS
FOL,D,76,INFLOW,20230307 0000,20230307 0000,5619, ,CFS
FOL,D,76,INFLOW,20230308 0000,20230308 0000,6232, ,CFS
FOL,D,76,INFLOW,20230309 0000,20230309 0000,7428, ,CFS
FOL,D,76,INFLOW,20230310 0000,20230310 0000,19439, ,CFS
FOL,D,76,INFLOW,20230311 0000,20230311 0000,14018, ,CFS
FOL,D,76,INFLOW,20230312 0000,20230312 0000,19817, ,CFS
FOL,D,76,INFLOW,20230313 0000,20230313 0000,25129, ,CFS
FOL,D,76,INFLOW,20230314 0000,20230314 0000,39412, ,CFS
FOL,D,76,INFLOW,20230315 0000,20230315 0000,43999, ,CFS
FOL,D,76,INFLOW,20230316 0000,20230316 0000,25046, ,CFS
FOL,D,76,INFLOW,20230317 0000,20230317 0000,18641, ,CFS
FOL,D,76,INFLOW,20230318 0000,20230318 0000,15079, ,CFS
FOL,D,76,INFLOW,20230319 0000,20230319 0000,14306, ,CFS
FOL,D,76,INFLOW,20230320 0000,20230320 0000,16684, ,CFS
FOL,D,76,INFLOW,20230321 0000,20230321 0000,14490, ,CFS
FOL,D,76,INFLOW,20230322 0000,20230322 0000,12618, ,CFS
FOL,D,76,INFLOW,20230323 0000,20230323 0000,12282, ,CFS
FOL,D,76,INFLOW,20230324 0000,20230324 0000,11454, ,CFS
FOL,D,76,INFLOW,20230325 0000,20230325 0000,9860, ,CFS
FOL,D,76,INFLOW,20230326 0000,20230326 0000,8727, ,CFS
FOL,D,76,INFLOW,20230327 0000,20230327 0000,8299, ,CFS
FOL,D,76,INFLOW,20230328 0000,20230328 0000,9681, ,CFS
FOL,D,76,INFLOW,20230329 0000,20230329 0000,10394, ,CFS
FOL,D,76,INFLOW,20230330 0000,20230330 0000,9831, ,CFS
FOL,D,76,INFLOW,20230331 0000,20230331 0000,8305, ,CFS
FOL,D,76,INFLOW,20230401 0000,20230401 0000,7069, ,CFS
FOL,D,76,INFLOW,20230402 0000,20230402 0000,7881, ,CFS
FOL,D,76,INFLOW,20230403 0000,20230403 0000,8215, ,CFS
FOL,D,76,INFLOW,20230404 0000,20230404 0000,7947, ,CFS
FOL,D,76,INFLOW,20230405 0000,20230405 0000,7961, ,CFS
FOL,D,76,INFLOW,20230406 0000,20230406 0000,7151, ,CFS
FOL,D,76,INFLOW,20230407 0000,20230407 0000,7539, ,CFS
FOL,D,76,INFLOW,20230408 0000,20230408 0000,7505, ,CFS
FOL,D,76,INFLOW,20230409 0000,20230409 0000,7850, ,CFS
FOL,D,76,INFLOW,20230410 0000,20230410 0000,8982, ,CFS
FOL,D,76,INFLOW,20230411 0000,20230411 0000,10732, ,CFS
FOL,D,76,INFLOW,20230412 0000,20230412 0000,12256, ,CFS
FOL,D,76,INFLOW,20230413 0000,20230413 0000,10997, ,CFS
FOL,D,76,INFLOW,20230414 0000,20230414 0000,10622, ,CFS
FOL,D,76,INFLOW,20230415 0000,20230415 0000,9772, ,CFS
FOL,D,76,INFLOW,20230416 0000,20230416 0000,10158, ,CFS
FOL,D,76,INFLOW,20230417 0000,20230417 0000,10094, ,CFS
FOL,D,76,INFLOW,20230418 0000,20230418 0000,8933, ,CFS
FOL,D,76,INFLOW,20230419 0000,20230419 0000,8217, ,CFS
FOL,D,76,INFLOW,20230420 0000,20230420 0000,7824, ,CFS
FOL,D,76,INFLOW,20230421 0000,20230421 0000,7314, ,CFS
FOL,D,76,INFLOW,20230422 0000,20230422 0000,8390, ,CFS
FOL,D,76,INFLOW,20230423 0000,20230423 0000,9055, ,CFS
FOL,D,76,INFLOW,20230424 0000,20230424 0000,11040, ,CFS
FOL,D,76,INFLOW,20230425 0000,20230425 0000,11659, ,CFS
FOL,D,76,INFLOW,20230426 0000,20230426 0000,11062, ,CFS
FOL,D,76,INFLOW,20230427 0000,20230427 0000,12161, ,CFS
FOL,D,76,INFLOW,20230428 0000,20230428 0000,12994, ,CFS
FOL,D,76,INFLOW,20230429 0000,20230429 0000,14535, ,CFS
FOL,D,76,INFLOW,20230430 0000,20230430 0000,14415, ,CFS
FOL,D,76,INFLOW,20230501 0000,20230501 0000,14612, ,CFS
FOL,D,76,INFLOW,20230502 0000,20230502 0000,13189, ,CFS
FOL,D,76,INFLOW,20230503 0000,20230503 0000,10492, ,CFS
FOL,D,76,INFLOW,20230504 0000,20230504 0000,9299, ,CFS
FOL,D,76,INFLOW,20230505 0000,20230505 0000,8581, ,CFS
FOL,D,76,INFLOW,20230506 0000,20230506 0000,8196, ,CFS
FOL,D,76,INFLOW,20230507 0000,20230507 0000,7952, ,CFS
FOL,D,76,INFLOW,20230508 0000,20230508 0000,8043, ,CFS
FOL,D,76,INFLOW,20230509 0000,20230509 0000,8501, ,CFS
FOL,D,76,INFLOW,20230510 0000,20230510 0000,8321, ,CFS
FOL,D,76,INFLOW,20230511 0000,20230511 0000,8574, ,CFS
FOL,D,76,INFLOW,20230512 0000,20230512 0000,9547, ,CFS
FOL,D,76,INFLOW,20230513 0000,20230513 0000,10776, ,CFS
FOL,D,76,INFLOW,20230514 0000,20230514 0000,13002, ,CFS
FOL,D,76,INFLOW,20230515 0000,20230515 0000,14674, ,CFS
FOL,D,76,INFLOW,20230516 0000,20230516 0000,16573, ,CFS
FOL,D,76,INFLOW,20230517 0000,20230517 0000,16277, ,CFS
FOL,D,76,INFLOW,20230518 0000,20230518 0000,14677, ,CFS
FOL,D,76,INFLOW,20230519 0000,20230519 0000,17232, ,CFS
FOL,D,76,INFLOW,20230520 0000,20230520 0000,17135, ,CFS
FOL,D,76,INFLOW,20230521 0000,20230521 0000,18037, ,CFS
FOL,D,76,INFLOW,20230522 0000,20230522 0000,18897, ,CFS
FOL,D,76,INFLOW,20230523 0000,20230523 0000,18653, ,CFS
FOL,D,76,INFLOW,20230524 0000,20230524 0000,16868, ,CFS
FOL,D,76,INFLOW,20230525 0000,20230525 0000,15650, ,CFS
FOL,D,76,INFLOW,20230526 0000,20230526 0000,14544, ,CFS
FOL,D,76,INFLOW,20230527 0000,20230527 0000,13965, ,CFS
FOL,D,76,INFLOW,20230528 0000,20230528 0000,13310, ,CFS
FOL,D,76,INFLOW,20230529 0000,20230529 0000,13361, ,CFS
FOL,D,76,INFLOW,20230530 0000,20230530 0000,13413, ,CFS
FOL,D,76,INFLOW,20230531 0000,20230531 0000,12279, ,CFS
FOL,D,76,INFLOW,20230601 0000,20230601 0000,12201, ,CFS
FOL,D,76,INFLOW,20230602 0000,20230602 0000,11734, ,CFS
FOL,D,76,INFLOW,20230603 0000,20230603 0000,11168, ,CFS
FOL,D,76,INFLOW,20230604 0000,20230604 0000,12195, ,CFS
FOL,D,76,INFLOW,20230605 0000,20230605 0000,11389, ,CFS
FOL,D,76,INFLOW,20230606 0000,20230606 0000,11390, ,CFS
FOL,D,76,INFLOW,20230607 0000,20230607 0000,10385, ,CFS
FOL,D,76,INFLOW,20230608 0000,20230608 0000,9310, ,CFS
FOL,D,76,INFLOW,20230609 0000,20230609 0000,9109, ,CFS
FOL,D,76,INFLOW,20230610 0000,20230610 0000,8609, ,CFS
FOL,D,76,INFLOW,20230611 0000,20230611 0000,8397, ,CFS
FOL,D,76,INFLOW,20230612 0000,20230612 0000,8582, ,CFS
FOL,D,76,INFLOW,20230613 0000,20230613 0000,8145, ,CFS
FOL,D,76,INFLOW,20230614 0000,20230614 0000,7943, ,CFS
FOL,D,76,INFLOW,20230615 0000,20230615 0000,8113, ,CFS
FOL,D,76,INFLOW,20230616 0000,20230616 0000,7636, ,CFS
FOL,D,76,INFLOW,20230617 0000,20230617 0000,6672, ,CFS
FOL,D,76,INFLOW,20230618 0000,20230618 0000,5901, ,CFS
FOL,D,76,INFLOW,20230619 0000,20230619 0000,6473, ,CFS
FOL,D,76,INFLOW,20230620 0000,20230620 0000,6074, ,CFS
FOL,D,76,INFLOW,20230621 0000,20230621 0000,5666, ,CFS
FOL,D,76,INFLOW,20230622 0000,20230622 0000,5455, ,CFS
FOL,D,76,INFLOW,20230623 0000,20230623 0000,4505, ,CFS
FOL,D,76,INFLOW,20230624 0000,20230624 0000,4866, ,CFS
FOL,D,76,INFLOW,20230625 0000,20230625 0000,4672, ,CFS
FOL,D,76,INFLOW,20230626 0000,20230626 0000,5146, ,CFS
FOL,D,76,INFLOW,20230627 0000,20230627 0000,4436, ,CFS
FOL,D,76,INFLOW,20230628 0000,20230628 0000,4446, ,CFS
FOL,D,76,INFLOW,20230629 0000,20230629 0000,4068, ,CFS
FOL,D,76,INFLOW,20230630 0000,20230630 0000,4377, ,CFS
FOL,D,76,INFLOW,20230701 0000,20230701 0000,4453, ,CFS
FOL,D,76,INFLOW,20230702 0000,20230702 0000,4417, ,CFS
FOL,D,76,INFLOW,20230703 0000,20230703 0000,4608, ,CFS
FOL,D,76,INFLOW,20230704 0000,20230704 0000,4144, ,CFS
FOL,D,76,INFLOW,20230705 0000,20230705 0000,3427, ,CFS
FOL,D,76,INFLOW,20230706 0000,20230706 0000,3364, ,CFS
FOL,D,76,INFLOW,20230707 0000,20230707 0000,3655, ,CFS
FOL,D,76,INFLOW,20230708 0000,20230708 0000,3624, ,CFS
FOL,D,76,INFLOW,20230709 0000,20230709 0000,3525, ,CFS
FOL,D,76,INFLOW,20230710 0000,20230710 0000,2648, ,CFS
FOL,D,76,INFLOW,20230711 0000,20230711 0000,3134, ,CFS
FOL,D,76,INFLOW,20230712 0000,20230712 0000,3850, ,CFS
FOL,D,76,INFLOW,20230713 0000,20230713 0000,2736, ,CFS
FOL,D,76,INFLOW,20230714 0000,20230714 0000,3170, ,CFS
FOL,D,76,INFLOW,20230715 0000,20230715 0000,3502, ,CFS
FOL,D,76,INFLOW,20230716 0000,20230716 0000,3084, ,CFS
FOL,D,76,INFLOW,20230717 0000,20230717 0000,3052, ,CFS
FOL,D,76,INFLOW,20230718 0000,20230718 0000,3006, ,CFS
FOL,D,76,INFLOW,20230719 0000,20230719 0000,2967, ,CFS
FOL,D,76,INFLOW,20230720 0000,20230720 0000,2987, ,CFS
FOL,D,76,INFLOW,20230721 0000,20230721 0000,2779, ,CFS
FOL,D,76,INFLOW,20230722 0000,20230722 0000,2975, ,CFS
FOL,D,76,INFLOW,20230723 0000,20230723 0000,2827, ,CFS
FOL,D,76,INFLOW,20230724 0000,20230724 0000,2261, ,CFS
FOL,D,76,INFLOW,20230725 0000,20230725 0000,2401, ,CFS
FOL,D,76,INFLOW,20230726 0000,20230726 0000,2775, ,CFS
FOL,D,76,INFLOW,20230727 0000,20230727 0000,2593, ,CFS
FOL,D,76,INFLOW,20230728 0000,20230728 0000,2566, ,CFS
FOL,D,76,INFLOW,20230729 0000,20230729 0000,3000, ,CFS
FOL,D,76,INFLOW,20230730 0000,20230730 0000,2981, ,CFS
FOL,D,76,INFLOW,20230731 0000,20230731 0000,2676, ,CFS
FOL,D,76,INFLOW,20230801 0000,20230801 0000,2687, ,CFS
FOL,D,76,INFLOW,20230802 0000,20230802 0000,2452, ,CFS
FOL,D,76,INFLOW,20230803 0000,20230803 0000,2228, ,CFS
FOL,D,76,INFLOW,20230804 0000,20230804 0000,2629, ,CFS
FOL,D,76,INFLOW,20230805 0000,20230805 0000,2505, ,CFS
FOL,D,76,INFLOW,20230806 0000,20230806 0000,2106, ,CFS
FOL,D,76,INFLOW,20230807 0000,20230807 0000,2469, ,CFS
FOL,D,76,INFLOW,20230808 0000,20230808 0000,2461, ,CFS
FOL,D,76,INFLOW,20230809 0000,20230809 0000,2638, ,CFS
FOL,D,76,INFLOW,20230810 0000,20230810 0000,2670, ,CFS
FOL,D,76,INFLOW,20230811 0000,20230811 0000,2307, ,CFS
FOL,D,76,INFLOW,20230812 0000,20230812 0000,2444, ,CFS
FOL,D,76,INFLOW,20230813 0000,20230813 0000,2349, ,CFS
FOL,D,76,INFLOW,20230814 0000,20230814 0000,2446, ,CFS
FOL,D,76,INFLOW,20230815 0000,20230815 0000,2705, ,CFS
FOL,D,76,INFLOW,20230816 0000,20230816 0000,3253, ,CFS
FOL,D,76,INFLOW,20230817 0000,20230817 0000,2362, ,CFS
FOL,D,76,INFLOW,20230818 0000,20230818 0000,2183, ,CFS
FOL,D,76,INFLOW,20230819 0000,20230819 0000,2241, ,CFS
FOL,D,76,INFLOW,20230820 0000,20230820 0000,2016, ,CFS
FOL,D,76,INFLOW,20230821 0000,20230821 0000,1984, ,CFS
FOL,D,76,INFLOW,20230822 0000,20230822 0000,1828, ,CFS
FOL,D,76,INFLOW,20230823 0000,20230823 0000,3068, ,CFS
FOL,D,76,INFLOW,20230824 0000,20230824 0000,2904, ,CFS
FOL,D,76,INFLOW,20230825 0000,20230825 0000,2360, ,CFS
FOL,D,76,INFLOW,20230826 0000,20230826 0000,2487, ,CFS
FOL,D,76,INFLOW,20230827 0000,20230827 0000,2425, ,CFS
FOL,D,76,INFLOW,20230828 0000,20230828 0000,2177, ,CFS
FOL,D,76,INFLOW,20230829 0000,20230829 0000,2264, ,CFS
FOL,D,76,INFLOW,20230830 0000,20230830 0000,2035, ,CFS
FOL,D,76,INFLOW,20230831 0000,20230831 0000,1936, ,CFS
FOL,D,76,INFLOW,20230901 0000,20230901 0000,2194, ,CFS
FOL,D,76,INFLOW,20230902 0000,20230902 0000,2851, ,CFS
FOL,D,76,INFLOW,20230903 0000,20230903 0000,2962, ,CFS
FOL,D,76,INFLOW,20230904 0000,20230904 0000,2670, ,CFS
FOL,D,76,INFLOW,20230905 0000,20230905 0000,2932, ,CFS
FOL,D,76,INFLOW,20230906 0000,20230906 0000,2182, ,CFS
FOL,D,76,INFLOW,20230907 0000,20230907 0000,2311, ,CFS
FOL,D,76,INFLOW,20230908 0000,20230908 0000,2417, ,CFS
FOL,D,76,INFLOW,20230909 0000,20230909 0000,2893, ,CFS
FOL,D,76,INFLOW,20230910 0000,20230910 0000,2567, ,CFS
FOL,D,76,INFLOW,20230911 0000,20230911 0000,2223, ,CFS
FOL,D,76,INFLOW,20230912 0000,20230912 0000,2131, ,CFS
FOL,D,76,INFLOW,20230913 0000,20230913 0000,2144, ,CFS
FOL,D,76,INFLOW,20230914 0000,20230914 0000,2241, ,CFS
FOL,D,76,INFLOW,20230915 0000,20230915 0000,2572, ,CFS
FOL,D,76,INFLOW,20230916 0000,20230916 0000,2368, ,CFS
FOL,D,76,INFLOW,20230917 0000,20230917 0000,2225, ,CFS
FOL,D,76,INFLOW,20230918 0000,20230918 0000,1951, ,CFS
FOL,D,76,INFLOW,20230919 0000,20230919 0000,2757, ,CFS
FOL,D,76,INFLOW,20230920 0000,20230920 0000,2279, ,CFS
FOL,D,76,INFLOW,20230921 0000,20230921 0000,2626, ,CFS
FOL,D,76,INFLOW,20230922 0000,20230922 0000,2503, ,CFS
FOL,D,76,INFLOW,20230923 0000,20230923 0000,2162, ,CFS
FOL,D,76,INFLOW,20230924 0000,20230924 0000,2154, ,CFS
FOL,D,76,INFLOW,20230925 0000,20230925 0000,2450, ,CFS
FOL,D,76,INFLOW,20230926 0000,20230926 0000,2187, ,CFS
FOL,D,76,INFLOW,20230927 0000,20230927 0000,2030, ,CFS
FOL,D,76,INFLOW,20230928 0000,20230928 0000,2470, ,CFS
FOL,D,76,INFLOW,20230929 0000,20230929 0000,2273, ,CFS
FOL,D,76,INFLOW,20230930 0000,20230930 0000,2204, ,CFS
FOL,D,76,INFLOW,20231001 0000,20231001 0000,1997, ,CFS
FOL,D,76,INFLOW,20231002 0000,20231002 0000,1198, ,CFS
FOL,D,76,INFLOW,20231003 0000,20231003 0000,898, ,CFS
FOL,D,76,INFLOW,20231004 0000,20231004 0000,921, ,CFS
FOL,D,76,INFLOW,20231005 0000,20231005 0000,806, ,CFS
FOL,D,76,INFLOW,20231006 0000,20231006 0000,1105, ,CFS
FOL,D,76,INFLOW,20231007 0000,20231007 0000,1078, ,CFS
FOL,D,76,INFLOW,20231008 0000,20231008 0000,1156, ,CFS
FOL,D,76,INFLOW,20231009 0000,20231009 0000,862, ,CFS
FOL,D,76,INFLOW,20231010 0000,20231010 0000,948, ,CFS
FOL,D,76,INFLOW,20231011 0000,20231011 0000,898, ,CFS
FOL,D,76,INFLOW,20231012 0000,20231012 0000,938, ,CFS
FOL,D,76,INFLOW,20231013 0000,20231013 0000,976, ,CFS
FOL,D,76,INFLOW,20231014 0000,20231014 0000,1185, ,CFS
FOL,D,76,INFLOW,20231015 0000,20231015 0000,1098, ,CFS
FOL,D,76,INFLOW,20231016 0000,20231016 0000,986, ,CFS
FOL,D,76,INFLOW,20231017 0000,20231017 0000,594, ,CFS
FOL,D,76,INFLOW,20231018 0000,20231018 0000,710, ,CFS
FOL,D,76,INFLOW,20231019 0000,20231019 0000,981, ,CFS
FOL,D,76,INFLOW,20231020 0000,20231020 0000,855, ,CFS
FOL,D,76,INFLOW,20231021 0000,20231021 0000,1014, ,CFS
FOL,D,76,INFLOW,20231022 0000,20231022 0000,1606, ,CFS
FOL,D,76,INFLOW,20231023 0000,20231023 0000,1181, ,CFS
FOL,D,76,INFLOW,20231024 0000,20231024 0000,786, ,CFS
FOL,D,76,INFLOW,20231025 0000,20231025 0000,607, ,CFS
FOL,D,76,INFLOW,20231026 0000,20231026 0000,727, ,CFS
FOL,D,76,INFLOW,20231027 0000,20231027 0000,976, ,CFS
FOL,D,76,INFLOW,20231028 0000,20231028 0000,1474, ,CFS
FOL,D,76,INFLOW,20231029 0000,20231029 0000,911, ,CFS
FOL,D,76,INFLOW,20231030 0000,20231030 0000,1053, ,CFS
FOL,D,76,INFLOW,20231031 0000,20231031 0000,590, ,CFS
FOL,D,76,INFLOW,20231101 0000,20231101 0000,652, ,CFS
FOL,D,76,INFLOW,20231102 0000,20231102 0000,633, ,CFS
FOL,D,76,INFLOW,20231103 0000,20231103 0000,701, ,CFS
FOL,D,76,INFLOW,20231104 0000,20231104 0000,1015, ,CFS
FOL,D,76,INFLOW,20231105 0000,20231105 0000,1086, ,CFS
FOL,D,76,INFLOW,20231106 0000,20231106 0000,813, ,CFS
FOL,D,76,INFLOW,20231107 0000,20231107 0000,801, ,CFS
FOL,D,76,INFLOW,20231108 0000,20231108 0000,985, ,CFS
FOL,D,76,INFLOW,20231109 0000,20231109 0000,760, ,CFS
FOL,D,76,INFLOW,20231110 0000,20231110 0000,902, ,CFS
FOL,D,76,INFLOW,20231111 0000,20231111 0000,1120, ,CFS
FOL,D,76,INFLOW,20231112 0000,20231112 0000,977, ,CFS
FOL,D,76,INFLOW,20231113 0000,20231113 0000,733, ,CFS
FOL,D,76,INFLOW,20231114 0000,20231114 0000,703, ,CFS
FOL,D,76,INFLOW,20231115 0000,20231115 0000,835, ,CFS
FOL,D,76,INFLOW,20231116 0000,20231116 0000,759, ,CFS
FOL,D,76,INFLOW,20231117 0000,20231117 0000,841, ,CFS
FOL,D,76,INFLOW,20231118 0000,20231118 0000,1391, ,CFS
FOL,D,76,INFLOW,20231119 0000,20231119 0000,1414, ,CFS
FOL,D,76,INFLOW,20231120 0000,20231120 0000,1081, ,CFS
FOL,D,76,INFLOW,20231121 0000,20231121 0000,---, ,CFS
FOL,D,76,INFLOW,20231122 0000,20231122 0000,915, ,CFS
FOL,D,76,INFLOW,20231123 0000,20231123 0000,785, ,CFS
FOL,D,76,INFLOW,20231124 0000,20231124 0000,751, ,CFS
FOL,D,76,INFLOW,20231125 0000,20231125 0000,1333, ,CFS
FOL,D,76,INFLOW,20231126 0000,20231126 0000,1263, ,CFS
FOL,D,76,INFLOW,20231127 0000,20231127 0000,1033, ,CFS
FOL,D,76,INFLOW,20231128 0000,20231128 0000,1094, ,CFS
FOL,D,76,INFLOW,20231129 0000,20231129 0000,1375, ,CFS
FOL,D,76,INFLOW,20231130 0000,20231130 0000,1030, ,CFS
FOL,D,76,INFLOW,20231201 0000,20231201 0000,915, ,CFS
FOL,D,76,INFLOW,20231202 0000,20231202 0000,1163, ,CFS
FOL,D,76,INFLOW,20231203 0000,20231203 0000,1213, ,CFS
FOL,D,76,INFLOW,20231204 0000,20231204 0000,899, ,CFS
FOL,D,76,INFLOW,20231205 0000,20231205 0000,923, ,CFS
FOL,D,76,INFLOW,20231206 0000,20231206 0000,1124, ,CFS
FOL,D,76,INFLOW,20231207 0000,20231207 0000,1081, ,CFS
FOL,D,76,INFLOW,20231208 0000,20231208 0000,1154, ,CFS
FOL,D,76,INFLOW,20231209 0000,20231209 0000,1272, ,CFS
FOL,D,76,INFLOW,20231210 0000,20231210 0000,1306, ,CFS
FOL,D,76,INFLOW,20231211 0000,20231211 0000,1087, ,CFS
FOL,D,76,INFLOW,20231212 0000,20231212 0000,729, ,CFS
FOL,D,76,INFLOW,20231213 0000,20231213 0000,1027, ,CFS
FOL,D,76,INFLOW,20231214 0000,20231214 0000,1444, ,CFS
FOL,D,76,INFLOW,20231215 0000,20231215 0000,1578, ,CFS
FOL,D,76,INFLOW,20231216 0000,20231216 0000,1993, ,CFS
FOL,D,76,INFLOW,20231217 0000,20231217 0000,2122, ,CFS
FOL,D,76,INFLOW,20231218 0000,20231218 0000,2143, ,CFS
FOL,D,76,INFLOW,20231219 0000,20231219 0000,3044, ,CFS
FOL,D,76,INFLOW,20231220 0000,20231220 0000,4238, ,CFS
FOL,D,76,INFLOW,20231221 0000,20231221 0000,2719, ,CFS
FOL,D,76,INFLOW,20231222 0000,20231222 0000,2301, ,CFS
FOL,D,76,INFLOW,20231223 0000,20231223 0000,1983, ,CFS
FOL,D,76,INFLOW,20231224 0000,20231224 0000,2125, ,CFS
FOL,D,76,INFLOW,20231225 0000,20231225 0000,2307, ,CFS
FOL,D,76,INFLOW,20231226 0000,20231226 0000,2150, ,CFS
FOL,D,76,INFLOW,20231227 0000,20231227 0000,1803, ,CFS
FOL,D,76,INFLOW,20231228 0000,20231228 0000,2065, ,CFS
FOL,D,76,INFLOW,20231229 0000,20231229 0000,1825, ,CFS
FOL,D,76,INFLOW,20231230 0000,20231230 0000,2345, ,CFS
FOL,D,76,INFLOW,20231231 0000,20231231 0000,1993, ,CFS
FOL,D,76,INFLOW,20240101 0000,20240101 0000,1879, ,CFS
FOL,D,76,INFLOW,20240102 0000,20240102 0000,2017, ,CFS
FOL,D,76,INFLOW,20240103 0000,20240103 0000,2313, ,CFS
FOL,D,76,INFLOW,20240104 0000,20240104 0000,2021, ,CFS
FOL,D,76,INFLOW,20240105 0000,20240105 0000,1628, ,CFS
FOL,D,76,INFLOW,20240106 0000,20240106 0000,1604, ,CFS
FOL,D,76,INFLOW,20240107 0000,20240107 0000,1629, ,CFS
FOL,D,76,INFLOW,20240108 0000,20240108 0000,1319, ,CFS
FOL,D,76,INFLOW,20240109 0000,20240109 0000,1395, ,CFS
FOL,D,76,INFLOW,20240110 0000,20240110 0000,1601, ,CFS
FOL,D,76,INFLOW,20240111 0000,20240111 0000,2542, ,CFS
FOL,D,76,INFLOW,20240112 0000,20240112 0000,2142, ,CFS
FOL,D,76,INFLOW,20240113 0000,20240113 0000,2360, ,CFS
FOL,D,76,INFLOW,20240114 0000,20240114 0000,4125, ,CFS
FOL,D,76,INFLOW,20240115 0000,20240115 0000,3669, ,CFS
FOL,D,76,INFLOW,20240116 0000,20240116 0000,3529, ,CFS
FOL,D,76,INFLOW,20240117 0000,20240117 0000,3200, ,CFS
FOL,D,76,INFLOW,20240118 0000,20240118 0000,3491, ,CFS
FOL,D,76,INFLOW,20240119 0000,20240119 0000,2729, ,CFS
FOL,D,76,INFLOW,20240120 0000,20240120 0000,2918, ,CFS
FOL,D,76,INFLOW,20240121 0000,20240121 0000,5375, ,CFS
FOL,D,76,INFLOW,20240122 0000,20240122 0000,6165, ,CFS
FOL,D,76,INFLOW,20240123 0000,20240123 0000,5411, ,CFS
FOL,D,76,INFLOW,20240124 0000,20240124 0000,4680, ,CFS
FOL,D,76,INFLOW,20240125 0000,20240125 0000,3764, ,CFS
FOL,D,76,INFLOW,20240126 0000,20240126 0000,3694, ,CFS
FOL,D,76,INFLOW,20240127 0000,20240127 0000,3217, ,CFS
FOL,D,76,INFLOW,20240128 0000,20240128 0000,2984, ,CFS
FOL,D,76,INFLOW,20240129 0000,20240129 0000,3143, ,CFS
FOL,D,76,INFLOW,20240130 0000,20240130 0000,3237, ,CFS
FOL,D,76,INFLOW,20240131 0000,20240131 0000,3391, ,CFS
FOL,D,76,INFLOW,20240201 0000,20240201 0000,3683, ,CFS
FOL,D,76,INFLOW,20240202 0000,20240202 0000,4562, ,CFS
FOL,D,76,INFLOW,20240203 0000,20240203 0000,4498, ,CFS
FOL,D,76,INFLOW,20240204 0000,20240204 0000,4297, ,CFS
FOL,D,76,INFLOW,20240205 0000,20240205 0000,7175, ,CFS
FOL,D,76,INFLOW,20240206 0000,20240206 0000,7083, ,CFS
FOL,D,76,INFLOW,20240207 0000,20240207 0000,6082, ,CFS
FOL,D,76,INFLOW,20240208 0000,20240208 0000,5528, ,CFS
FOL,D,76,INFLOW,20240209 0000,20240209 0000,4422, ,CFS
FOL,D,76,INFLOW,20240210 0000,20240210 0000,4149, ,CFS
FOL,D,76,INFLOW,20240211 0000,20240211 0000,3172, ,CFS
FOL,D,76,INFLOW,20240212 0000,20240212 0000,3407, ,CFS
FOL,D,76,INFLOW,20240213 0000,20240213 0000,3479, ,CFS
FOL,D,76,INFLOW,20240214 0000,20240214 0000,3325, ,CFS
FOL,D,76,INFLOW,20240215 0000,20240215 0000,3939, ,CFS
FOL,D,76,INFLOW,20240216 0000,20240216 0000,4060, ,CFS
FOL,D,76,INFLOW,20240217 0000,20240217 0000,4027, ,CFS
FOL,D,76,INFLOW,20240218 0000,20240218 0000,5031, ,CFS
FOL,D,76,INFLOW,20240219 0000,20240219 0000,11284, ,CFS
FOL,D,76,INFLOW,20240220 0000,20240220 0000,12354, ,CFS
FOL,D,76,INFLOW,20240221 0000,20240221 0000,9678, ,CFS
FOL,D,76,INFLOW,20240222 0000,20240222 0000,7761, ,CFS
FOL,D,76,INFLOW,20240223 0000,20240223 0000,6406, ,CFS
FOL,D,76,INFLOW,20240224 0000,20240224 0000,6329, ,CFS
FOL,D,76,INFLOW,20240225 0000,20240225 0000,5294, ,CFS
FOL,D,76,INFLOW,20240226 0000,20240226 0000,4790, ,CFS
FOL,D,76,INFLOW,20240227 0000,20240227 0000,4659, ,CFS
FOL,D,76,INFLOW,20240228 0000,20240228 0000,3922, ,CFS
FOL,D,76,INFLOW,20240229 0000,20240229 0000,4210, ,CFS
FOL,D,76,INFLOW,20240301 0000,20240301 0000,7879, ,CFS
FOL,D,76,INFLOW,20240302 0000,20240302 0000,16281, ,CFS
FOL,D,76,INFLOW,20240303 0000,20240303 0000,12558, ,CFS
FOL,D,76,INFLOW,20240304 0000,20240304 0000,9386, ,CFS
FOL,D,76,INFLOW,20240305 0000,20240305 0000,7771, ,CFS
FOL,D,76,INFLOW,20240306 0000,20240306 0000,6996, ,CFS
FOL,D,76,INFLOW,20240307 0000,20240307 0000,6606, ,CFS
FOL,D,76,INFLOW,20240308 0000,20240308 0000,5689, ,CFS
FOL,D,76,INFLOW,20240309 0000,20240309 0000,5573, ,CFS
FOL,D,76,INFLOW,20240310 0000,20240310 0000,5113, ,CFS
FOL,D,76,INFLOW,20240311 0000,20240311 0000,4793, ,CFS
FOL,D,76,INFLOW,20240312 0000,20240312 0000,5452, ,CFS
FOL,D,76,INFLOW,20240313 0000,20240313 0000,5911, ,CFS
FOL,D,76,INFLOW,20240314 0000,20240314 0000,5901, ,CFS
FOL,D,76,INFLOW,20240315 0000,20240315 0000,5657, ,CFS
FOL,D,76,INFLOW,20240316 0000,20240316 0000,5509, ,CFS
FOL,D,76,INFLOW,20240317 0000,20240317 0000,5166, ,CFS
FOL,D,76,INFLOW,20240318 0000,20240318 0000,5531, ,CFS
FOL,D,76,INFLOW,20240319 0000,20240319 0000,5676, ,CFS
FOL,D,76,INFLOW,20240320 0000,20240320 0000,5741, ,CFS
FOL,D,76,INFLOW,20240321 0000,20240321 0000,5923, ,CFS
FOL,D,76,INFLOW,20240322 0000,20240322 0000,6119, ,CFS
FOL,D,76,INFLOW,20240323 0000,20240323 0000,8251, ,CFS
FOL,D,76,INFLOW,20240324 0000,20240324 0000,8409, ,CFS
FOL,D,76,INFLOW,20240325 0000,20240325 0000,7815, ,CFS
FOL,D,76,INFLOW,20240326 0000,20240326 0000,6789, ,CFS
FOL,D,76,INFLOW,20240327 0000,20240327 0000,6710, ,CFS
FOL,D,76,INFLOW,20240328 0000,20240328 0000,6628, ,CFS
FOL,D,76,INFLOW,20240329 0000,20240329 0000,8494, ,CFS
FOL,D,76,INFLOW,20240330 0000,20240330 0000,8011, ,CFS
FOL,D,76,INFLOW,20240331 0000,20240331 0000,6949, ,CFS
FOL,D,76,INFLOW,20240401 0000,20240401 0000,6535, ,CFS
FOL,D,76,INFLOW,20240402 0000,20240402 0000,6442, ,CFS
FOL,D,76,INFLOW,20240403 0000,20240403 0000,6451, ,CFS
FOL,D,76,INFLOW,20240404 0000,20240404 0000,8299, ,CFS
FOL,D,76,INFLOW,20240405 0000,20240405 0000,7565, ,CFS
FOL,D,76,INFLOW,20240406 0000,20240406 0000,6416, ,CFS
FOL,D,76,INFLOW,20240407 0000,20240407 0000,5661, ,CFS
FOL,D,76,INFLOW,20240408 0000,20240408 0000,5867, ,CFS
FOL,D,76,INFLOW,20240409 0000,20240409 0000,5542, ,CFS
FOL,D,76,INFLOW,20240410 0000,20240410 0000,5707, ,CFS
FOL,D,76,INFLOW,20240411 0000,20240411 0000,6249, ,CFS
FOL,D,76,INFLOW,20240412 0000,20240412 0000,6732, ,CFS
FOL,D,76,INFLOW,20240413 0000,20240413 0000,8498, ,CFS
FOL,D,76,INFLOW,20240414 0000,20240414 0000,6991, ,CFS
FOL,D,76,INFLOW,20240415 0000,20240415 0000,5851, ,CFS
FOL,D,76,INFLOW,20240416 0000,20240416 0000,5681, ,CFS
FOL,D,76,INFLOW,20240417 0000,20240417 0000,6949, ,CFS
FOL,D,76,INFLOW,20240418 0000,20240418 0000,6883, ,CFS
FOL,D,76,INFLOW,20240419 0000,20240419 0000,6876, ,CFS
FOL,D,76,INFLOW,20240420 0000,20240420 0000,6837, ,CFS
FOL,D,76,INFLOW,20240421 0000,20240421 0000,7033, ,CFS
FOL,D,76,INFLOW,20240422 0000,20240422 0000,8116, ,CFS
FOL,D,76,INFLOW,20240423 0000,20240423 0000,8457, ,CFS
FOL,D,76,INFLOW,20240424 0000,20240424 0000,7296, ,CFS
FOL,D,76,INFLOW,20240425 0000,20240425 0000,7364, ,CFS
FOL,D,76,INFLOW,20240426 0000,20240426 0000,7201, ,CFS
FOL,D,76,INFLOW,20240427 0000,20240427 0000,6495, ,CFS
FOL,D,76,INFLOW,20240428 0000,20240428 0000,5753, ,CFS
FOL,D,76,INFLOW,20240429 0000,20240429 0000,5749, ,CFS
FOL,D,76,INFLOW,20240430 0000,20240430 0000,5939, ,CFS
FOL,D,76,INFLOW,20240501 0000,20240501 0000,5692, ,CFS
FOL,D,76,INFLOW,20240502 0000,20240502 0000,5843, ,CFS
FOL,D,76,INFLOW,20240503 0000,20240503 0000,5943, ,CFS
FOL,D,76,INFLOW,20240504 0000,20240504 0000,7102, ,CFS
FOL,D,76,INFLOW,20240505 0000,20240505 0000,6565, ,CFS
FOL,D,76,INFLOW,20240506 0000,20240506 0000,5643, ,CFS
FOL,D,76,INFLOW,20240507 0000,20240507 0000,5053, ,CFS
FOL,D,76,INFLOW,20240508 0000,20240508 0000,5510, ,CFS
FOL,D,76,INFLOW,20240509 0000,20240509 0000,6396, ,CFS
FOL,D,76,INFLOW,20240510 0000,20240510 0000,6861, ,CFS
FOL,D,76,INFLOW,20240511 0000,20240511 0000,6939, ,CFS
FOL,D,76,INFLOW,20240512 0000,20240512 0000,6888, ,CFS
FOL,D,76,INFLOW,20240513 0000,20240513 0000,7138, ,CFS
FOL,D,76,INFLOW,20240514 0000,20240514 0000,7277, ,CFS
FOL,D,76,INFLOW,20240515 0000,20240515 0000,6944, ,CFS
FOL,D,76,INFLOW,20240516 0000,20240516 0000,6666, ,CFS
FOL,D,76,INFLOW,20240517 0000,20240517 0000,6580, ,CFS
FOL,D,76,INFLOW,20240518 0000,20240518 0000,6432, ,CFS
FOL,D,76,INFLOW,20240519 0000,20240519 0000,6410, ,CFS
FOL,D,76,INFLOW,20240520 0000,20240520 0000,6326, ,CFS
FOL,D,76,INFLOW,20240521 0000,20240521 0000,5925, ,CFS
FOL,D,76,INFLOW,20240522 0000,20240522 0000,5032, ,CFS
FOL,D,76,INFLOW,20240523 0000,20240523 0000,5535, ,CFS
FOL,D,76,INFLOW,20240524 0000,20240524 0000,4049, ,CFS
FOL,D,76,INFLOW,20240525 0000,20240525 0000,3777, ,CFS
FOL,D,76,INFLOW,20240526 0000,20240526 0000,3306, ,CFS
FOL,D,76,INFLOW,20240527 0000,20240527 0000,4101, ,CFS
FOL,D,76,INFLOW,20240528 0000,20240528 0000,4202, ,CFS
FOL,D,76,INFLOW,20240529 0000,20240529 0000,3288, ,CFS
FOL,D,76,INFLOW,20240530 0000,20240530 0000,3932, ,CFS
FOL,D,76,INFLOW,20240531 0000,20240531 0000,4017, ,CFS
FOL,D,76,INFLOW,20240601 0000,20240601 0000,3602, ,CFS
FOL,D,76,INFLOW,20240602 0000,20240602 0000,3367, ,CFS
FOL,D,76,INFLOW,20240603 0000,20240603 0000,3327, ,CFS
FOL,D,76,INFLOW,20240604 0000,20240604 0000,3077, ,CFS
FOL,D,76,INFLOW,20240605 0000,20240605 0000,3148, ,CFS
FOL,D,76,INFLOW,20240606 0000,20240606 0000,3244, ,CFS
FOL,D,76,INFLOW,20240607 0000,20240607 0000,3016, ,CFS
FOL,D,76,INFLOW,20240608 0000,20240608 0000,3395, ,CFS
FOL,D,76,INFLOW,20240609 0000,20240609 0000,2942, ,CFS
FOL,D,76,INFLOW,20240610 0000,20240610 0000,2878, ,CFS
FOL,D,76,INFLOW,20240611 0000,20240611 0000,3375, ,CFS
FOL,D,76,INFLOW,20240612 0000,20240612 0000,3237, ,CFS
FOL,D,76,INFLOW,20240613 0000,20240613 0000,2727, ,CFS
FOL,D,76,INFLOW,20240614 0000,20240614 0000,2336, ,CFS
FOL,D,76,INFLOW,20240615 0000,20240615 0000,2460, ,CFS
FOL,D,76,INFLOW,20240616 0000,20240616 0000,1925, ,CFS
FOL,D,76,INFLOW,20240617 0000,20240617 0000,1887, ,CFS
FOL,D,76,INFLOW,20240618 0000,20240618 0000,1808, ,CFS
FOL,D,76,INFLOW,20240619 0000,20240619 0000,1497, ,CFS
FOL,D,76,INFLOW,20240620 0000,20240620 0000,1747, ,CFS
FOL,D,76,INFLOW,20240621 0000,20240621 0000,1814, ,CFS
FOL,D,76,INFLOW,20240622 0000,20240622 0000,1991, ,CFS
FOL,D,76,INFLOW,20240623 0000,20240623 0000,2069, ,CFS
FOL,D,76,INFLOW,20240624 0000,20240624 0000,2671, ,CFS
FOL,D,76,INFLOW,20240625 0000,20240625 0000,1005, ,CFS
FOL,D,76,INFLOW,20240626 0000,20240626 0000,1308, ,CFS
FOL,D,76,INFLOW,20240627 0000,20240627 0000,1142, ,CFS
FOL,D,76,INFLOW,20240628 0000,20240628 0000,2815, ,CFS
FOL,D,76,INFLOW,20240629 0000,20240629 0000,138, ,CFS
FOL,D,76,INFLOW,20240630 0000,20240630 0000,1441, ,CFS
FOL,D,76,INFLOW,20240701 0000,20240701 0000,1266, ,CFS
FOL,D,76,INFLOW,20240702 0000,20240702 0000,1489, ,CFS
FOL,D,76,INFLOW,20240703 0000,20240703 0000,1548, ,CFS
FOL,D,76,INFLOW,20240704 0000,20240704 0000,1704, ,CFS
FOL,D,76,INFLOW,20240705 0000,20240705 0000,1449, ,CFS
FOL,D,76,INFLOW,20240706 0000,20240706 0000,1706, ,CFS
FOL,D,76,INFLOW,20240707 0000,20240707 0000,1646, ,CFS
FOL,D,76,INFLOW,20240708 0000,20240708 0000,1434, ,CFS
FOL,D,76,INFLOW,20240709 0000,20240709 0000,1492, ,CFS
FOL,D,76,INFLOW,20240710 0000,20240710 0000,1088, ,CFS
FOL,D,76,INFLOW,20240711 0000,20240711 0000,1962, ,CFS
FOL,D,76,INFLOW,20240712 0000,20240712 0000,2037, ,CFS
FOL,D,76,INFLOW,20240713 0000,20240713 0000,2009, ,CFS
FOL,D,76,INFLOW,20240714 0000,20240714 0000,1438, ,CFS
FOL,D,76,INFLOW,20240715 0000,20240715 0000,1539, ,CFS
FOL,D,76,INFLOW,20240716 0000,20240716 0000,1335, ,CFS
FOL,D,76,INFLOW,20240717 0000,20240717 0000,1663, ,CFS
FOL,D,76,INFLOW,20240718 0000,20240718 0000,1757, ,CFS
FOL,D,76,INFLOW,20240719 0000,20240719 0000,1581, ,CFS
FOL,D,76,INFLOW,20240720 0000,20240720 0000,1874, ,CFS
FOL,D,76,INFLOW,20240721 0000,20240721 0000,1352, ,CFS
FOL,D,76,INFLOW,20240722 0000,20240722 0000,1346, ,CFS
FOL,D,76,INFLOW,20240723 0000,20240723 0000,1679, ,CFS
FOL,D,76,INFLOW,20240724 0000,20240724 0000,2003, ,CFS
FOL,D,76,INFLOW,20240725 0000,20240725 0000,2263, ,CFS
FOL,D,76,INFLOW,20240726 0000,20240726 0000,1665, ,CFS
FOL,D,76,INFLOW,20240727 0000,20240727 0000,1561, ,CFS
FOL,D,76,INFLOW,20240728 0000,20240728 0000,1449, ,CFS
FOL,D,76,INFLOW,20240729 0000,20240729 0000,1067, ,CFS
FOL,D,76,INFLOW,20240730 0000,20240730 0000,1508, ,CFS
FOL,D,76,INFLOW,20240731 0000,20240731 0000,1211, ,CFS
FOL,D,76,INFLOW,20240801 0000,20240801 0000,1608, ,CFS
FOL,D,76,INFLOW,20240802 0000,20240802 0000,1986, ,CFS
FOL,D,76,INFLOW,20240803 0000,20240803 0000,2595, ,CFS
FOL,D,76,INFLOW,20240804 0000,20240804 0000,1683, ,CFS
FOL,D,76,INFLOW,20240805 0000,20240805 0000,1612, ,CFS
FOL,D,76,INFLOW,20240806 0000,20240806 0000,1679, ,CFS
FOL,D,76,INFLOW,20240807 0000,20240807 0000,1336, ,CFS
FOL,D,76,INFLOW,20240808 0000,20240808 0000,1560, ,CFS
FOL,D,76,INFLOW,20240809 0000,20240809 0000,1414, ,CFS
FOL,D,76,INFLOW,20240810 0000,20240810 0000,1818, ,CFS
FOL,D,76,INFLOW,20240811 0000,20240811 0000,1890, ,CFS
FOL,D,76,INFLOW,20240812 0000,20240812 0000,1794, ,CFS
FOL,D,76,INFLOW,20240813 0000,20240813 0000,1738, ,CFS
FOL,D,76,INFLOW,20240814 0000,20240814 0000,1714, ,CFS
FOL,D,76,INFLOW,20240815 0000,20240815 0000,1897, ,CFS
FOL,D,76,INFLOW,20240816 0000,20240816 0000,1930, ,CFS
FOL,D,76,INFLOW,20240817 0000,20240817 0000,1666, ,CFS
FOL,D,76,INFLOW,20240818 0000,20240818 0000,1635, ,CFS
FOL,D,76,INFLOW,20240819 0000,20240819 0000,1516, ,CFS
FOL,D,76,INFLOW,20240820 0000,20240820 0000,1564, ,CFS
FOL,D,76,INFLOW,20240821 0000,20240821 0000,1549, ,CFS
FOL,D,76,INFLOW,20240822 0000,20240822 0000,1842, ,CFS
FOL,D,76,INFLOW,20240823 0000,20240823 0000,1388, ,CFS
FOL,D,76,INFLOW,20240824 0000,20240824 0000,1528, ,CFS
FOL,D,76,INFLOW,20240825 0000,20240825 0000,1688, ,CFS
FOL,D,76,INFLOW,20240826 0000,20240826 0000,1520, ,CFS
FOL,D,76,INFLOW,20240827 0000,20240827 0000,1556, ,CFS
FOL,D,76,INFLOW,20240828 0000,20240828 0000,1995, ,CFS
FOL,D,76,INFLOW,20240829 0000,20240829 0000,1957, ,CFS
FOL,D,76,INFLOW,20240830 0000,20240830 0000,1891, ,CFS
FOL,D,76,INFLOW,20240831 0000,20240831 0000,1919, ,CFS
FOL,D,76,INFLOW,20240901 0000,20240901 0000,1478, ,CFS
FOL,D,76,INFLOW,20240902 0000,20240902 0000,1368, ,CFS
FOL,D,76,INFLOW,20240903 0000,20240903 0000,1414, ,CFS
FOL,D,76,INFLOW,20240904 0000,20240904 0000,1592, ,CFS
FOL,D,76,INFLOW,20240905 0000,20240905 0000,2050, ,CFS
FOL,D,76,INFLOW,20240906 0000,20240906 0000,2057, ,CFS
FOL,D,76,INFLOW,20240907 0000,20240907 0000,2058, ,CFS
FOL,D,76,INFLOW,20240908 0000,20240908 0000,1859, ,CFS
FOL,D,76,INFLOW,20240909 0000,20240909 0000,1707, ,CFS
FOL,D,76,INFLOW,20240910 0000,20240910 0000,1547, ,CFS
FOL,D,76,INFLOW,20240911 0000,20240911 0000,1162, ,CFS
FOL,D,76,INFLOW,20240912 0000,20240912 0000,1277, ,CFS
FOL,D,76,INFLOW,20240913 0000,20240913 0000,1342, ,CFS
FOL,D,76,INFLOW,20240914 0000,20240914 0000,1647, ,CFS
FOL,D,76,INFLOW,20240915 0000,20240915 0000,1372, ,CFS
FOL,D,76,INFLOW,20240916 0000,20240916 0000,1080, ,CFS
FOL,D,76,INFLOW,20240917 0000,20240917 0000,1263, ,CFS
FOL,D,76,INFLOW,20240918 0000,20240918 0000,1093, ,CFS
FOL,D,76,INFLOW,20240919 0000,20240919 0000,1663, ,CFS
FOL,D,76,INFLOW,20240920 0000,20240920 0000,1713, ,CFS
FOL,D,76,INFLOW,20240921 0000,20240921 0000,1635, ,CFS
FOL,D,76,INFLOW,20240922 0000,20240922 0000,1478, ,CFS
FOL,D,76,INFLOW,20240923 0000,20240923 0000,1476, ,CFS
FOL,D,76,INFLOW,20240924 0000,20240924 0000,1473, ,CFS
FOL,D,76,INFLOW,20240925 0000,20240925 0000,1480, ,CFS
FOL,D,76,INFLOW,20240926 0000,20240926 0000,1809, ,CFS
FOL,D,76,INFLOW,20240927 0000,20240927 0000,1724, ,CFS
FOL,D,76,INFLOW,20240928 0000,20240928 0000,1663, ,CFS
FOL,D,76,INFLOW,20240929 0000,20240929 0000,1828, ,CFS
FOL,D,76,INFLOW,20240930 0000,20240930 0000,1277, ,CFS
FOL,D,76,INFLOW,20241001 0000,20241001 0000,1361, ,CFS
FOL,D,76,INFLOW,20241002 0000,20241002 0000,1342, ,CFS
FOL,D,76,INFLOW,20241003 0000,20241003 0000,1252, ,CFS
FOL,D,76,INFLOW,20241004 0000,20241004 0000,1261, ,CFS
FOL,D,76,INFLOW,20241005 0000,20241005 0000,1048, ,CFS
FOL,D,76,INFLOW,20241006 0000,20241006 0000,1101, ,CFS
FOL,D,76,INFLOW,20241007 0000,20241007 0000,1208, ,CFS
FOL,D,76,INFLOW,20241008 0000,20241008 0000,891, ,CFS
FOL,D,76,INFLOW,20241009 0000,20241009 0000,1008, ,CFS
FOL,D,76,INFLOW,20241010 0000,20241010 0000,730, ,CFS
FOL,D,76,INFLOW,20241011 0000,20241011 0000,970, ,CFS
FOL,D,76,INFLOW,20241012 0000,20241012 0000,997, ,CFS
FOL,D,76,INFLOW,20241013 0000,20241013 0000,956, ,CFS
FOL,D,76,INFLOW,20241014 0000,20241014 0000,971, ,CFS
FOL,D,76,INFLOW,20241015 0000,20241015 0000,650, ,CFS
FOL,D,76,INFLOW,20241016 0000,20241016 0000,707, ,CFS
FOL,D,76,INFLOW,20241017 0000,20241017 0000,583, ,CFS
FOL,D,76,INFLOW,20241018 0000,20241018 0000,687, ,CFS
FOL,D,76,INFLOW,20241019 0000,20241019 0000,867, ,CFS
FOL,D,76,INFLOW,20241020 0000,20241020 0000,772, ,CFS
FOL,D,76,INFLOW,20241021 0000,20241021 0000,752, ,CFS
FOL,D,76,INFLOW,20241022 0000,20241022 0000,508, ,CFS
FOL,D,76,INFLOW,20241023 0000,20241023 0000,443, ,CFS
FOL,D,76,INFLOW,20241024 0000,20241024 0000,536, ,CFS
FOL,D,76,INFLOW,20241025 0000,20241025 0000,629, ,CFS
FOL,D,76,INFLOW,20241026 0000,20241026 0000,811, ,CFS
FOL,D,76,INFLOW,20241027 0000,20241027 0000,803, ,CFS
FOL,D,76,INFLOW,20241028 0000,20241028 0000,694, ,CFS
FOL,D,76,INFLOW,20241029 0000,20241029 0000,527, ,CFS
FOL,D,76,INFLOW,20241030 0000,20241030 0000,441, ,CFS
FOL,D,76,INFLOW,20241031 0000,20241031 0000,557, ,CFS
FOL,D,76,INFLOW,20241101 0000,20241101 0000,551, ,CFS
FOL,D,76,INFLOW,20241102 0000,20241102 0000,762, ,CFS
FOL,D,76,INFLOW,20241103 0000,20241103 0000,598, ,CFS
FOL,D,76,INFLOW,20241104 0000,20241104 0000,469, ,CFS
FOL,D,76,INFLOW,20241105 0000,20241105 0000,520, ,CFS
FOL,D,76,INFLOW,20241106 0000,20241106 0000,504, ,CFS
FOL,D,76,INFLOW,20241107 0000,20241107 0000,481, ,CFS
FOL,D,76,INFLOW,20241108 0000,20241108 0000,534, ,CFS
FOL,D,76,INFLOW,20241109 0000,20241109 0000,706, ,CFS
FOL,D,76,INFLOW,20241110 0000,20241110 0000,831, ,CFS
FOL,D,76,INFLOW,20241111 0000,20241111 0000,624, ,CFS
FOL,D,76,INFLOW,20241112 0000,20241112 0000,556, ,CFS
FOL,D,76,INFLOW,20241113 0000,20241113 0000,489, ,CFS
FOL,D,76,INFLOW,20241114 0000,20241114 0000,510, ,CFS
FOL,D,76,INFLOW,20241115 0000,20241115 0000,668, ,CFS
FOL,D,76,INFLOW,20241116 0000,20241116 0000,739, ,CFS
FOL,D,76,INFLOW,20241117 0000,20241117 0000,762, ,CFS
FOL,D,76,INFLOW,20241118 0000,20241118 0000,542, ,CFS
FOL,D,76,INFLOW,20241119 0000,20241119 0000,486, ,CFS
FOL,D,76,INFLOW,20241120 0000,20241120 0000,678, ,CFS
FOL,D,76,INFLOW,20241121 0000,20241121 0000,1097, ,CFS
FOL,D,76,INFLOW,20241122 0000,20241122 0000,1885, ,CFS
FOL,D,76,INFLOW,20241123 0000,20241123 0000,3151, ,CFS
FOL,D,76,INFLOW,20241124 0000,20241124 0000,2205, ,CFS
FOL,D,76,INFLOW,20241125 0000,20241125 0000,1135, ,CFS
FOL,D,76,INFLOW,20241126 0000,20241126 0000,1079, ,CFS
FOL,D,76,INFLOW,20241127 0000,20241127 0000,1190, ,CFS
FOL,D,76,INFLOW,20241128 0000,20241128 0000,1081, ,CFS
FOL,D,76,INFLOW,20241129 0000,20241129 0000,839, ,CFS
FOL,D,76,INFLOW,20241130 0000,20241130 0000,1163, ,CFS
FOL,D,76,INFLOW,20241201 0000,20241201 0000,1041, ,CFS
FOL,D,76,INFLOW,20241202 0000,20241202 0000,950, ,CFS
FOL,D,76,INFLOW,20241203 0000,20241203 0000,847, ,CFS
FOL,D,76,INFLOW,20241204 0000,20241204 0000,838, ,CFS
FOL,D,76,INFLOW,20241205 0000,20241205 0000,862, ,CFS
FOL,D,76,INFLOW,20241206 0000,20241206 0000,980, ,CFS
FOL,D,76,INFLOW,20241207 0000,20241207 0000,---, ,CFS
FOL,D,76,INFLOW,20241208 0000,20241208 0000,1155, ,CFS
FOL,D,76,INFLOW,20241209 0000,20241209 0000,868, ,CFS
FOL,D,76,INFLOW,20241210 0000,20241210 0000,831, ,CFS
FOL,D,76,INFLOW,20241211 0000,20241211 0000,833, ,CFS
FOL,D,76,INFLOW,20241212 0000,20241212 0000,990, ,CFS
FOL,D,76,INFLOW,20241213 0000,20241213 0000,1231, ,CFS
FOL,D,76,INFLOW,20241214 0000,20241214 0000,2508, ,CFS
FOL,D,76,INFLOW,20241215 0000,20241215 0000,2812, ,CFS
FOL,D,76,INFLOW,20241216 0000,20241216 0000,1744, ,CFS
FOL,D,76,INFLOW,20241217 0000,20241217 0000,1423, ,CFS
FOL,D,76,INFLOW,20241218 0000,20241218 0000,1341, ,CFS
FOL,D,76,INFLOW,20241219 0000,20241219 0000,1419, ,CFS
FOL,D,76,INFLOW,20241220 0000,20241220 0000,1132, ,CFS
FOL,D,76,INFLOW,20241221 0000,20241221 0000,1429, ,CFS
FOL,D,76,INFLOW,20241222 0000,20241222 0000,1655, ,CFS
FOL,D,76,INFLOW,20241223 0000,20241223 0000,1901, ,CFS
FOL,D,76,INFLOW,20241224 0000,20241224 0000,2747, ,CFS
FOL,D,76,INFLOW,20241225 0000,20241225 0000,3092, ,CFS
FOL,D,76,INFLOW,20241226 0000,20241226 0000,2698, ,CFS
FOL,D,76,INFLOW,20241227 0000,20241227 0000,5813, ,CFS
FOL,D,76,INFLOW,20241228 0000,20241228 0000,6073, ,CFS
FOL,D,76,INFLOW,20241229 0000,20241229 0000,7617, ,CFS
FOL,D,76,INFLOW,20241230 0000,20241230 0000,9607, ,CFS
FOL,D,76,INFLOW,20241231 0000,20241231 0000,4841, ,CFS
FOL,D,76,INFLOW,20250101 0000,20250101 0000,3605, ,CFS
FOL,D,76,INFLOW,20250102 0000,20250102 0000,2696, ,CFS
FOL,D,76,INFLOW,20250103 0000,20250103 0000,3069, ,CFS
FOL,D,76,INFLOW,20250104 0000,20250104 0000,3306, ,CFS
FOL,D,76,INFLOW,20250105 0000,20250105 0000,2898, ,CFS
FOL,D,76,INFLOW,20250106 0000,20250106 0000,2399, ,CFS
FOL,D,76,INFLOW,20250107 0000,20250107 0000,2227, ,CFS
FOL,D,76,INFLOW,20250108 0000,20250108 0000,1829, ,CFS
FOL,D,76,INFLOW,20250109 0000,20250109 0000,1838, ,CFS
FOL,D,76,INFLOW,20250110 0000,20250110 0000,1434, ,CFS
FOL,D,76,INFLOW,20250111 0000,20250111 0000,1725, ,CFS
FOL,D,76,INFLOW,20250112 0000,20250112 0000,1686, ,CFS
FOL,D,76,INFLOW,20250113 0000,20250113 0000,1408, ,CFS
FOL,D,76,INFLOW,20250114 0000,20250114 0000,1591, ,CFS
FOL,D,76,INFLOW,20250115 0000,20250115 0000,1383, ,CFS
FOL,D,76,INFLOW,20250116 0000,20250116 0000,1434, ,CFS
FOL,D,76,INFLOW,20250117 0000,20250117 0000,1683, ,CFS
FOL,D,76,INFLOW,20250118 0000,20250118 0000,1787, ,CFS
FOL,D,76,INFLOW,20250119 0000,20250119 0000,1678, ,CFS
FOL,D,76,INFLOW,20250120 0000,20250120 0000,1846, ,CFS
FOL,D,76,INFLOW,20250121 0000,20250121 0000,1870, ,CFS
FOL,D,76,INFLOW,20250122 0000,20250122 0000,1643, ,CFS
FOL,D,76,INFLOW,20250123 0000,20250123 0000,1409, ,CFS
FOL,D,76,INFLOW,20250124 0000,20250124 0000,1045, ,CFS
FOL,D,76,INFLOW,20250125 0000,20250125 0000,1384, ,CFS
FOL,D,76,INFLOW,20250126 0000,20250126 0000,1611, ,CFS
FOL,D,76,INFLOW,20250127 0000,20250127 0000,1435, ,CFS
FOL,D,76,INFLOW,20250128 0000,20250128 0000,1394, ,CFS
FOL,D,76,INFLOW,20250129 0000,20250129 0000,1405, ,CFS
FOL,D,76,INFLOW,20250130 0000,20250130 0000,1384, ,CFS
FOL,D,76,INFLOW,20250131 0000,20250131 0000,2470, ,CFS
FOL,D,76,INFLOW,20250201 0000,20250201 0000,3560, ,CFS
FOL,D,76,INFLOW,20250202 0000,20250202 0000,15318, ,CFS
FOL,D,76,INFLOW,20250203 0000,20250203 0000,16892, ,CFS
FOL,D,76,INFLOW,20250204 0000,20250204 0000,18705, ,CFS
FOL,D,76,INFLOW,20250205 0000,20250205 0000,23381, ,CFS
FOL,D,76,INFLOW,20250206 0000,20250206 0000,12621, ,CFS
FOL,D,76,INFLOW,20250207 0000,20250207 0000,18353, ,CFS
FOL,D,76,INFLOW,20250208 0000,20250208 0000,11650, ,CFS
FOL,D,76,INFLOW,20250209 0000,20250209 0000,8805, ,CFS
FOL,D,76,INFLOW,20250210 0000,20250210 0000,7225, ,CFS
FOL,D,76,INFLOW,20250211 0000,20250211 0000,5810, ,CFS
FOL,D,76,INFLOW,20250212 0000,20250212 0000,5509, ,CFS
FOL,D,76,INFLOW,20250213 0000,20250213 0000,15728, ,CFS
FOL,D,76,INFLOW,20250214 0000,20250214 0000,26461, ,CFS
FOL,D,76,INFLOW,20250215 0000,20250215 0000,14554, ,CFS
FOL,D,76,INFLOW,20250216 0000,20250216 0000,10632, ,CFS
FOL,D,76,INFLOW,20250217 0000,20250217 0000,8177, ,CFS
FOL,D,76,INFLOW,20250218 0000,20250218 0000,7023, ,CFS
FOL,D,76,INFLOW,20250219 0000,20250219 0000,6504, ,CFS
FOL,D,76,INFLOW,20250220 0000,20250220 0000,5749, ,CFS
FOL,D,76,INFLOW,20250221 0000,20250221 0000,5281, ,CFS
FOL,D,76,INFLOW,20250222 0000,20250222 0000,4536, ,CFS
FOL,D,76,INFLOW,20250223 0000,20250223 0000,4096, ,CFS
FOL,D,76,INFLOW,20250224 0000,20250224 0000,4296, ,CFS
FOL,D,76,INFLOW,20250225 0000,20250225 0000,4630, ,CFS
FOL,D,76,INFLOW,20250226 0000,20250226 0000,4533, ,CFS
FOL,D,76,INFLOW,20250227 0000,20250227 0000,4174, ,CFS
FOL,D,76,INFLOW,20250228 0000,20250228 0000,4639, ,CFS
FOL,D,76,INFLOW,20250301 0000,20250301 0000,4833, ,CFS
FOL,D,76,INFLOW,20250302 0000,20250302 0000,4832, ,CFS
FOL,D,76,INFLOW,20250303 0000,20250303 0000,5121, ,CFS
FOL,D,76,INFLOW,20250304 0000,20250304 0000,5077, ,CFS
FOL,D,76,INFLOW,20250305 0000,20250305 0000,4235, ,CFS
FOL,D,76,INFLOW,20250306 0000,20250306 0000,4210, ,CFS
FOL,D,76,INFLOW,20250307 0000,20250307 0000,4118, ,CFS
FOL,D,76,INFLOW,20250308 0000,20250308 0000,3734, ,CFS
FOL,D,76,INFLOW,20250309 0000,20250309 0000,4154, ,CFS
FOL,D,76,INFLOW,20250310 0000,20250310 0000,3625, ,CFS
FOL,D,76,INFLOW,20250311 0000,20250311 0000,3350, ,CFS
FOL,D,76,INFLOW,20250312 0000,20250312 0000,3965, ,CFS
FOL,D,76,INFLOW,20250313 0000,20250313 0000,5970, ,CFS
FOL,D,76,INFLOW,20250314 0000,20250314 0000,5775, ,CFS
FOL,D,76,INFLOW,20250315 0000,20250315 0000,5852, ,CFS
FOL,D,76,INFLOW,20250316 0000,20250316 0000,5413, ,CFS
FOL,D,76,INFLOW,20250317 0000,20250317 0000,12078, ,CFS
FOL,D,76,INFLOW,20250318 0000,20250318 0000,12003, ,CFS
FOL,D,76,INFLOW,20250319 0000,20250319 0000,8708, ,CFS
FOL,D,76,INFLOW,20250320 0000,20250320 0000,7218, ,CFS
FOL,D,76,INFLOW,20250321 0000,20250321 0000,6639, ,CFS
FOL,D,76,INFLOW,20250322 0000,20250322 0000,6238, ,CFS
FOL,D,76,INFLOW,20250323 0000,20250323 0000,6219, ,CFS
FOL,D,76,INFLOW,20250324 0000,20250324 0000,6202, ,CFS
FOL,D,76,INFLOW,20250325 0000,20250325 0000,7072, ,CFS
FOL,D,76,INFLOW,20250326 0000,20250326 0000,8048, ,CFS
FOL,D,76,INFLOW,20250327 0000,20250327 0000,8127, ,CFS
FOL,D,76,INFLOW,20250328 0000,20250328 0000,8315, ,CFS
FOL,D,76,INFLOW,20250329 0000,20250329 0000,6946, ,CFS
FOL,D,76,INFLOW,20250330 0000,20250330 0000,6880, ,CFS
FOL,D,76,INFLOW,20250331 0000,20250331 0000,8468, ,CFS
FOL,D,76,INFLOW,20250401 0000,20250401 0000,11198, ,CFS
FOL,D,76,INFLOW,20250402 0000,20250402 0000,12223, ,CFS
FOL,D,76,INFLOW,20250403 0000,20250403 0000,10060, ,CFS
FOL,D,76,INFLOW,20250404 0000,20250404 0000,8813, ,CFS
FOL,D,76,INFLOW,20250405 0000,20250405 0000,7846, ,CFS
FOL,D,76,INFLOW,20250406 0000,20250406 0000,7218, ,CFS
FOL,D,76,INFLOW,20250407 0000,20250407 0000,7751, ,CFS
FOL,D,76,INFLOW,20250408 0000,20250408 0000,7402, ,CFS
FOL,D,76,INFLOW,20250409 0000,20250409 0000,8293, ,CFS
FOL,D,76,INFLOW,20250410 0000,20250410 0000,8279, ,CFS
FOL,D,76,INFLOW,20250411 0000,20250411 0000,8695, ,CFS
FOL,D,76,INFLOW,20250412 0000,20250412 0000,7166, ,CFS
FOL,D,76,INFLOW,20250413 0000,20250413 0000,6846, ,CFS
FOL,D,76,INFLOW,20250414 0000,20250414 0000,7193, ,CFS
FOL,D,76,INFLOW,20250415 0000,20250415 0000,6678, ,CFS
FOL,D,76,INFLOW,20250416 0000,20250416 0000,6466, ,CFS
FOL,D,76,INFLOW,20250417 0000,20250417 0000,6691, ,CFS
FOL,D,76,INFLOW,20250418 0000,20250418 0000,6291, ,CFS
FOL,D,76,INFLOW,20250419 0000,20250419 0000,5696, ,CFS
FOL,D,76,INFLOW,20250420 0000,20250420 0000,5519, ,CFS
FOL,D,76,INFLOW,20250421 0000,20250421 0000,6033, ,CFS
FOL,D,76,INFLOW,20250422 0000,20250422 0000,5528, ,CFS
FOL,D,76,INFLOW,20250423 0000,20250423 0000,5093, ,CFS
FOL,D,76,INFLOW,20250424 0000,20250424 0000,5585, ,CFS
FOL,D,76,INFLOW,20250425 0000,20250425 0000,5526, ,CFS
FOL,D,76,INFLOW,20250426 0000,20250426 0000,4977, ,CFS
FOL,D,76,INFLOW,20250427 0000,20250427 0000,4889, ,CFS
FOL,D,76,INFLOW,20250428 0000,20250428 0000,4269, ,CFS
FOL,D,76,INFLOW,20250429 0000,20250429 0000,3787, ,CFS
FOL,D,76,INFLOW,20250430 0000,20250430 0000,3512, ,CFS
FOL,D,76,INFLOW,20250501 0000,20250501 0000,4825, ,CFS
FOL,D,76,INFLOW,20250502 0000,20250502 0000,4584, ,CFS
FOL,D,76,INFLOW,20250503 0000,20250503 0000,4702, ,CFS
FOL,D,76,INFLOW,20250504 0000,20250504 0000,5080, ,CFS
FOL,D,76,INFLOW,20250505 0000,20250505 0000,5294, ,CFS
FOL,D,76,INFLOW,20250506 0000,20250506 0000,5005, ,CFS
FOL,D,76,INFLOW,20250507 0000,20250507 0000,4936, ,CFS
FOL,D,76,INFLOW,20250508 0000,20250508 0000,4480, ,CFS
FOL,D,76,INFLOW,20250509 0000,20250509 0000,4661, ,CFS
FOL,D,76,INFLOW,20250510 0000,20250510 0000,5234, ,CFS
FOL,D,76,INFLOW,20250511 0000,20250511 0000,4979, ,CFS
FOL,D,76,INFLOW,20250512 0000,20250512 0000,4666, ,CFS
FOL,D,76,INFLOW,20250513 0000,20250513 0000,4353, ,CFS
FOL,D,76,INFLOW,20250514 0000,20250514 0000,4317, ,CFS
FOL,D,76,INFLOW,20250515 0000,20250515 0000,3663, ,CFS
FOL,D,76,INFLOW,20250516 0000,20250516 0000,3855, ,CFS
FOL,D,76,INFLOW,20250517 0000,20250517 0000,3815, ,CFS
FOL,D,76,INFLOW,20250518 0000,20250518 0000,3393, ,CFS
FOL,D,76,INFLOW,20250519 0000,20250519 0000,3252, ,CFS
FOL,D,76,INFLOW,20250520 0000,20250520 0000,3352, ,CFS
FOL,D,76,INFLOW,20250521 0000,20250521 0000,3837, ,CFS
FOL,D,76,INFLOW,20250522 0000,20250522 0000,3734, ,CFS
FOL,D,76,INFLOW,20250523 0000,20250523 0000,3583, ,CFS
FOL,D,76,INFLOW,20250524 0000,20250524 0000,3950, ,CFS
FOL,D,76,INFLOW,20250525 0000,20250525 0000,3508, ,CFS
FOL,D,76,INFLOW,20250526 0000,20250526 0000,3151, ,CFS
FOL,D,76,INFLOW,20250527 0000,20250527 0000,3452, ,CFS
FOL,D,76,INFLOW,20250528 0000,20250528 0000,3565, ,CFS
FOL,D,76,INFLOW,20250529 0000,20250529 0000,3249, ,CFS
FOL,D,76,INFLOW,20250530 0000,20250530 0000,2527, ,CFS
FOL,D,76,INFLOW,20250531 0000,20250531 0000,3031, ,CFS
FOL,D,76,INFLOW,20250601 0000,20250601 0000,2641, ,CFS
FOL,D,76,INFLOW,20250602 0000,20250602 0000,2457, ,CFS
FOL,D,76,INFLOW,20250603 0000,20250603 0000,2557, ,CFS
FOL,D,76,INFLOW,20250604 0000,20250604 0000,2035, ,CFS
FOL,D,76,INFLOW,20250605 0000,20250605 0000,2383, ,CFS
FOL,D,76,INFLOW,20250606 0000,20250606 0000,1999, ,CFS
FOL,D,76,INFLOW,20250607 0000,20250607 0000,2459, ,CFS
FOL,D,76,INFLOW,20250608 0000,20250608 0000,1819, ,CFS
FOL,D,76,INFLOW,20250609 0000,20250609 0000,1635, ,CFS
FOL,D,76,INFLOW,20250610 0000,20250610 0000,2433, ,CFS
FOL,D,76,INFLOW,20250611 0000,20250611 0000,1847, ,CFS
FOL,D,76,INFLOW,20250612 0000,20250612 0000,1639, ,CFS
FOL,D,76,INFLOW,20250613 0000,20250613 0000,1936, ,CFS
FOL,D,76,INFLOW,20250614 0000,20250614 0000,1623, ,CFS
FOL,D,76,INFLOW,20250615 0000,20250615 0000,1434, ,CFS
FOL,D,76,INFLOW,20250616 0000,20250616 0000,1489, ,CFS
FOL,D,76,INFLOW,20250617 0000,20250617 0000,1237, ,CFS
FOL,D,76,INFLOW,20250618 0000,20250618 0000,1022, ,CFS
FOL,D,76,INFLOW,20250619 0000,20250619 0000,1362, ,CFS
FOL,D,76,INFLOW,20250620 0000,20250620 0000,1018, ,CFS
FOL,D,76,INFLOW,20250621 0000,20250621 0000,1433, ,CFS
FOL,D,76,INFLOW,20250622 0000,20250622 0000,1330, ,CFS
FOL,D,76,INFLOW,20250623 0000,20250623 0000,1023, ,CFS
FOL,D,76,INFLOW,20250624 0000,20250624 0000,1041, ,CFS
FOL,D,76,INFLOW,20250625 0000,20250625 0000,884, ,CFS
FOL,D,76,INFLOW,20250626 0000,20250626 0000,1104, ,CFS
FOL,D,76,INFLOW,20250627 0000,20250627 0000,1062, ,CFS
FOL,D,76,INFLOW,20250628 0000,20250628 0000,1662, ,CFS
FOL,D,76,INFLOW,20250629 0000,20250629 0000,1373, ,CFS
FOL,D,76,INFLOW,20250630 0000,20250630 0000,956, ,CFS
FOL,D,76,INFLOW,20250701 0000,20250701 0000,1255, ,CFS
FOL,D,76,INFLOW,20250702 0000,20250702 0000,1021, ,CFS
FOL,D,76,INFLOW,20250703 0000,20250703 0000,1025, ,CFS
FOL,D,76,INFLOW,20250704 0000,20250704 0000,931, ,CFS
FOL,D,76,INFLOW,20250705 0000,20250705 0000,1430, ,CFS
FOL,D,76,INFLOW,20250706 0000,20250706 0000,1290, ,CFS
FOL,D,76,INFLOW,20250707 0000,20250707 0000,900, ,CFS
FOL,D,76,INFLOW,20250708 0000,20250708 0000,1063, ,CFS
FOL,D,76,INFLOW,20250709 0000,20250709 0000,907, ,CFS
FOL,D,76,INFLOW,20250710 0000,20250710 0000,1067, ,CFS
FOL,D,76,INFLOW,20250711 0000,20250711 0000,1206, ,CFS
FOL,D,76,INFLOW,20250712 0000,20250712 0000,1908, ,CFS
FOL,D,76,INFLOW,20250713 0000,20250713 0000,1300, ,CFS
FOL,D,76,INFLOW,20250714 0000,20250714 0000,1058, ,CFS
FOL,D,76,INFLOW,20250715 0000,20250715 0000,983, ,CFS
FOL,D,76,INFLOW,20250716 0000,20250716 0000,623, ,CFS
FOL,D,76,INFLOW,20250717 0000,20250717 0000,1074, ,CFS
FOL,D,76,INFLOW,20250718 0000,20250718 0000,1064, ,CFS
FOL,D,76,INFLOW,20250719 0000,20250719 0000,1590, ,CFS
FOL,D,76,INFLOW,20250720 0000,20250720 0000,1148, ,CFS
FOL,D,76,INFLOW,20250721 0000,20250721 0000,877, ,CFS
FOL,D,76,INFLOW,20250722 0000,20250722 0000,889, ,CFS
FOL,D,76,INFLOW,20250723 0000,20250723 0000,684, ,CFS
FOL,D,76,INFLOW,20250724 0000,20250724 0000,860, ,CFS
FOL,D,76,INFLOW,20250725 0000,20250725 0000,926, ,CFS
FOL,D,76,INFLOW,20250726 0000,20250726 0000,1188, ,CFS
FOL,D,76,INFLOW,20250727 0000,20250727 0000,1176, ,CFS
FOL,D,76,INFLOW,20250728 0000,20250728 0000,875, ,CFS
FOL,D,76,INFLOW,20250729 0000,20250729 0000,1272, ,CFS
FOL,D,76,INFLOW,20250730 0000,20250730 0000,1182, ,CFS
FOL,D,76,INFLOW,20250731 0000,20250731 0000,1083, ,CFS
FOL,D,76,INFLOW,20250801 0000,20250801 0000,1169, ,CFS
FOL,D,76,INFLOW,20250802 0000,20250802 0000,1545, ,CFS
FOL,D,76,INFLOW,20250803 0000,20250803 0000,1341, ,CFS
FOL,D,76,INFLOW,20250804 0000,20250804 0000,1030, ,CFS
FOL,D,76,INFLOW,20250805 0000,20250805 0000,1140, ,CFS
FOL,D,76,INFLOW,20250806 0000,20250806 0000,1070, ,CFS
FOL,D,76,INFLOW,20250807 0000,20250807 0000,1495, ,CFS
FOL,D,76,INFLOW,20250808 0000,20250808 0000,1312, ,CFS
FOL,D,76,INFLOW,20250809 0000,20250809 0000,1666, ,CFS
FOL,D,76,INFLOW,20250810 0000,20250810 0000,1731, ,CFS
FOL,D,76,INFLOW,20250811 0000,20250811 0000,1318, ,CFS
FOL,D,76,INFLOW,20250812 0000,20250812 0000,1442, ,CFS
FOL,D,76,INFLOW,20250813 0000,20250813 0000,1332, ,CFS
FOL,D,76,INFLOW,20250814 0000,20250814 0000,1225, ,CFS
FOL,D,76,INFLOW,20250815 0000,20250815 0000,1412, ,CFS
FOL,D,76,INFLOW,20250816 0000,20250816 0000,1764, ,CFS
FOL,D,76,INFLOW,20250817 0000,20250817 0000,1621, ,CFS
FOL,D,76,INFLOW,20250818 0000,20250818 0000,1172, ,CFS
FOL,D,76,INFLOW,20250819 0000,20250819 0000,1534, ,CFS
FOL,D,76,INFLOW,20250820 0000,20250820 0000,941, ,CFS
FOL,D,76,INFLOW,20250821 0000,20250821 0000,1482, ,CFS
FOL,D,76,INFLOW,20250822 0000,20250822 0000,1669, ,CFS
FOL,D,76,INFLOW,20250823 0000,20250823 0000,2143, ,CFS
FOL,D,76,INFLOW,20250824 0000,20250824 0000,1852, ,CFS
FOL,D,76,INFLOW,20250825 0000,20250825 0000,1261, ,CFS
FOL,D,76,INFLOW,20250826 0000,20250826 0000,1835, ,CFS
FOL,D,76,INFLOW,20250827 0000,20250827 0000,1136, ,CFS
FOL,D,76,INFLOW,20250828 0000,20250828 0000,1429, ,CFS
FOL,D,76,INFLOW,20250829 0000,20250829 0000,1458, ,CFS
FOL,D,76,INFLOW,20250830 0000,20250830 0000,1622, ,CFS
FOL,D,76,INFLOW,20250831 0000,20250831 0000,1541, ,CFS
FOL,D,76,INFLOW,20250901 0000,20250901 0000,1305, ,CFS
FOL,D,76,INFLOW,20250902 0000,20250902 0000,2210, ,CFS
FOL,D,76,INFLOW,20250903 0000,20250903 0000,2014, ,CFS
FOL,D,76,INFLOW,20250904 0000,20250904 0000,1941, ,CFS
FOL,D,76,INFLOW,20250905 0000,20250905 0000,1450, ,CFS
FOL,D,76,INFLOW,20250906 0000,20250906 0000,1381, ,CFS
FOL,D,76,INFLOW,20250907 0000,20250907 0000,1397, ,CFS
FOL,D,76,INFLOW,20250908 0000,20250908 0000,1098, ,CFS
FOL,D,76,INFLOW,20250909 0000,20250909 0000,1198, ,CFS
FOL,D,76,INFLOW,20250910 0000,20250910 0000,1144, ,CFS
FOL,D,76,INFLOW,20250911 0000,20250911 0000,1420, ,CFS
FOL,D,76,INFLOW,20250912 0000,20250912 0000,1724, ,CFS
FOL,D,76,INFLOW,20250913 0000,20250913 0000,1681, ,CFS
FOL,D,76,INFLOW,20250914 0000,20250914 0000,1364, ,CFS
FOL,D,76,INFLOW,20250915 0000,20250915 0000,1002, ,CFS
FOL,D,76,INFLOW,20250916 0000,20250916 0000,1777, ,CFS
FOL,D,76,INFLOW,20250917 0000,20250917 0000,1596, ,CFS
FOL,D,76,INFLOW,20250918 0000,20250918 0000,1775, ,CFS
FOL,D,76,INFLOW,20250919 0000,20250919 0000,1697, ,CFS
FOL,D,76,INFLOW,20250920 0000,20250920 0000,2115, ,CFS
FOL,D,76,INFLOW,20250921 0000,20250921 0000,1612, ,CFS
FOL,D,76,INFLOW,20250922 0000,20250922 0000,1235, ,CFS
FOL,D,76,INFLOW,20250923 0000,20250923 0000,1763, ,CFS
FOL,D,76,INFLOW,20250924 0000,20250924 0000,1890, ,CFS
FOL,D,76,INFLOW,20250925 0000,20250925 0000,1470, ,CFS
FOL,D,76,INFLOW,20250926 0000,20250926 0000,1220, ,CFS
FOL,D,76,INFLOW,20250927 0000,20250927 0000,1466, ,CFS
FOL,D,76,INFLOW,20250928 0000,20250928 0000,1353, ,CFS
FOL,D,76,INFLOW,20250929 0000,20250929 0000,---, ,CFS
FOL,D,76,INFLOW,20250930 0000,20250930 0000,1174, ,CFS
FOL,D,76,INFLOW,20251001 0000,20251001 0000,1086, ,CFS
FOL,D,76,INFLOW,20251002 0000,20251002 0000,1683, ,CFS
FOL,D,76,INFLOW,20251003 0000,20251003 0000,1579, ,CFS
FOL,D,76,INFLOW,20251004 0000,20251004 0000,1333, ,CFS
FOL,D,76,INFLOW,20251005 0000,20251005 0000,1187, ,CFS
FOL,D,76,INFLOW,20251006 0000,20251006 0000,1186, ,CFS
FOL,D,76,INFLOW,20251007 0000,20251007 0000,1055, ,CFS
FOL,D,76,INFLOW,20251008 0000,20251008 0000,764, ,CFS
FOL,D,76,INFLOW,20251009 0000,20251009 0000,767, ,CFS
FOL,D,76,INFLOW,20251010 0000,20251010 0000,1116, ,CFS
FOL,D,76,INFLOW,20251011 0000,20251011 0000,960, ,CFS
FOL,D,76,INFLOW,20251012 0000,20251012 0000,937, ,CFS
FOL,D,76,INFLOW,20251013 0000,20251013 0000,918, ,CFS
FOL,D,76,INFLOW,20251014 0000,20251014 0000,1290, ,CFS
FOL,D,76,INFLOW,20251015 0000,20251015 0000,895, ,CFS
FOL,D,76,INFLOW,20251016 0000,20251016 0000,669, ,CFS
FOL,D,76,INFLOW,20251017 0000,20251017 0000,818, ,CFS
FOL,D,76,INFLOW,20251018 0000,20251018 0000,874, ,CFS
FOL,D,76,INFLOW,20251019 0000,20251019 0000,871, ,CFS
FOL,D,76,INFLOW,20251020 0000,20251020 0000,822, ,CFS
FOL,D,76,INFLOW,20251021 0000,20251021 0000,627, ,CFS
FOL,D,76,INFLOW,20251022 0000,20251022 0000,555, ,CFS
FOL,D,76,INFLOW,20251023 0000,20251023 0000,692, ,CFS
FOL,D,76,INFLOW,20251024 0000,20251024 0000,963, ,CFS
FOL,D,76,INFLOW,20251025 0000,20251025 0000,785, ,CFS
FOL,D,76,INFLOW,20251026 0000,20251026 0000,920, ,CFS
FOL,D,76,INFLOW,20251027 0000,20251027 0000,---, ,CFS
FOL,D,76,INFLOW,20251028 0000,20251028 0000,807, ,CFS
FOL,D,76,INFLOW,20251029 0000,20251029 0000,876, ,CFS
FOL,D,76,INFLOW,20251030 0000,20251030 0000,799, ,CFS
FOL,D,76,INFLOW,20251031 0000,20251031 0000,846, ,CFS
FOL,D,76,INFLOW,20251101 0000,20251101 0000,821, ,CFS
FOL,D,76,INFLOW,20251102 0000,20251102 0000,766, ,CFS
FOL,D,76,INFLOW,20251103 0000,20251103 0000,775, ,CFS
FOL,D,76,INFLOW,20251104 0000,20251104 0000,775, ,CFS
FOL,D,76,INFLOW,20251105 0000,20251105 0000,950, ,CFS
FOL,D,76,INFLOW,20251106 0000,20251106 0000,838, ,CFS
FOL,D,76,INFLOW,20251107 0000,20251107 0000,655, ,CFS
FOL,D,76,INFLOW,20251108 0000,20251108 0000,825, ,CFS
FOL,D,76,INFLOW,20251109 0000,20251109 0000,1136, ,CFS
FOL,D,76,INFLOW,20251110 0000,20251110 0000,936, ,CFS
FOL,D,76,INFLOW,20251111 0000,20251111 0000,830, ,CFS
FOL,D,76,INFLOW,20251112 0000,20251112 0000,684, ,CFS
FOL,D,76,INFLOW,20251113 0000,20251113 0000,1870, ,CFS
FOL,D,76,INFLOW,20251114 0000,20251114 0000,2955, ,CFS
FOL,D,76,INFLOW,20251115 0000,20251115 0000,2594, ,CFS
FOL,D,76,INFLOW,20251116 0000,20251116 0000,3258, ,CFS
FOL,D,76,INFLOW,20251117 0000,20251117 0000,3644, ,CFS
FOL,D,76,INFLOW,20251118 0000,20251118 0000,2753, ,CFS
FOL,D,76,INFLOW,20251119 0000,20251119 0000,2410, ,CFS
FOL,D,76,INFLOW,20251120 0000,20251120 0000,2339, ,CFS
FOL,D,76,INFLOW,20251121 0000,20251121 0000,1881, ,CFS
FOL,D,76,INFLOW,20251122 0000,20251122 0000,1850, ,CFS
FOL,D,76,INFLOW,20251123 0000,20251123 0000,1679, ,CFS
FOL,D,76,INFLOW,20251124 0000,20251124 0000,1815, ,CFS
FOL,D,76,INFLOW,20251125 0000,20251125 0000,2735, ,CFS
FOL,D,76,INFLOW,20251126 0000,20251126 0000,2377, ,CFS
FOL,D,76,INFLOW,20251127 0000,20251127 0000,1718, ,CFS
FOL,D,76,INFLOW,20251128 0000,20251128 0000,1844, ,CFS
FOL,D,76,INFLOW,20251129 0000,20251129 0000,1480, ,CFS
FOL,D,76,INFLOW,20251130 0000,20251130 0000,1644, ,CFS
FOL,D,76,INFLOW,20251201 0000,20251201 0000,1659, ,CFS
FOL,D,76,INFLOW,20251202 0000,20251202 0000,1430, ,CFS
FOL,D,76,INFLOW,20251203 0000,20251203 0000,1878, ,CFS
FOL,D,76,INFLOW,20251204 0000,20251204 0000,1700, ,CFS
FOL,D,76,INFLOW,20251205 0000,20251205 0000,857, ,CFS
FOL,D,76,INFLOW,20251206 0000,20251206 0000,1482, ,CFS
FOL,D,76,INFLOW,20251207 0000,20251207 0000,1636, ,CFS
FOL,D,76,INFLOW,20251208 0000,20251208 0000,1659, ,CFS
FOL,D,76,INFLOW,20251209 0000,20251209 0000,1087, ,CFS
FOL,D,76,INFLOW,20251210 0000,20251210 0000,857, ,CFS
FOL,D,76,INFLOW,20251211 0000,20251211 0000,1218, ,CFS
FOL,D,76,INFLOW,20251212 0000,20251212 0000,1238, ,CFS
FOL,D,76,INFLOW,20251213 0000,20251213 0000,1318, ,CFS
FOL,D,76,INFLOW,20251214 0000,20251214 0000,1020, ,CFS
FOL,D,76,INFLOW,20251215 0000,20251215 0000,1036, ,CFS
FOL,D,76,INFLOW,20251216 0000,20251216 0000,1517, ,CFS
FOL,D,76,INFLOW,20251217 0000,20251217 0000,1836, ,CFS
FOL,D,76,INFLOW,20251218 0000,20251218 0000,2410, ,CFS
FOL,D,76,INFLOW,20251219 0000,20251219 0000,3272, ,CFS
FOL,D,76,INFLOW,20251220 0000,20251220 0000,3220, ,CFS
FOL,D,76,INFLOW,20251221 0000,20251221 0000,8970, ,CFS
FOL,D,76,INFLOW,20251222 0000,20251222 0000,21921, ,CFS
FOL,D,76,INFLOW,20251223 0000,20251223 0000,12809, ,CFS
FOL,D,76,INFLOW,20251224 0000,20251224 0000,13483, ,CFS
FOL,D,76,INFLOW,20251225 0000,20251225 0000,19285, ,CFS
FOL,D,76,INFLOW,20251226 0000,20251226 0000,17229, ,CFS
FOL,D,76,INFLOW,20251227 0000,20251227 0000,11015, ,CFS
FOL,D,76,INFLOW,20251228 0000,20251228 0000,7668, ,CFS
FOL,D,76,INFLOW,20251229 0000,20251229 0000,6506, ,CFS
FOL,D,76,INFLOW,20251230 0000,20251230 0000,5862, ,CFS
FOL,D,76,INFLOW,20251231 0000,20251231 0000,5320, ,CFS
FOL,D,76,INFLOW,20260101 0000,20260101 0000,8136, ,CFS
FOL,D,76,INFLOW,20260102 0000,20260102 0000,12248, ,CFS
FOL,D,76,INFLOW,20260103 0000,20260103 0000,13577, ,CFS
FOL,D,76,INFLOW,20260104 0000,20260104 0000,26006, ,CFS
FOL,D,76,INFLOW,20260105 0000,20260105 0000,18091, ,CFS
FOL,D,76,INFLOW,20260106 0000,20260106 0000,11414, ,CFS
FOL,D,76,INFLOW,20260107 0000,20260107 0000,8531, ,CFS
FOL,D,76,INFLOW,20260108 0000,20260108 0000,7142, ,CFS
FOL,D,76,INFLOW,20260109 0000,20260109 0000,5999, ,CFS
FOL,D,76,INFLOW,20260110 0000,20260110 0000,4364, ,CFS
FOL,D,76,INFLOW,20260111 0000,20260111 0000,4871, ,CFS
FOL,D,76,INFLOW,20260112 0000,20260112 0000,4573, ,CFS
FOL,D,76,INFLOW,20260113 0000,20260113 0000,4481, ,CFS
FOL,D,76,INFLOW,20260114 0000,20260114 0000,4163, ,CFS
FOL,D,76,INFLOW,20260115 0000,20260115 0000,4347, ,CFS
FOL,D,76,INFLOW,20260116 0000,20260116 0000,4305, ,CFS
FOL,D,76,INFLOW,20260117 0000,20260117 0000,4146, ,CFS
FOL,D,76,INFLOW,20260118 0000,20260118 0000,4000, ,CFS
FOL,D,76,INFLOW,20260119 0000,20260119 0000,3957, ,CFS
FOL,D,76,INFLOW,20260120 0000,20260120 0000,3927, ,CFS
FOL,D,76,INFLOW,20260121 0000,20260121 0000,3810, ,CFS
FOL,D,76,INFLOW,20260122 0000,20260122 0000,3497, ,CFS
FOL,D,76,INFLOW,20260123 0000,20260123 0000,3561, ,CFS
FOL,D,76,INFLOW,20260124 0000,20260124 0000,3433, ,CFS
FOL,D,76,INFLOW,20260125 0000,20260125 0000,3703, ,CFS
FOL,D,76,INFLOW,20260126 0000,20260126 0000,2987, ,CFS
FOL,D,76,INFLOW,20260127 0000,20260127 0000,2778, ,CFS
FOL,D,76,INFLOW,20260128 0000,20260128 0000,2485, ,CFS
FOL,D,76,INFLOW,20260129 0000,20260129 0000,2540, ,CFS
FOL,D,76,INFLOW,20260130 0000,20260130 0000,2376, ,CFS
FOL,D,76,INFLOW,20260131 0000,20260131 0000,2774, ,CFS
FOL,D,76,INFLOW,20260201 0000,20260201 0000,2520, ,CFS
FOL,D,76,INFLOW,20260202 0000,20260202 0000,2045, ,CFS
FOL,D,76,INFLOW,20260203 0000,20260203 0000,2357, ,CFS
FOL,D,76,INFLOW,20260204 0000,20260204 0000,2247, ,CFS
FOL,D,76,INFLOW,20260205 0000,20260205 0000,2537, ,CFS
FOL,D,76,INFLOW,20260206 0000,20260206 0000,2398, ,CFS
FOL,D,76,INFLOW,20260207 0000,20260207 0000,2156, ,CFS
FOL,D,76,INFLOW,20260208 0000,20260208 0000,---, ,CFS
FOL,D,76,INFLOW,20260209 0000,20260209 0000,2114, ,CFS
FOL,D,76,INFLOW,20260210 0000,20260210 0000,2796, ,CFS
FOL,D,76,INFLOW,20260211 0000,20260211 0000,2480, ,CFS
FOL,D,76,INFLOW,20260212 0000,20260212 0000,2589, ,CFS
FOL,D,76,INFLOW,20260213 0000,20260213 0000,2601, ,CFS
FOL,D,76,INFLOW,20260214 0000,20260214 0000,2171, ,CFS
FOL,D,76,INFLOW,20260215 0000,20260215 0000,2002, ,CFS
FOL,D,76,INFLOW,20260216 0000,20260216 0000,7386, ,CFS
FOL,D,76,INFLOW,20260217 0000,20260217 0000,9874, ,CFS
FOL,D,76,INFLOW,20260218 0000,20260218 0000,7427, ,CFS
FOL,D,76,INFLOW,20260219 0000,20260219 0000,7647, ,CFS
FOL,D,76,INFLOW,20260220 0000,20260220 0000,6149, ,CFS
FOL,D,76,INFLOW,20260221 0000,20260221 0000,4767, ,CFS
FOL,D,76,INFLOW,20260222 0000,20260222 0000,4186, ,CFS
FOL,D,76,INFLOW,20260223 0000,20260223 0000,4362, ,CFS
FOL,D,76,INFLOW,20260224 0000,20260224 0000,5189, ,CFS
FOL,D,76,INFLOW,20260225 0000,20260225 0000,14675, ,CFS
FOL,D,76,INFLOW,20260226 0000,20260226 0000,13991, ,CFS
FOL,D,76,INFLOW,20260227 0000,20260227 0000,11581, ,CFS
FOL,D,76,INFLOW,20260228 0000,20260228 0000,11613, ,CFS
FOL,D,76,INFLOW,20260301 0000,20260301 0000,11373, ,CFS
FOL,D,76,INFLOW,20260302 0000,20260302 0000,10523, ,CFS
FOL,D,76,INFLOW,20260303 0000,20260303 0000,8862, ,CFS
FOL,D,76,INFLOW,20260304 0000,20260304 0000,7259, ,CFS
FOL,D,76,INFLOW,20260305 0000,20260305 0000,6269, ,CFS
FOL,D,76,INFLOW,20260306 0000,20260306 0000,6110, ,CFS
FOL,D,76,INFLOW,20260307 0000,20260307 0000,5467, ,CFS
FOL,D,76,INFLOW,20260308 0000,20260308 0000,5292, ,CFS
FOL,D,76,INFLOW,20260309 0000,20260309 0000,5512, ,CFS
FOL,D,76,INFLOW,20260310 0000,20260310 0000,5385, ,CFS
FOL,D,76,INFLOW,20260311 0000,20260311 0000,4829, ,CFS
FOL,D,76,INFLOW,20260312 0000,20260312 0000,4687, ,CFS
FOL,D,76,INFLOW,20260313 0000,20260313 0000,4681, ,CFS
FOL,D,76,INFLOW,20260314 0000,20260314 0000,4373, ,CFS
FOL,D,76,INFLOW,20260315 0000,20260315 0000,4092, ,CFS
FOL,D,76,INFLOW,20260316 0000,20260316 0000,4131, ,CFS
FOL,D,76,INFLOW,20260317 0000,20260317 0000,4304, ,CFS
FOL,D,76,INFLOW,20260318 0000,20260318 0000,4101, ,CFS
FOL,D,76,INFLOW,20260319 0000,20260319 0000,4308, ,CFS
FOL,D,76,INFLOW,20260320 0000,20260320 0000,4486, ,CFS
FOL,D,76,INFLOW,20260321 0000,20260321 0000,4674, ,CFS
FOL,D,76,INFLOW,20260322 0000,20260322 0000,4139, ,CFS
FOL,D,76,INFLOW,20260323 0000,20260323 0000,3936, ,CFS
FOL,D,76,INFLOW,20260324 0000,20260324 0000,2967, ,CFS
FOL,D,76,INFLOW,20260325 0000,20260325 0000,3402, ,CFS
FOL,D,76,INFLOW,20260326 0000,20260326 0000,3040, ,CFS
FOL,D,76,INFLOW,20260327 0000,20260327 0000,3346, ,CFS
FOL,D,76,INFLOW,20260328 0000,20260328 0000,3373, ,CFS
FOL,D,76,INFLOW,20260329 0000,20260329 0000,2760, ,CFS
FOL,D,76,INFLOW,20260330 0000,20260330 0000,2683, ,CFS
FOL,D,76,INFLOW,20260331 0000,20260331 0000,3145, ,CFS
FOL,D,76,INFLOW,20260401 0000,20260401 0000,5606, ,CFS
FOL,D,76,INFLOW,20260402 0000,20260402 0000,9894, ,CFS
FOL,D,76,INFLOW,20260403 0000,20260403 0000,6536, ,CFS
FOL,D,76,INFLOW,20260404 0000,20260404 0000,4810, ,CFS
FOL,D,76,INFLOW,20260405 0000,20260405 0000,4218, ,CFS
FOL,D,76,INFLOW,20260406 0000,20260406 0000,3368, ,CFS
FOL,D,76,INFLOW,20260407 0000,20260407 0000,3983, ,CFS
FOL,D,76,INFLOW,20260408 0000,20260408 0000,3323, ,CFS
FOL,D,76,INFLOW,20260409 0000,20260409 0000,2918, ,CFS
FOL,D,76,INFLOW,20260410 0000,20260410 0000,4889, ,CFS
FOL,D,76,INFLOW,20260411 0000,20260411 0000,6504, ,CFS
FOL,D,76,INFLOW,20260412 0000,20260412 0000,10563, ,CFS
FOL,D,76,INFLOW,20260413 0000,20260413 0000,10661, ,CFS
FOL,D,76,INFLOW,20260414 0000,20260414 0000,8365, ,CFS
FOL,D,76,INFLOW,20260415 0000,20260415 0000,6984, ,CFS
FOL,D,76,INFLOW,20260416 0000,20260416 0000,7577,r,CFS
FOL,D,76,INFLOW,20260417 0000,20260417 0000,7558, ,CFS
FOL,D,76,INFLOW,20260418 0000,20260418 0000,6851, ,CFS
FOL,D,76,INFLOW,20260419 0000,20260419 0000,6544, ,CFS
FOL,D,76,INFLOW,20260420 0000,20260420 0000,7136, ,CFS
FOL,D,76,INFLOW,20260421 0000,20260421 0000,9388, ,CFS
FOL,D,76,INFLOW,20260422 0000,20260422 0000,8777, ,CFS
FOL,D,76,INFLOW,20260423 0000,20260423 0000,7318, ,CFS
FOL,D,76,INFLOW,20260424 0000,20260424 0000,7469, ,CFS
FOL,D,76,INFLOW,20260425 0000,20260425 0000,7524, ,CFS
FOL,D,76,INFLOW,20260426 0000,20260426 0000,6716, ,CFS
FOL,D,76,INFLOW,20260427 0000,20260427 0000,6036, ,CFS
FOL,D,76,INFLOW,20260428 0000,20260428 0000,5920, ,CFS
FOL,D,76,INFLOW,20260429 0000,20260429 0000,6028, ,CFS
FOL,D,76,INFLOW,20260430 0000,20260430 0000,5975, ,CFS
FOL,D,76,INFLOW,20260501 0000,20260501 0000,5851, ,CFS
FOL,D,76,INFLOW,20260502 0000,20260502 0000,4939, ,CFS
FOL,D,76,INFLOW,20260503 0000,20260503 0000,4822, ,CFS
FOL,D,76,INFLOW,20260504 0000,20260504 0000,5413, ,CFS
FOL,D,76,INFLOW,20260505 0000,20260505 0000,6146, ,CFS
FOL,D,76,INFLOW,20260506 0000,20260506 0000,5821, ,CFS
FOL,D,76,INFLOW,20260507 0000,20260507 0000,5216, ,CFS
FOL,D,76,INFLOW,20260508 0000,20260508 0000,4671, ,CFS
FOL,D,76,INFLOW,20260509 0000,20260509 0000,4585, ,CFS
FOL,D,76,INFLOW,20260510 0000,20260510 0000,4756, ,CFS
FOL,D,76,INFLOW,20260511 0000,20260511 0000,4657, ,CFS
FOL,D,76,INFLOW,20260512 0000,20260512 0000,4227, ,CFS
FOL,D,76,INFLOW,20260513 0000,20260513 0000,3860, ,CFS
FOL,D,76,INFLOW,20260514 0000,20260514 0000,3182, ,CFS
FOL,D,76,INFLOW,20260515 0000,20260515 0000,3004, ,CFS
FOL,D,76,INFLOW,20260516 0000,20260516 0000,2962, ,CFS
FOL,D,76,INFLOW,20260517 0000,20260517 0000,2504, ,CFS
FOL,D,76,INFLOW,20260518 0000,20260518 0000,2273, ,CFS
FOL,D,76,INFLOW,20260519 0000,20260519 0000,2803, ,CFS
FOL,D,76,INFLOW,20260520 0000,20260520 0000,2922, ,CFS
FOL,D,76,INFLOW,20260521 0000,20260521 0000,2914, ,CFS
FOL,D,76,INFLOW,20260522 0000,20260522 0000,2442, ,CFS
FOL,D,76,INFLOW,20260523 0000,20260523 0000,2378, ,CFS
FOL,D,76,INFLOW,20260524 0000,20260524 0000,2140, ,CFS
FOL,D,76,INFLOW,20260525 0000,20260525 0000,1856, ,CFS
FOL,D,76,INFLOW,20260526 0000,20260526 0000,1717, ,CFS
FOL,D,76,INFLOW,20260527 0000,20260527 0000,---, ,CFS
FOL,D,76,INFLOW,20260528 0000,20260528 0000,2199, ,CFS
FOL,D,76,INFLOW,20260529 0000,20260529 0000,2211, ,CFS
FOL,D,76,INFLOW,20260530 0000,20260530 0000,2527, ,CFS
FOL,D,76,INFLOW,20260531 0000,20260531 0000,2055, ,CFS
FOL,D,76,INFLOW,20260601 0000,20260601 0000,1846, ,CFS
FOL,D,76,INFLOW,20260602 0000,20260602 0000,1811, ,CFS
FOL,D,76,INFLOW,20260603 0000,20260603 0000,1595, ,CFS
FOL,D,76,INFLOW,20260604 0000,20260604 0000,1853, ,CFS
FOL,D,76,INFLOW,20260605 0000,20260605 0000,1603, ,CFS
FOL,D,76,INFLOW,20260606 0000,20260606 0000,2074, ,CFS
FOL,D,76,INFLOW,20260607 0000,20260607 0000,1717, ,CFS
FOL,D,76,INFLOW,20260608 0000,20260608 0000,1447, ,CFS
FOL,D,76,INFLOW,20260609 0000,20260609 0000,1524, ,CFS
FOL,D,76,INFLOW,20260610 0000,20260610 0000,1356, ,CFS
FOL,D,76,INFLOW,20260611 0000,20260611 0000,1578, ,CFS
FOL,D,76,INFLOW,20260612 0000,20260612 0000,1783, ,CFS
FOL,D,76,INFLOW,20260613 0000,20260613 0000,1996, ,CFS
FOL,D,76,INFLOW,20260614 0000,20260614 0000,1778, ,CFS
FOL,D,76,INFLOW,20260615 0000,20260615 0000,1506, ,CFS
FOL,D,76,INFLOW,20260616 0000,20260616 0000,1566, ,CFS
FOL,D,76,INFLOW,20260617 0000,20260617 0000,1316, ,CFS
FOL,D,76,INFLOW,20260618 0000,20260618 0000,1349, ,CFS
FOL,D,76,INFLOW,20260619 0000,20260619 0000,1620, ,CFS
FOL,D,76,INFLOW,20260620 0000,20260620 0000,1438, ,CFS
FOL,D,76,INFLOW,20260621 0000,20260621 0000,1535, ,CFS
FOL,D,76,INFLOW,20260622 0000,20260622 0000,1325, ,CFS
FOL,D,76,INFLOW,20260623 0000,20260623 0000,1520, ,CFS
FOL,D,76,INFLOW,20260624 0000,20260624 0000,1199, ,CFS
FOL,D,76,INFLOW,20260625 0000,20260625 0000,1235, ,CFS
FOL,D,76,INFLOW,20260626 0000,20260626 0000,1182, ,CFS
FOL,D,76,INFLOW,20260627 0000,20260627 0000,1444, ,CFS
FOL,D,76,INFLOW,20260628 0000,20260628 0000,1432, ,CFS
FOL,D,76,INFLOW,20260629 0000,20260629 0000,1255, ,CFS
FOL,D,76,INFLOW,20260630 0000,20260630 0000,1285, ,CFS
FOL,D,76,INFLOW,20260701 0000,20260701 0000,968, ,CFS
FOL,D,76,INFLOW,20260702 0000,20260702 0000,1250, ,CFS
FOL,D,76,INFLOW,20260703 0000,20260703 0000,1209, ,CFS
FOL,D,76,INFLOW,20260704 0000,20260704 0000,1729, ,CFS
FOL,D,76,INFLOW,20260705 0000,20260705 0000,1702, ,CFS
FOL,D,76,INFLOW,20260706 0000,20260706 0000,1215, ,CFS
FOL,D,76,INFLOW,20260707 0000,20260707 0000,---, ,CFS
